6
19
29
34
37
49
55
71
74
92
100
102
114
116
118
147
149
157
168
176
183
185
190
202
208
231
235
239
250
251
252
253
274
280
284
288
291
295
299
310
316
331
334
337
340
344
348
354
359
363
367
380
390
392
402
411
422
431
434
489
496
501
503
519
528
530
540
544
553
562
568
572
581
588
606
608
613
627
634
661
663
675
679
695
708
710
731
735
742
760
766
767
770
781
788
799
833
837
844
845
847
852
853
860
862
864
867
897
900
907
931
934
937
939
940
955
961
964
966
972
977
992
993
1007
1017
1018
1022
1028
1036
1041
1043
1055
1060
1085
1088
1091
1107
1115
1122
1129
1139
1142
1153
1165
1173
1182
1199
1207
1226
1227
1229
1267
1273
1282
1285
1298
1301
1305
1312
1318
1321
1327
1334
1357
1358
1362
1372
1376
1381
1386
1395
1398
1411
1416
1431
1432
1434
1448
1449
1465
1486
1490
1529
1537
1540
1552
1554
1565
1566
1589
1615
1620
1637
1646
1648
1650
1654
1678
1691
1707
1713
1717
1729
1742
1743
1768
1769
1775
1799
1809
1834
1842
1843
1852
1871
1875
1881
1891
1896
1911
1914
1920
1930
1941
1954
1957
1996
2007
2038
2040
2045
2049
2055
2067
2080
2087
2093
2110
2112
2122
2146
2151
2156
2157
2160
2183
2184
2185
2187
2202
2204
2233
2236
2244
2247
2279
2281
2284
2290
2301
2310
2320
2326
2340
2344
2402
2414
2420
2428
2470
2497
2498
2519
2558
2560
2569
2602
2620
2634
2635
2653
2661
2664
2668
2675
2676
2691
2696
2705
2719
2727
2733
2746
2770
2776
2779
2784
2790
2791
2796
2812
2822
2831
2838
2849
2857
2858
2864
2869
2876
2880
2886
2888
2895
2898
2903
2931
2941
2968
2975
2980
2990
3031
3045
3054
3057
3065
3070
3080
3085
3091
3094
3095
3113
3129
3137
3143
3144
3153
3164
3174
3182
3189
3200
3208
3209
3227
3229
3231
3239
3246
3264
3310
3342
3345
3349
3377
3386
3430
3431
3452
3457
3465
3466
3468
3470
3473
3479
3482
3486
3500
3510
3516
3519
3534
3538
3543
3545
3547
3595
3623
3633
3644
3656
3665
3669
3671
3684
3697
3708
3714
3719
3734
3748
3769
3777
3787
3805
3816
3818
3826
3855
3864
3866
3867
3894
3912
3918
3928
3931
3944
3946
3981
3984
4021
4023
4024
4034
4041
4067
4068
4074
4090
4095
4101
4108
4109
4114
4126
4135
4136
4139
4161
4185
4191
4203
4222
4234
4238
4251
4252
4276
4307
4346
4366
4376
4388
4432
4452
4453
4454
4455
4464
4469
4476
4477
4485
4488
4492
4500
4503
4516
4534
4538
4541
4553
4563
4564
4567
4592
4610
4612
4624
4644
4646
4654
4655
4663
4711
4718
4735
4739
4742
4765
4788
4814
4816
4826
4846
4847
4850
4866
4867
4873
4880
4885
4902
4909
4911
4929
4943
4944
4964
4977
4986
5003
5005
5006
5008
5022
5042
5048
5049
5057
5076
5093
5101
5116
5121
5124
5128
5136
5139
5142
5150
5161
5162
5167
5184
5209
5210
5219
5224
5225
5230
5245
5262
5263
5273
5278
5298
5305
5312
5313
5323
5349
5367
5378
5383
5385
5410
5413
5446
5455
5461
5464
5478
5483
5495
5496
5507
5516
5520
5539
5562
5568
5603
5626
5635
5640
5671
5672
5692
5693
5696
5711
5716
5717
5753
5754
5756
5759
5764
5767
5785
5791
5873
5874
5878
5889
5931
5945
5967
5980
5993
6009
6013
6026
6033
6041
6045
6050
6069
6072
6075
6087
6093
6119
6149
6151
6159
6177
6180
6182
6197
6198
6200
6205
6209
6223
6238
6241
6252
6285
6291
6292
6293
6301
6313
6345
6350
6359
6360
6368
6376
6391
6413
6415
6419
6456
6489
6492
6500
6531
6536
6550
6558
6569
6584
6597
6606
6641
6706
6717
6782
6785
6796
6806
6814
6815
6820
6830
6845
6848
6882
6883
6887
6945
6947
6978
7001
7030
7033
7040
7048
7058
7059
7061
7074
7118
7140
7148
7149
7172
7178
7182
7183
7208
7209
7230
7233
7243
7261
7262
7266
7294
7309
7317
7321
7359
7363
7402
7415
7430
7462
7466
7468
7514
7528
7537
7560
7564
7567
7580
7608
7640
7641
7657
7669
7740
7756
7770
7774
7779
7799
7803
7812
7826
7836
7845
7894
7931
7933
7949
7982
7994
8016
8025
8029
8108
8109
8111
8124
8127
8184
8195
8207
8249
8256
8259
8292
8304
8310
8318
8321
8326
8329
8335
8343
8348
8352
8362
8366
8373
8379
8390
8416
8423
8493
8497
8514
8525
8540
8547
8566
8662
8666
8682
8692
8694
8702
8721
8733
8763
8765
8776
8794
8824
8833
8835
8845
8861
8866
8871
8876
8924
8946
8967
8970
8975
8981
8992
9000
9031
9047
9094
9113
9121
9136
9141
9151
9204
9206
9210
9212
9220
9241
9259
9304
9314
9316
9350
9369
9384
9419
9422
9427
9431
9459
9525
9537
9682
9703
9705
9709
9716
9780
9793
9828
9836
9840
9852
9861
9866
9877
9905
9934
9941
9951
9960
10010
10019
10040
10041
10042
10045
10067
10070
10098
10108
10109
10119
10146
10158
10197
10215
10231
10266
10296
10357
10373
10408
10412
10420
10421
10439
10457
10487
10502
10505
10508
10512
10524
10537
10559
10575
10610
10632
10641
10647
10659
10663
10679
10692
10696
10699
10735
10736
10742
10756
10760
10764
10771
10798
10821
10824
10856
10868
10886
10887
10894
10912
10934
10940
10972
11005
11019
11020
11052
11082
11087
11090
11117
11121
11124
11125
11177
11183
11184
11193
11250
11254
11278
11289
11314
11338
11354
11360
11371
11387
11405
11423
11435
11441
11446
11450
11455
11492
11511
11514
11533
11551
11578
11591
11600
11601
11603
11630
11638
11672
11706
11744
11780
11788
11801
11809
11819
11820
11821
11825
11851
11879
11880
11884
11902
11906
11911
11928
11959
11975
11980
11989
12031
12049
12075
12091
12112
12132
12158
12253
12258
12302
12346
12347
12368
12372
12412
12414
12455
12459
12539
12553
12558
12577
12603
12612
12623
12665
12678
12695
12702
12713
12726
12747
12765
12789
12830
12831
12841
12864
12885
12923
12952
12958
12962
13001
13021
13034
13043
13063
13071
13127
13149
13181
13199
13228
13235
13255
13285
13289
13294
13296
13322
13389
13432
13435
13488
13511
13535
13575
13584
13614
13649
13666
13668
13720
13721
13737
13762
13773
13778
13782
13786
13825
13860
13874
13929
13946
13972
13981
13983
13988
13990
14005
14037
14043
14061
14073
14084
14088
14092
14098
14169
14206
14279
14328
14329
14335
14342
14361
14364
14377
14417
14418
14433
14441
14456
14493
14520
14524
14550
14571
14572
14573
14575
14596
14609
14622
14699
14714
14746
14755
14763
14825
14844
14874
14877
14915
14952
14976
14989
15027
15157
15215
15218
15241
15333
15355
15379
15385
15433
15478
15513
15541
15545
15547
15548
15571
15592
15599
15628
15633
15667
15698
15700
15717
15728
15747
15752
15756
15762
15813
15833
15835
15841
15844
15870
15939
15963
16100
16112
16166
16209
16232
16236
16247
16270
16333
16356
16416
16419
16448
16462
16463
16537
16542
16592
16607
16618
16639
16729
16801
16808
16820
16827
16836
16862
16882
16922
16948
16968
16980
16984
16998
17056
17126
17160
17165
17197
17263
17270
17277
17288
17301
17317
17318
17327
17339
17352
17354
17384
17386
17387
17411
17481
17499
17519
17530
17589
17620
17694
17730
17735
17736
17742
17796
17798
17802
17827
17856
17867
17880
17899
17918
17952
17959
17967
17969
17971
17987
18045
18047
18063
18081
18085
18089
18090
18104
18138
18143
18152
18156
18169
18170
18337
18351
18358
18390
18394
18403
18411
18419
18450
18475
18520
18535
18547
18571
18659
18664
18698
18716
18742
18756
18784
18795
18800
18808
18825
18884
18911
18930
18964
18976
18987
19030
19034
19054
19093
19106
19111
19117
19181
19185
19194
19246
19258
19273
19296
19317
19342
19349
19371
19377
19388
19411
19428
19465
19550
19560
19561
19593
19600
19609
19611
19616
19626
19631
19632
19640
19666
19674
19691
19708
19787
19806
19810
19860
19868
19903
19925
19983
19996
20047
20051
20053
20088
20096
20110
20138
20207
20233
20235
20282
20315
20335
20344
20374
20386
20414
20429
20477
20519
20526
20580
20629
20665
20668
20701
20707
20722
20741
20769
20783
20785
20786
20796
20810
20839
20853
20862
20875
20886
20950
20994
21076
21122
21127
21128
21151
21218
21274
21276
21280
21302
21349
21354
21409
21416
21443
21485
21503
21571
21578
21597
21608
21654
21671
21675
21707
21713
21752
21837
21852
21929
21959
22007
22019
22068
22086
22167
22168
22224
22291
22321
22331
22348
22358
22370
22372
22407
22462
22471
22513
22525
22528
22556
22587
22612
22616
22636
22652
22724
22762
22791
22807
22812
22814
22841
22862
22867
22906
22920
22964
22981
22991
23034
23043
23052
23055
23087
23091
23122
23138
23144
23155
23169
23193
23202
23203
23234
23238
23249
23268
23283
23301
23320
23322
23326
23371
23383
23386
23389
23392
23435
23497
23502
23569
23605
23635
23662
23667
23681
23688
23708
23714
23826
23830
23834
23843
23857
23879
23888
23938
23970
23994
23995
24028
24131
24142
24187
24200
24222
24254
24293
24300
24302
24326
24393
24397
24444
24558
24559
24569
24603
24617
24642
24650
24675
24679
24697
24708
24713
24743
24758
24772
24853
24858
24865
24870
24878
24884
24888
24889
24902
24925
24960
25006
25011
25024
25031
25037
25063
25105
25153
25197
25198
25213
25278
25292
25302
25316
25323
25331
25334
25375
25380
25384
25396
25406
25413
25422
25445
25462
25473
25512
25523
25528
25558
25611
25652
25656
25674
25677
25681
25725
25750
25753
25777
25793
25812
25822
25827
25957
25963
25991
25997
26017
26038
26073
26097
26177
26185
26209
26259
26318
26322
26341
26353
26361
26399
26417
26422
26440
26445
26447
26454
26479
26480
26535
26552
26557
26580
26583
26591
26595
26602
26613
26624
26636
26666
26667
26675
26688
26697
26714
26728
26760
26794
26803
26817
26997
27020
27028
27033
27047
27065
27108
27113
27142
27180
27194
27250
27258
27262
27284
27293
27294
27319
27329
27344
27355
27356
27364
27439
27471
27492
27550
27564
27566
27572
27591
27627
27629
27650
27671
27677
27693
27695
27701
27707
27766
27770
27775
27782
27798
27803
27826
27848
27849
27859
27871
27895
27905
27918
27971
27972
27979
28000
28009
28050
28053
28054
28069
28093
28204
28234
28247
28257
28258
28292
28297
28304
28315
28376
28437
28473
28485
28497
28556
28630
28655
28690
28704
28769
29055
29056
29057
29172
29202
29253
29261
29372
29395
29450
29455
29464
29469
29474
29478
29499
29522
29523
29527
29641
29643
29670
29671
29678
29762
29790
29791
29821
29836
29890
29894
29914
29924
29991
30012
30141
30196
30222
30246
30280
30324
30438
30464
30501
30530
30531
30543
30590
30621
30646
30675
30738
30741
30864
30865
30928
30937
30960
31114
31123
31169
31227
31238
31283
31290
31291
31339
31366
31402
31480
31689
31719
31723
31760
31818
31849
31908
31930
31939
32023
32049
32136
32184
32246
32310
32340
32441
32453
32500
32598
32633
32638
32703
32755
32758
32761
32833
32946
33037
33145
33171
33239
33295
33332
33337
33357
33484
33493
33508
33523
33565
33622
33658
33681
33722
33837
33938
33977
34014
34064
34072
34081
34098
34131
34134
34137
34153
34190
34288
34342
34388
34418
34440
34445
34468
34492
34536
34608
34657
34673
34693
34709
34741
34788
34802
34853
34861
34862
34866
34868
34903
34957
34966
35010
35039
35047
35079
35084
35120
35134
35155
35176
35273
35352
35400
35496
35512
35524
35569
35574
35583
35584
35606
35648
35704
35706
35723
35726
35734
35770
35840
35846
35858
35881
35902
36032
36106
36129
36159
36172
36193
36243
36264
36319
36360
36373
36374
36413
36455
36464
36590
36629
36637
36640
36713
36727
36731
36768
36789
36791
36900
36924
36943
36955
37011
37096
37157
37177
37265
37316
37344
37373
37493
37548
37594
37622
37672
37688
37723
37731
37799
37802
37811
37887
37931
37981
38037
38077
38124
38177
38314
38356
38366
38377
38397
38409
38485
38563
38578
38610
38627
38701
38706
38713
38717
38737
38804
38823
38888
38958
39000
39015
39025
39027
39044
39059
39068
39075
39081
39134
39156
39158
39186
39202
39312
39330
39335
39360
39474
39505
39594
39604
39678
39705
39721
39735
39776
39863
39873
39902
39995
40044
40092
40179
40333
40388
40389
40412
40525
40530
40579
40610
40703
40726
40774
40842
40863
40898
40904
40943
41004
41005
41031
41119
41121
41217
41239
41281
41361
41390
41490
41498
41570
41628
41673
41738
41754
41885
41957
41973
42009
42026
42104
42286
42293
42307
42326
42347
42446
42512
42535
42591
42669
42684
42735
42738
42745
42776
42780
42880
42934
42972
43029
43061
43065
43097
43113
43256
43285
43574
43671
43708
43721
43726
43786
43803
43808
43885
43911
44168
44263
44392
44428
44486
44503
44565
44580
44639
44686
44709
44710
44723
44944
45099
45212
45269
45297
45313
45428
45433
45456
45460
45576
45618
45658
45669
45935
45996
46158
46174
46267
46278
46310
46357
46368
46454
46625
46630
46632
46686
46907
46939
46948
47034
47197
47293
47497
47503
47521
47768
47830
48099
48110
48151
48218
48294
48352
48547
48679
48695
48755
48758
48764
48868
48889
49032
49257
49260
49383
49627
49808
49907
49911
50053
50083
50090
50157
50301
50315
50341
50719
50721
50875
51128
51406
51457
51579
51680
51756
51806
51848
51883
51900
51920
51980
52097
52207
52321
52463
52581
52612
52627
52680
52726
52934
52985
52992
53170
53177
53203
53214
53418
53479
53546
53576
53652
53860
53977
54007
54025
54076
54129
54248
54351
54477
54491
54613
54621
54655
54695
54802
54918
54973
55219
55275
55347
55367
55411
55557
55655
55714
55769
55985
56050
56096
56118
56136
56155
56278
56326
56341
56374
56384
56407
56505
56659
56821
56924
56936
56998
57077
57082
57088
57140
57415
57446
58345
58389
58572
58663
58867
58873
58900
59071
59074
59130
59363
59386
59387
59517
59533
59607
59672
59698
59741
59757
59866
60031
60101
60130
60349
60397
60572
60708
60853
60908
61075
61366
61424
61466
61511
61562
61600
61722
61728
61734
61797
61802
62085
62137
62141
62147
62156
62224
62238
62257
62315
62372
62557
62586
62587
62600
62686
62738
62741
62775
62899
62973
63100
63294
63355
63475
63860
63996
64100
64431
64504
64630
64678
64716
64742
64775
64791
64836
64842
64966
65067
65223
65276
65444
65567
65739
65766
65795
65891
65941
65953
66058
66136
66154
66267
66534
66686
67060
67190
67292
67400
67473
67585
67783
67803
67883
67890
68087
68197
68256
68508
68523
68597
68810
69511
69663
71363
71429
71483
71570
72251
72450
72497
72596
72902
73105
73133
73796
74125
74212
74676
74972
75250
75275
75366
75392
75396
75465
75598
75605
75677
75871
75918
75957
75979
76442
76732
76888
76966
77027
77142
78029
78404
78619
78739
78763
78951
79019
79417
79924
80042
80100
80421
80621
80804
80956
81335
81433
81468
81580
81658
81748
81933
81950
82097
82389
82426
82809
82839
83123
83603
83737
83891
84149
84211
84341
84412
84469
84597
84663
84669
84691
84812
84880
84937
85205
85267
85309
85313
85362
85744
85789
85855
85938
85972
86630
86673
86704
86981
87033
87457
87806
88025
88123
88225
88391
88695
88782
89069
89209
89278
89364
89607
89745
89813
90041
90073
90159
90191
90216
90237
90372
90652
90825
91547
92178
92559
92582
93550
93579
94172
94616
95044
95246
95262
95727
95854
96472
96553
96557
96722
97069
98242
98426
98846
98973
100924
101209
101238
101261
101854
101858
103284
103977
104808
104912
105017
105156
105211
105416
105423
105517
105558
105580
105695
106664
106864
107655
107933
108028
108036
108233
109374
109717
109725
111021
111025
111391
112075
112249
112342
112421
112576
113276
113466
113570
113629
113856
113941
113978
114079
114167
114475
114492
114584
114632
115114
115206
115455
115956
116127
116629
116763
116931
117319
117434
117694
117783
117958
118137
118190
118252
118458
118864
118887
119299
119332
119372
119619
119967
119969
119977
120322
120560
120682
121310
121755
122790
122966
123027
123640
123676
123701
124066
124162
125395
125638
125754
126449
126560
126780
127292
128385
129456
129770
129776
130043
131052
131110
131587
131787
133267
134844
135337
136019
136222
136651
138791
139100
139262
139945
141145
141261
141473
141494
141694
141832
141946
142128
142162
142428
143463
143612
143912
144967
145438
145503
145790
146299
146476
147920
148499
149134
149332
149346
149585
149843
150060
150142
150256
150461
150769
151228
151229
151255
151578
151617
151740
151938
151993
152841
153246
153472
153822
157290
157397
157546
157619
158150
158585
158753
158949
159315
159679
160059
160251
160451
161036
161512
161555
161622
162583
162679
163374
163698
163801
163875
164152
164470
164846
165596
166345
167303
167446
169186
169992
170469
171390
171500
172106
172696
172999
173433
173726
173858
173860
174060
174486
174642
174722
175056
176067
176194
176465
177226
177326
177767
178718
179381
179615
179646
179938
180018
180089
181022
181023
181526
182243
182313
182593
182702
183301
183512
183598
183943
184442
185583
185592
185702
186472
186710
187885
188794
189106
189579
190326
191641
192038
192241
193221
194842
194853
195079
195305
195743
196307
196348
196440
196612
196703
197024
197045
197569
198451
199180
199908
200146
200865
200874
200892
200897
202306
202383
202675
202860
203272
203353
204692
204905
205522
206279
206480
206781
208905
209296
209373
209446
209466
209618
210772
210840
212014
212107
212640
212920
213511
214407
214648
215211
215659
215811
215986
216087
217063
217162
218426
218710
218725
218946
219155
219347
219415
219601
220538
220965
221355
222190
223302
224306
224328
224435
225764
225766
226276
226674
227418
228424
229122
229588
230961
231555
231847
231935
233666
234646
235149
236391
237290
237453
243431
246620
248195
250963
252332
254425
257764
259574
260618
261125
261847
263264
264154
264757
265410
265653
266534
266651
267105
268105
268284
271183
271984
277543
278366
278526
280038
280535
280617
281254
287840
288786
288820
289391
292185
293416
294150
297769
297802
300750
304162
304340
305081
307546
308979
309630
310772
311323
311558
313165
314458
315172
316139
316959
317735
319745
320828
321869
322597
323615
323627
323872
324521
326380
328815
331875
332326
332854
333687
334935
337902
340177
341854
355798
358199
358802
359523
360466
362244
365193
365241
366026
366192
368502
390637
391616
391903
392460
395523
397037
398193
399171
399639
409344
412915
413028
416133
417802
417939
419331
420644
421434
424503
425122
425583
427325
428440
430806
430913
437539
441612
441649
447482
449074
449779
450435
450893
452487
452872
457398
465756
467841
470224
476011
477175
480379
481632
482500
491436
491567
500132
501242
502421
502731
503140
503631
504620
505149
505287
507020
508383
510486
516060
516195
517497
518146
520705
521061
524078
524804
525019
525801
529446
531800
534388
536165
537036
537309
537312
538741
540012
540284
541853
543212
543497
544708
546037
546157
551701
553042
553141
555541
556489
558149
558203
558679
559813
560488
561191
565654
566097
570581
571977
572360
574675
575438
576939
581898
584715
586875
587147
587712
592471
593440
595203
596712
600852
603146
604767
608704
610281
611033
613348
613768
614787
618195
619071
619781
621184
628036
628779
631244
632805
633960
635422
639175
639368
640166
641537
641622
646861
651549
655237
663065
665336
668590
678449
680190
681137
683351
683894
687922
692205
693632
694138
696102
696107
700509
711317
718118
719210
721083
722298
725352
726325
728153
728838
731308
731872
736347
737079
738430
738725
739410
742622
743378
744674
746376
751134
752120
752309
755122
755495
756159
757991
759243
765414
765447
766954
767123
767301
769357
771049
775671
775774
777397
778897
779355
780081
781826
782361
784448
785823
787187
788376
788585
790470
793139
795823
796016
798409
799396
801441
801658
806289
807408
807826
808040
809314
812923
817938
818257
818393
822843
825646
825924
827419
827556
829414
832359
835280
839476
841603
844619
846421
847640
848964
854407
854485
856647
857502
857627
857656
859879
863457
863615
866419
866664
867354
868182
868438
869058
869661
877499
877535
882647
882750
884222
884722
885216
887916
891091
892035
892555
896266
898060
898600
901621
901629
902679
902845
904254
908642
909471
911100
911738
911850
912005
921189
922366
928841
929163
931310
935162
941176
941326
942396
943946
948188
951782
952525
954073
954081
955368
958892
963542
965190
967757
968984
971750
976238
977895
979882
982592
987096
987227
987604
988274
990099
997968
998173
998682
998727
1001578
1002457
1004238
1009774
1015646
1016248
1016643
1026588
1027308
1027661
1028984
1030067
1030091
1034219
1036212
1036396
1036689
1037420
1037881
1038013
1042872
1042895
1043143
1062714
1077371
1082126
1117636
1155356
1168577
1199585
1240192
1243648
1260015
1263208
1270737
1278930
1287758
1288351
1291942
1295742
1299795
1302535
1312712
1321133
1321143
1323770
1324414
1331862
1335994
1340597
1341241
1342702
1343544
1344179
1344280
1344422
1344612
1344792
1344863
1345388
1345807
1346007
1346736
1346871
1348470
1348657
1348749
1349059
1349123
1349763
1350113
1350219
1350232
1350237
1350393
1350583
1352199
1352612
1353051
1353232
1353545
1354162
1354207
1356110
1356204
1357018
1357564
1358563
1358566
1359660
1361330
1361727
1362107
1362166
1362806
1363406
1365253
1366114
1366147
1366256
1366503
1366523
1367011
1367228
1367535
1369530
1370924
1372028
1372754
1374267
1374451
1375712
1377442
1377549
1378470
1379347
1379656
1380818
1381021
1381097
1382487
1382617
1383756
1385797
1386209
1386601
1386879
1387588
1388564
1388614
1390359
1390818
1391037
1392959
1393572
1394747
1394906
1395695
1396558
1397631
1397723
1397979
1399573
1399614
1401661
1404279
1404659
1405105
1405443
1406071
1408479
1410714
1410770
1410846
1412374
1416338
1416473
1420021
1420279
1422277
1422788
1423829
1425347
1426229
1427554
1427563
1428152
1429519
1429564
1430096
1430761
1431249
1432024
1432150
1433208
1434458
1434648
1437288
1438441
1441136
1441273
1442989
1443050
1446092
1446928
1447085
1448227
1448322
1452180
1453177
1453564
1457347
1457467
1457727
1459566
1465279
1465702
1465981
1467143
1473082
1473834
1474764
1475772
1476632
1477389
1477835
1479084
1479517
1480155
1480937
1482407
1486549
1496352
1498950
1500988
1501344
1501452
1526024
1526285
1528221
1528515
1530881
1531389
1537844
1538728
1539283
1543447
1545591
1549198
1558235
1560313
1560365
1562580
1566324
1571520
1584149
1587178
1587865
1588421
1589883
1591231
1593177
1596400
1596675
1597230
1597489
1598208
1606849
1614982
1615247
1615529
1618519
1619385
1623787
1624849
1628425
1651970
1652477
1662687
1665150
1666878
1675829
1676301
1688359
1688435
1688952
1690332
1697379
1698522
1700108
1710214
1711636
1713442
1714103
1716317
1721394
1735275
1737444
1746780
1749436
1754511
1754638
1766231
1769481
1773970
1774522
1804711
1805392
1806713
1809203
1812320
1821143
1822324
1825768
1829893
1830642
1835935
1835949
1836972
1838223
1838299
1838435
1838617
1838755
1840606
1841860
1845441
1848834
1849696
1851250
1854944
1861083
1866044
1867470
1868219
1871639
1872833
1873871
1874259
1877118
1877844
1878393
1879700
1879776
1879783
1880876
1881389
1882149
1882312
1882735
1883896
1884166
1886174
1888048
1888252
1891653
1892534
1893348
1894512
1895089
1896416
1897938
1900277
1900359
1900846
1900934
1901643
1905862
1906647
1906731
1907512
1911608
1912039
1912872
1915374
1916114
1916329
1917271
1917509
1922040
1924041
1926586
1926836
1927002
1927010
1927265
1927280
1927554
1927874
1927973
1928336
1930195
1930265
1930351
1931266
1931837
1932838
1933699
1933719
1933769
1934298
1934313
1934812
1934893
1935455
1936150
1936784
1937064
1937275
1949651
1949715
1951380
1952638
1952697
1953231
1953978
1954435
1955132
1956039
1959233
1960528
1961397
1963776
1964074
1964605
1964790
1964993
1965110
1965404
1965811
1966422
1968558
1969027
1969213
1970524
1971758
1972576
1974098
1974522
1975445
1978149
1978717
1986391
1988610
1990178
1991636
1992097
1994693
1995617
1996840
1997515
1999035
2000045
2000114
2145132
2150032
2166419
2172697
2173102
2173444
2181007
2194410
2196933
2209149
2211911
2220665
2224956
2229442
2241190
2241376
2241543
2241731
2243473
2244525
2246040
2247139
2247248
2247564
2247787
2247922
2248211
2248661
2248905
2249062
2249259
2249947
2249963
2250690
2251852
2251869
2252203
2252279
2252295
2252771
2253054
2253335
2253946
2254074
2254383
2254663
2254701
2254769
2255275
2255746
2255776
2255884
2256237
2256434
2256873
2257190
2257240
2257264
2257293
2257364
2257505
2257521
2257593
2257617
2257664
2257902
2258091
2258186
2258322
2258370
2258513
2258566
2259357
2259879
2260970
2261072
2261584
2261680
2261947
2261951
2262593
2265342
2275166
2275491
2281819
2285516
2285664
2288120
2288934
2292994
2294498
2297387
2297559
2302110
2302971
2306023
2306335
2308232
2309750
2309756
2310616
2310750
2311074
2311569
2311994
2312773
2318134
2321860
2322425
2325720
2326504
2328404
2328560
2329747
2331033
2331381
2331699
2336708
2339381
2340430
2343159
2343170
2344415
2345862
2355834
2362450
2363619
2363758
2365860
2366109
2366329
2366455
2366972
2367064
2367348
2367496
2368092
2376816
2378689
2382326
2384294
2384439
2389408
2389915
2390524
2391084
2391896
2391928
2392007
2393829
2396456
2396731
2396917
2397082
2398573
2400564
2401584
2403527
2404261
2404370
2406311
2408633
2408839
2410270
2411263
2411762
2412714
2413243
2415004
2415026
2415090
2415605
2415619
2417009
2419103
2421090
2423706
2424438
2427084
2428283
2431243
2433327
2434082
2439372
2442020
2443337
2449662
2457736
2466180
2471165
2472535
2473117
2474029
2474223
2474531
2477282
2478334
2480506
2481195
2481312
2486562
2488944
2489310
2490152
2494966
2496321
2496729
2530587
2537594
2539527
2546020
2547593
2548458
2554390
2557619
2560242
2561665
2561674
2564744
2565343
2566687
2598645
2600047
2601228
2604933
2607328
2607518
2608774
2608927
2610282
2612715
2614225
2615807
2618625
2621939
2622698
2628322
2628702
2637064
2639473
2639701
2641953
2642525
2644249
2647916
2651141
2652725
2653375
2655052
2655853
2660425
2661316
2662242
2662856
2663392
2663559
2663804
2664444
2669105
2671146
2683715
2685948
2692242
2695887
2696671
2696876
2696931
2698810
2700169
2705342
2709088
2713033
2715548
2715755
2717168
2717829
2724419
2725890
2728465
2728868
2731720
2736683
2739927
2740299
2743115
2743726
2743959
2744841
2747083
2747632
2747714
2749024
2749479
2750420
2750505
2750643
2750915
2751514
2752178
2756590
2760463
2774143
2784031
2784712
2789433
2791946
2796215
2798546
2802012
2802308
2802455
2804021
2804587
2810105
2815979
2816372
2817354
2820036
2826050
2828285
2828546
2830173
2832870
2835463
2836442
2837308
2838632
2841239
2841507
2841644
2845835
2847808
2851077
2851222
2854268
2863195
2867875
2869391
2878976
2880121
2882107
2884858
2885090
2890518
2892005
2892743
2901341
2902075
2909122
2909125
2909636
2916055
2920580
2920681
2921628
2922081
2922319
2923558
2925968
2929588
2932846
2932852
2933295
2935747
2936588
2943972
2947526
2948918
2951373
2954348
2956448
2957032
2962902
2968722
2969405
2970277
2975814
2977863
2978500
2979434
2980983
2981766
2981807
2981953
2981995
2982024
2982299
2984141
2984173
2985459
2986004
2986884
2989453
2990357
2994470
2995252
2995762
2999485
3000551
3002024
3005247
3005855
3005923
3010624
3010749
3012671
3014459
3014840
3025924
3027412
3028326
3030163
3031070
3031543
3031575
3031853
3033934
3035892
3040416
3041535
3044523
3049683
3050500
3054609
3055528
3060458
3062149
3064897
3066125
3071157
3075777
3075805
3076646
3081764
3083787
3086437
3086778
3087647
3094909
3097452
3097542
3098710
3100904
3101277
3103384
3103499
3109082
3111988
3112979
3114066
3114264
3117074
3121349
3121883
3122016
3122899
3123174
3125388
3127830
3128083
3132613
3132805
3133410
3133537
3133671
3134642
3138271
3139525
3142249
3142597
3146878
3149844
3150475
3153877
3159585
3159638
3162388
3163318
3164203
3165060
3165942
3165954
3168128
3168596
3169054
3176839
3177926
3181429
3181865
3182704
3183018
3183404
3188150
3189913
3191084
3193253
3194172
3196002
3196495
3200161
3201272
3201615
3201792
3202818
3204206
3207718
3213204
3213902
3214055
3214347
3214943
3215872
3216713
3217210
3217567
3220572
3221102
3221329
3221881
3224816
3226675
3228357
3228360
3230973
3231545
3231713
3234226
3235081
3237506
3237931
3238214
3238991
3240134
3240896
3242732
3244752
3245317
3250400
3253894
3254542
3254717
3254933
3259729
3260585
3262675
3263294
3263361
3264154
3266636
3269772
3275741
3276139
3277872
3279828
3280997
3281281
3281689
3282180
3283190
3283627
3284051
3287662
3287708
3287867
3287883
3290370
3291494
3293797
3296829
3303512
3304945
3309728
3314201
3314868
3317311
3319940
3320238
3320989
3321949
3324367
3324507
3325454
3327128
3327582
3328871
3328880
3329997
3330187
3333626
3340474
3343501
3345127
3345785
3346024
3354167
3355763
3360645
3361740
3364545
3368849
3372543
3372551
3375631
3377196
3377587
3378892
3381757
3382099
3383897
3388141
3388388
3390077
3390152
3391191
3391969
3394187
3395069
3406875
3407229
3408212
3408538
3410458
3411173
3412520
3412911
3413998
3414374
3416802
3417752
3419130
3419658
3427780
3428322
3428422
3429759
3433269
3433816
3434493
3435428
3436345
3438339
3441635
3445539
3446481
3447315
3448531
3449175
3449251
3449537
3449743
3449842
3450056
3450640
3451537
3452681
3453332
3453435
3454537
3455127
3455172
3455406
3456682
3456784
3457973
3458693
3459504
3460208
3460473
3460770
3461309
3468238
3469977
3473185
3474178
3474222
3475441
3475980
3476000
3476826
3483434
3484186
3487422
3487748
3488446
3489262
3495936
3496193
3496584
3497246
3499960
3507386
3509192
3509777
3512339
3513117
3513661
3514678
3521399
3523460
3524332
3525336
3525941
3529137
3532384
3536691
3538144
3540281
3541077
3542797
3544340
3544678
3545212
3551463
3557324
3558491
3561417
3565023
3568123
3569231
3572704
3573105
3573111
3574488
3576481
3577136
3577209
3577831
3579001
3580264
3584705
3586063
3587715
3593169
3596049
3598168
3600596
3601879
3606690
3608201
3608370
3609712
3610783
3611689
3617786
3619728
3621312
3621787
3621892
3621905
3622364
3622670
3624543
3625752
3626918
3627170
3629468
3630462
3631279
3634128
3634243
3634482
3635801
3637549
3638506
3643719
3646378
3649342
3649407
3649472
3653651
3658502
3659045
3661597
3662111
3662333
3662926
3664437
3665206
3671423
3673637
3676758
3682878
3686444
3690496
3694260
3696763
3701929
3706397
3708578
3710497
3714509
3716978
3720099
3720376
3720897
3722347
3722759
3723798
3724730
3726239
3731627
3731993
3734400
3736687
3739051
3742671
3746639
3747964
3749766
3752172
3753052
3754301
3755342
3755534
3755590
3756230
3758090
3759006
3763289
3764595
3765510
3769292
3770252
3771102
3773672
3776530
3777512
3778673
3780176
3780954
3782563
3783204
3783742
3784912
3785076
3786656
3791927
3793129
3795273
3796031
3799981
3801852
3802017
3802540
3806812
3807912
3808254
3808946
3809137
3814375
3815119
3816852
3819381
3819597
3819931
3820231
3820956
3825551
3825774
3827217
3828009
3828093
3829368
3829786
3830632
3831817
3832294
3832348
3832718
3834169
3835636
3835908
3837398
3839613
3839775
3840009
3840457
3844185
3844721
3845224
3845557
3845948
3849206
3849756
3852097
3852490
3852613
3853353
3854382
3857460
3859937
3863843
3867863
3869325
3870950
3871696
3872310
3873107
3875170
3878353
3879861
3888859
3893356
3894691
3902707
3905191
3908715
3908795
3908864
3910837
3911572
3912406
3912978
3922782
3925251
3925874
3928853
3928906
3928909
3928911
3929150
3929176
3929177
3929178
3929524
3930121
3930435
3936540
3937397
3941616
3943862
3946444
3949214
3950732
3950802
3951072
3954596
3958159
3960711
3961323
3961743
3962014
3962962
3963753
3963956
3964290
3964704
3965733
3969403
3971741
3973320
3977297
3978663
3981860
3983173
3986156
3989373
3991395
3992573
3996066
3996561
3996688
4000669
4002014
4003655
4003838
4006016
4008861
4009910
4010434
4013121
4014397
4014468
4020990
4021479
4029221
4030126
4035252
4036049
4036057
4036099
4037501
4037534
4043887
4044687
4045081
4046030
4046052
4046276
4046751
4050797
4051427
4052207
4052591
4052802
4052806
4052826
4055917
4060103
4060126
4062841
4065181
4065214
4066370
4079131
4082434
4087271
4100576
4101347
4102215
4103931
4104353
4107583
4113150
4115240
4120130
4122026
4123965
4128054
4141444
4142105
4142685
4152331
4152465
4155680
4162062
4162067
4171119
4173288
4175031
4178189
4179077
4187098
4188578
4189282
4192041
4192078
4192364
4193067
4193940
4194216
4194940
4197287
4198207
4198417
4207415
4209635
4210044
4213272
4228380
4230239
4230805
4230831
4231596
4232713
4234273
4235224
4235272
4235511
4235968
4237058
4238250
4245579
4246310
4251725
4255365
4257307
4257316
4257323
4259495
4264879
4266021
4268837
4269575
4270248
4270376
4273506
4274814
4276991
4277469
4280035
4280217
4280930
4281101
4281344
4281969
4297009
4297209
4297443
4297841
4300008
4303414
4304225
4304807
4304960
4306602
4310119
4310534
4314206
4314311
4314480
4315082
4315164
4315585
4316375
4316493
4316597
4317520
4321662
4327907
4329719
4337235
4340788
4344078
4344657
4345972
4346360
4347601
4351664
4354446
4360285
4369063
4371013
4373943
4374260
4375279
4376706
4376708
4376917
4378225
4380024
4387658
4388153
4390449
4391700
4395431
4395782
4397024
4399108
4403102
4403964
4405290
4406072
4407354
4412198
4414883
4416136
4419607
4420633
4425092
4425649
4428700
4430857
4431545
4431805
4431925
4432082
4433088
4445773
4454586
4455600
4458000
4462320
4466072
4466724
4467657
4469991
4470563
4472440
4473654
4476568
4476747
4477588
4478330
4478749
4479974
4480366
4480382
4482398
4483080
4483183
4484156
4484746
4485960
4486115
4489243
4489564
4491899
4492214
4493364
4493504
4493520
4495411
4498345
4500855
4522379
4524570
4537064
4537328
4539546
4543238
4546231
4560965
4563307
4563494
4569791
4571112
4571553
4578477
4580307
4580913
4583847
4586174
4586591
4588007
4588049
4591222
4593860
4594623
4594792
4596468
4596919
4605271
4606438
4606718
4611811
4614917
4616203
4618812
4618893
4620812
4621677
4622354
4627926
4634567
4634799
4634963
4637596
4640040
4640042
4641599
4642360
4644781
4645182
4645779
4652753
4652877
4655050
4655787
4656077
4657441
4660305
4660452
4661538
4663694
4668517
4670897
4673330
4679054
4679055
4679059
4680317
4681657
4682767
4694101
4694755
4695228
4696084
4697671
4700528
4706263
4706454
4708601
4709944
4710604
4710642
4714616
4716280
4717612
4717712
4720390
4721914
4723369
4727861
4729480
4730679
4731261
4732065
4733420
4733682
4734543
4739478
4743245
4743988
4751798
4753323
4754838
4755389
4755891
4757724
4760320
4763137
4763220
4772269
4772476
4773749
4780795
4784541
4785365
4786227
4788164
4791125
4793779
4794575
4796459
4799817
4800302
4800315
4801131
4804053
4804829
4819374
4822857
4826509
4829358
4829362
4833822
4834027
4836184
4837138
4846274
4847986
4849241
4849814
4850394
4850646
4851809
4855989
4858519
4859133
4859262
4859963
4860950
4863129
4864136
4864818
4866908
4868539
4869364
4870973
4871204
4875759
4876188
4877698
4879956
4883396
4885493
4894762
4894767
4895234
4895742
4896329
4896850
4904730
4905073
4907287
4908615
4911590
4912063
4914951
4915774
4918184
4918456
4922202
4923539
4924103
4925076
4926223
4927821
4927995
4928076
4929853
4931634
4931664
4933569
4933925
4933928
4950150
4950263
4950412
4952323
4952331
4952332
4952337
4952338
4952343
4952344
4952398
4952416
4952448
4953092
4954389
4957133
4960095
4961183
4961330
4963729
4981078
4984152
4984561
4984951
4985433
4991670
4992217
4996238
4997400
4998659
5001392
5002877
5003335
5003712
5003972
5005148
5005852
5011897
5012874
5014598
5014894
5023222
5023934
5024074
5024360
5027084
5030178
5031823
5033468
5035451
5038361
5042636
5043576
5045887
5049584
5049971
5050591
5057272
5058906
5059090
5061354
5061458
5062234
5062239
5062667
5065988
5071769
5072213
5075896
5081209
5081606
5084302
5084510
5103953
5104078
5105375
5105930
5107358
5109459
5114107
5117000
5117149
5118473
5120162
5121880
5121881
5123174
5124477
5127780
5133900
5134892
5140545
5144256
5144516
5146373
5146456
5147067
5157401
5157978
5158658
5160353
5164437
5166400
5170175
5173144
5175175
5176527
5176747
5179902
5182602
5183711
5185270
5189160
5189264
5194294
5203805
5207447
5209373
5214000
5214643
5214893
5215147
5215613
5216326
5216745
5217073
5217077
5220347
5221200
5221787
5222902
5223294
5224028
5226887
5227197
5234755
5235158
5235472
5237837
5240575
5240740
5251027
5251295
5258434
5261359
5261929
5264521
5266714
5267355
5271444
5281369
5282855
5283846
5286687
5291383
5293766
5294916
5295339
5297839
5301807
5308552
5312058
5317035
5319971
5321325
5322031
5322471
5326486
5327836
5328208
5328944
5329111
5329342
5330569
5330574
5330724
5331696
5331893
5334475
5335376
5335395
5336390
5336880
5339487
5341139
5342282
5343820
5347136
5347321
5352583
5353522
5354863
5355368
5356235
5358698
5359768
5362935
5364074
5364838
5365132
5366064
5368325
5368758
5370890
5370926
5371868
5372332
5372388
5372672
5373251
5373616
5374380
5375026
5377503
5378324
5381072
5381556
5383367
5383465
5385895
5386300
5388966
5388991
5389130
5389187
5389921
5389938
5390124
5390583
5393242
5398425
5399390
5400184
5400504
5402013
5402577
5404409
5405601
5406057
5406587
5407479
5408661
5409400
5410707
5413255
5414190
5415871
5417968
5419157
5420628
5422239
5423408
5423569
5424298
5425519
5426745
5428284
5428985
5429183
5431349
5431840
5431863
5433624
5434319
5435325
5437592
5438087
5438663
5447500
5448958
5453547
5453804
5455827
5457791
5459861
5464882
5465315
5466928
5472724
5477472
5486078
5490536
5491787
5492140
5492169
5495283
5495407
5500144
5504302
5506442
5507363
5509119
5510561
5514919
5519048
5522468
5524547
5527461
5527602
5528817
5529382
5531064
5531728
5533782
5534142
5534759
5536526
5537180
5538708
5538886
5541827
5543461
5544434
5545271
5545429
5546474
5550364
5550779
5551323
5552686
5552980
5553405
5554910
5557780
5558601
5559677
5560468
5561740
5561883
5561984
5563620
5572593
5572668
5573295
5573316
5582628
5585698
5591110
5591439
5592649
5594288
5595406
5598479
5599671
5604345
5604899
5613772
5613828
5615902
5617024
5621076
5622166
5622617
5623383
5624927
5625003
5627162
5627614
5630426
5631226
5633188
5636078
5636386
5640563
5640817
5641137
5641263
5641304
5641833
5643680
5645969
5646260
5646793
5647196
5647300
5648130
5649447
5649951
5653113
5656305
5658499
5659677
5668405
5683380
5684037
5691512
5695623
5710626
5729819
5732397
5735931
5738812
5740590
5741726
5743213
5752393
5752480
5753862
5762600
5766157
5768596
5768728
5775125
5781625
5789846
5800439
5802363
5806747
5807266
5807701
5808024
5815602
5815603
5815888
5816924
5817344
5817406
5817753
5820895
5828347
5831963
5833744
5835483
5838046
5838603
5839499
5840837
5840942
5841321
5842750
5846748
5847236
5851197
5856434
5856741
5857370
5868303
5869601
5869661
5870189
5873686
5876786
5883799
5883887
5883956
5885538
5885842
5894411
5895004
5897847
5898335
5908280
5910962
5912335
5914079
5921950
5922925
5926106
5930560
5932962
5934036
5939661
5940200
5940886
5943854
5944618
5946297
5953310
5953636
5953710
5983995
5984226
5986728
5995644
5995748
5997986
5998428
6002712
6006586
6007308
6008340
6010889
6011204
6013073
6015719
6017423
6017996
6019768
6019810
6020578
6021628
6023628
6024929
6025265
6026040
6026081
6027434
6029260
6030145
6035271
6037437
6037694
6050365
6052240
6053504
6053661
6055524
6058597
6059307
6060995
6063913
6065255
6066604
6068879
6075127
6075528
6077598
6081699
6083201
6084472
6085958
6087542
6089454
6093675
6096676
6097082
6103078
6107528
6107541
6107806
6107813
6110950
6111561
6111636
6111969
6113099
6114078
6115178
6117620
6119361
6122263
6123374
6128465
6133702
6139251
6139516
6143269
6146926
6147696
6148250
6150033
6150960
6153852
6157242
6157310
6160016
6161289
6162393
6162563
6166561
6167821
6172020
6174125
6177643
6178378
6189264
6191402
6192387
6192576
6193207
6197629
6200458
6204314
6206321
6207767
6208705
6212477
6213180
6213757
6217961
6218854
6218870
6221664
6222125
6224768
6225284
6233597
6234799
6251327
6252549
6253397
6253478
6254482
6258528
6258588
6260018
6260617
6264576
6268680
6276091
6276214
6276964
6278048
6278588
6280726
6282369
6282507
6283225
6289174
6302840
6304623
6309630
6312005
6312715
6321708
6325605
6328765
6329729
6331336
6336782
6337409
6339593
6340007
6343666
6346907
6347616
6356475
6357343
6360057
6360523
6360777
6362881
6363476
6363794
6364933
6365217
6365437
6372323
6377457
6378142
6382165
6382347
6382706
6384744
6393083
6395263
6396057
6398758
6399876
6399992
6400325
6401040
6402839
6402975
6403651
6403766
6403871
6412773
6415075
6419282
6420904
6421472
6422458
6423374
6425972
6427052
6428716
6432132
6434212
6437914
6441856
6441876
6442229
6444262
6445576
6448081
6451275
6451353
6456212
6458017
6458355
6462793
6465980
6471826
6478485
6483344
6488172
6489322
6490831
6492197
6492727
6494034
6496393
6500008
6501426
6505131
6506213
6509000
6512545
6514068
6516279
6524708
6526463
6528135
6528779
6530051
6530227
6530312
6530409
6540854
6543769
6544729
6545213
6547465
6550745
6552857
6553165
6556141
6557810
6557843
6559180
6561022
6563205
6565685
6567925
6567990
6570108
6575470
6576513
6579990
6581477
6581605
6581812
6584361
6589956
6590621
6590774
6591404
6593864
6601218
6601287
6602078
6602184
6609453
6611508
6611850
6611975
6613024
6617013
6619345
6625430
6625945
6626670
6634494
6635513
6636898
6643345
6644116
6645218
6650465
6650818
6651996
6653229
6653643
6659285
6659349
6659370
6661556
6661635
6668319
6668358
6669431
6670214
6675690
6681796
6690250
6690462
6690806
6691989
6694351
6694533
6696285
6699074
6699180
6699359
6699387
6702646
6703679
6704582
6704823
6705344
6706820
6709635
6710447
6712024
6712110
6714397
6714473
6715639
6716238
6716426
6716532
6716589
6720899
6725040
6727405
6732817
6736272
6737199
6743050
6744494
6749613
6756296
6758315
6758559
6758820
6759607
6761827
6764301
6767883
6772632
6772800
6781656
6783249
6796604
6799310
6800623
6801328
6801523
6807413
6808522
6810758
6814424
6816151
6816365
6816730
6817997
6818936
6820234
6820392
6820630
6821104
6824363
6825008
6826230
6830545
6832477
6832863
6835992
6837918
6840187
6840955
6841502
6842063
6842197
6843291
6843683
6844808
6846221
6846286
6848736
6854464
6866209
6876142
6876656
6885811
6886485
6888035
6899536
6900230
6902604
6914243
6914919
6914931
6919132
6920217
6926435
6927642
6929008
6931752
6933081
6935028
6936196
6936300
6936922
6941034
6945651
6946074
6946390
6950190
6950912
6953022
6954030
6954509
6957034
6957448
6959914
6965734
6965976
6967282
6969499
6972327
6981908
6984712
6986062
6986882
6988298
6988998
6991448
6992183
6992905
6993975
7000759
7001356
7005494
7008105
7011202
7012209
7013168
7015229
7019686
7021322
7025061
7025247
7030854
7034894
7034919
7035381
7035874
7040835
7041024
7041139
7042879
7045394
7049205
7053883
7054385
7054899
7057126
7057311
7057451
7060323
7062157
7064744
7065397
7066608
7075908
7079066
7079461
7083968
7084418
7084826
7085000
7090134
7094383
7094481
7098727
7099338
7099397
7099824
7105955
7106002
7115486
7119423
7119738
7123271
7127978
7127980
7129862
7131748
7132293
7134503
7143588
7143801
7143824
7144011
7144837
7145329
7146163
7149279
7150069
7151219
7156034
7157517
7160727
7161370
7162057
7162159
7162446
7162669
7163981
7164718
7164842
7170693
7170825
7172884
7173222
7173481
7173830
7175236
7176425
7191046
7197777
7198861
7200074
7201179
7201254
7204928
7205245
7211958
7212135
7212462
7215130
7216211
7216824
7219129
7220003
7222536
7222746
7225342
7225513
7226544
7228519
7231843
7232164
7234791
7235014
7236204
7238362
7239762
7240106
7241021
7246778
7251664
7255490
7260288
7260309
7260931
7261973
7265581
7266288
7267429
7268912
7270157
7275737
7277794
7279031
7290329
7291975
7292065
7292558
7292977
7293512
7293575
7294393
7294820
7296821
7297388
7298439
7299184
7299968
7301774
7301975
7303324
7303823
7304063
7306035
7306673
7307002
7307130
7307859
7308496
7308565
7308654
7309227
7309525
7314471
7315289
7316266
7319456
7320213
7320301
7331386
7332776
7334300
7337549
7343378
7344417
7345298
7346159
7354866
7356138
7356346
7356683
7357175
7358769
7359637
7360774
7360940
7364862
7366584
7369220
7371037
7372037
7375641
7376495
7383524
7384404
7385511
7389199
7394527
7398723
7402209
7403952
7410550
7414450
7414525
7414792
7414824
7415048
7420102
7424030
7427663
7428332
7431468
7434196
7436158
7437332
7438556
7439366
7439560
7444275
7450539
7450566
7457245
7461031
7463038
7467217
7467549
7467619
7472813
7473324
7482117
7484311
7485579
7485787
7489584
7491793
7499384
7500393
7502678
7505632
7509659
7510486
7512796
7516473
7516475
7517945
7520263
7520808
7524336
7527028
7532005
7535679
7537545
7537997
7538374
7541365
7545941
7550224
7556384
7557655
7557859
7559207
7562315
7562587
7562792
7562963
7563495
7563993
7564212
7564609
7565756
7566853
7570332
7570483
7570729
7574045
7574625
7586797
7588862
7590868
7591773
7593373
7593724
7597284
7600122
7607012
7615045
7616111
7617746
7624394
7624921
7625087
7629039
7630996
7631592
7632834
7638462
7639384
7641097
7653363
7653535
7653722
7653971
7655968
7656900
7657266
7657390
7662259
7662461
7666926
7666955
7668782
7669441
7673709
7675077
7676420
7677572
7678758
7682525
7685661
7685929
7687582
7689237
7689375
7690309
7691517
7694902
7699873
7700779
7701011
7703292
7704341
7704857
7705320
7709841
7721624
7731401
7731652
7731909
7734647
7735038
7735464
7739548
7740854
7742016
7744539
7746565
7747254
7748066
7748273
7748885
7749895
7751311
7753521
7753641
7753732
7754731
7755175
7757580
7769665
7775140
7776438
7779529
7781810
7785768
7786292
7789189
7793928
7795875
7797318
7799635
7803564
7805953
7807345
7807982
7808399
7810452
7810783
7811711
7812444
7813020
7813588
7816623
7817760
7824884
7825842
7827876
7832514
7833033
7834538
7834592
7835118
7836180
7842808
7843877
7846626
7848989
7850681
7853366
7859423
7859742
7865040
7865651
7879757
7881664
7882109
7882598
7896782
7902172
7905473
7907501
7917616
7920149
7920368
7920472
7921108
7921388
7922024
7922043
7923022
7924367
7926604
7929943
7929976
7929985
7930081
7930332
7930354
7930415
7930999
7931007
7931843
7933515
7934605
7938391
7941176
7941722
7941872
7941933
7946330
7948803
7953050
7953214
7953394
7953929
7954519
7963498
7973474
7975648
7976200
7976766
7980702
7986706
8000608
8001615
8004767
8005400
8006171
8007657
8008530
8008668
8009398
8011289
8012378
8013122
8016687
8017495
8017772
8021156
8022712
8024578
8024814
8028616
8030135
8031575
8032241
8033833
8041015
8043574
8052452
8065779
8068125
8080805
8083774
8084775
8085789
8089536
8089806
8090020
8094895
8095098
8095234
8096567
8102256
8102542
8106142
8108584
8111183
8113149
8114189
8116418
8117156
8120427
8125526
8137228
8140341
8140956
8143007
8143414
8145631
8146621
8149324
8151708
8151952
8154675
8157227
8157920
8160559
8160874
8161650
8163714
8163924
8165014
8165694
8166121
8166587
8167306
8169424
8170885
8171121
8171445
8175798
8184972
8188075
8193394
8193568
8193585
8194990
8196280
8202207
8204377
8205470
8206542
8207683
8208315
8214553
8214662
8215359
8216012
8216506
8221199
8226008
8226663
8230528
8242143
8246028
8247807
8255972
8256075
8259780
8263008
8268575
8269817
8273183
8278581
8280443
8284812
8285108
8286950
8292833
8296041
8300184
8300931
8307152
8308044
8308306
8308350
8309725
8313158
8313204
8314332
8317024
8321469
8325197
8331730
8335053
8335469
8337278
8337714
8342186
8342973
8343800
8344693
8347675
8349120
8350684
8350955
8353679
8355144
8355260
8355399
8358699
8361158
8365199
8366044
8373833
8376617
8377283
8380797
8383891
8384633
8386032
8392601
8395738
8397154
8399621
8401700
8402635
8402875
8405131
8407619
8408872
8413288
8418017
8421679
8433947
8434051
8439349
8441447
8445978
8447834
8448470
8449086
8455305
8455984
8456448
8458233
8459138
8459142
8466261
8467115
8467729
8478942
8479379
8484582
8490968
8496697
8498500
8500140
8500362
8516218
8516377
8518243
8520330
8525126
8525824
8528419
8530710
8533459
8537384
8538802
8541591
8542663
8543348
8544496
8545071
8550098
8551151
8551164
8551656
8552677
8553000
8554384
8555472
8555860
8561863
8569514
8572433
8573359
8573698
8574193
8580389
8580619
8580727
8584859
8590212
8592995
8594905
8596640
8601365
8607234
8607931
8610015
8610509
8613475
8613554
8613602
8615072
8616383
8616854
8618875
8621553
8621642
8622446
8624948
8625058
8626431
8626771
8629923
8630305
8631300
8634128
8634501
8641293
8641907
8643285
8644591
8645813
8654763
8656391
8657207
8658896
8662097
8666690
8673316
8676312
8676572
8677214
8691751
8699096
8704741
8706170
8706834
8709227
8710833
8711119
8716610
8716627
8717081
8719321
8721691
8725997
8733611
8737438
8743391
8745469
8752371
8757133
8758639
8764072
8765207
8766588
8771448
8772086
8776028
8776683
8778426
8780887
8784407
8787615
8787620
8788120
8789699
8793102
8793995
8796264
8796303
8797396
8797821
8802823
8803717
8804952
8805823
8806737
8806873
8808192
8808681
8813994
8814281
8815870
8816049
8818018
8819618
8824445
8828608
8828930
8830550
8835569
8837904
8838379
8838746
8843057
8843091
8851662
8852355
8853091
8854056
8855674
8859591
8861711
8864926
8865228
8866528
8868310
8873349
8874764
8876421
8877789
8880059
8880251
8886426
8893784
8896389
8897488
8905797
8906917
8910644
8913939
8916459
8918618
8918706
8920924
8922876
8923565
8924012
8924550
8924851
8928060
8929466
8932041
8935047
8937352
8938101
8938427
8938936
8939434
8939472
8941324
8941737
8944038
8944718
8945119
8948108
8948476
8950072
8951355
8958703
8963734
8964129
8964746
8965853
8966588
8968702
8970646
8971331
8972385
8973473
8973629
8974240
8974333
8975135
8975622
8976597
8977387
8978036
8979974
8980638
8982440
8982545
8985400
8986143
8990337
8992078
8992360
8992559
8993606
8994552
8995610
8997695
9000896
9005005
9006047
9008650
9018576
9020247
9025031
9025349
9025908
9029097
9030448
9030879
9031689
9033928
9035537
9035903
9036538
9037519
9039027
9039695
9042228
9043209
9045017
9048442
9048546
9049071
9060415
9062649
9063395
9065357
9068863
9073876
9074854
9079360
9083568
9083892
9085236
9087700
9094403
9098258
9098503
9100815
9101415
9102431
9104065
9107035
9107422
9113440
9115677
9119930
9120368
9120511
9121894
9122698
9122949
9125619
9128675
9130010
9134291
9140233
9140398
9141584
9142274
9143685
9144305
9145956
9149075
9149559
9152011
9164060
9175219
9178939
9186998
9188282
9189264
9190510
9197332
9200500
9206637
9213131
9218672
9222871
9232309
9232409
9232724
9236220
9236985
9238105
9238395
9238699
9239808
9241117
9241796
9242588
9242861
9244915
9245847
9247743
9255155
9255856
9256309
9261942
9264012
9266684
9267212
9271733
9271894
9272260
9275504
9276575
9277298
9280486
9281807
9281987
9282939
9283125
9285653
9286541
9289602
9305205
9310125
9313455
9314582
9314741
9315126
9315494
9317016
9317616
9318494
9318971
9322184
9322260
9322503
9323038
9325819
9328724
9329476
9332101
9333638
9333985
9343682
9345057
9348557
9349662
9350055
9357036
9357044
9357201
9357738
9358696
9359319
9362653
9362924
9363306
9363799
9365075
9365100
9365159
9365440
9365618
9369941
9370499
9370727
9370973
9371451
9371534
9372538
9372696
9373126
9373127
9373128
9379596
9381514
9382760
9384738
9384911
9385941
9386754
9386867
9389729
9391011
9391883
9392237
9393242
9402294
9408722
9409249
9409514
9410259
9414405
9419195
9425862
9428898
9429962
9430574
9431890
9434565
9438436
9441209
9444687
9450327
9458023
9460192
9462465
9464383
9466428
9467208
9469610
9472580
9472730
9473689
9474039
9474625
9478333
9482175
9483998
9485741
9495526
9499997
9501412
9504143
9506035
9509304
9509377
9510870
9511697
9513378
9516459
9518183
9518605
9521580
9523503
9524590
9527814
9528425
9533040
9536856
9539808
9545823
9548822
9549397
9549402
9550562
9551614
9553457
9554146
9554754
9555474
9555595
9556089
9562470
9564464
9569222
9569508
9569894
9570005
9570062
9570147
9570537
9570828
9571007
9571137
9573158
9576036
9578170
9589192
9590945
9602553
9608738
9608984
9612082
9614935
9615199
9616002
9626121
9626183
9626217
9626384
9629094
9629363
9633661
9633961
9634370
9636546
9638011
9638017
9638194
9638254
9639319
9640334
9640788
9641498
9642040
9642624
9643304
9644038
9646899
9646992
9650960
9654072
9654223
9657892
9657939
9658301
9658872
9658915
9659722
9660928
9663034
9663166
9663874
9664377
9664900
9665229
9667060
9668961
9670345
9672983
9673215
9673869
9678863
9679368
9682053
9685060
9685217
9685420
9687174
9688928
9690910
9695223
9695625
9695690
9695785
9696062
9696429
9697066
9697251
9697927
9698020
9698210
9698223
9698553
9698786
9698920
9699379
9699978
9700703
9701695
9702056
9703294
9703408
9705286
9706049
9713335
9715401
9718141
9718488
9720094
9720233
9721124
9724597
9726840
9727940
9728841
9728993
9729404
9730565
9732013
9733533
9733551
9733801
9734035
9734418
9734623
9734822
9735251
9735448
9737268
9737671
9738672
9740239
9740821
9745493
9746154
9747079
9747722
9749415
9750543
9751120
9751289
9751572
9753620
9754341
9755466
9756291
9756707
9758429
9760160
9764208
9766644
9770717
9771049
9772021
9772300
9772999
9773782
9776364
9776709
9783463
9787776
9788995
9789111
9789924
9790453
9792229
9793794
9799737
9800471
9800755
9802473
9804922
9806225
9806345
9807381
9808205
9808223
9809131
9810360
9813569
9814110
9814167
9815804
9816201
9817095
9817561
9818902
9820092
9820344
9827049
9827344
9829176
9830675
9840142
9841595
9842065
9842590
9843152
9843488
9843748
9848144
9848720
9855091
9855559
9859646
9860934
9860974
9861292
9861851
9861855
9862004
9864388
9866622
9868545
9870853
9887457
9891027
9891322
9894505
9894598
9895285
9896250
9899553
9903395
9903917
9905631
9906217
9906670
9906709
9907713
9908329
9910946
9913124
9913212
9914145
9915920
9921593
9921720
9921811
9922211
9923127
9923473
9925068
9925226
9940228
9949400
9949950
9951149
9952400
9955432
9961002
9963934
9967041
9972500
9972987
9973499
9978671
9979313
9979642
9981560
9981914
9982829
9982851
9983055
9984816
9985856
9986737
9987254
9988404
9994868
9996988
9997017
9999815
10001171
10006346
10007275
10008051
10011155
10011244
10012903
10012911
10015749
10016397
10016432
10016971
10018087
10019334
10019924
10020288
10025643
10027260
10028643
10031105
10031485
10031802
10032178
10034164
10034973
10038647
10038807
10039226
10039272
10040179
10041768
10042421
10042485
10048291
10051503
10052542
10053600
10053659
10054017
10058395
10061697
10063334
10063697
10065999
10075641
10084678
10087953
10088002
10088234
10096441
10101761
10102833
10103538
10103862
10104856
10117832
10118028
10118382
10120724
10124016
10125596
10127207
10132706
10132821
10133166
10135937
10137267
10138554
10138762
10140290
10140572
10146894
10148107
10150244
10151482
10157323
10158131
10159006
10160106
10161106
10162496
10163404
10167181
10168973
10170583
10172529
10175046
10175696
10183009
10184365
10188194
10188993
10191228
10191372
10192058
10192171
10195904
10197916
10197967
10197976
10200378
10200435
10204974
10205941
10213297
10213941
10215762
10219334
10222861
10224776
10225247
10225790
10228243
10230767
10231439
10232793
10234845
10236590
10236812
10237904
10239538
10241442
10241461
10250812
10250990
10253742
10253791
10255089
10255895
10261047
10266047
10270001
10270623
10273311
10275823
10276679
10277858
10279098
10279721
10279794
10280058
10280345
10281849
10282819
10294793
10295155
10295993
10301817
10305482
10305987
10309613
10310416
10310562
10312696
10313229
10313339
10316791
10316796
10317739
10320385
10320497
10325993
10326347
10327257
10328254
10332392
10336915
10341033
10342620
10344265
10345234
10348670
10348849
10349838
10361125
10361371
10369460
10372914
10377821
10379711
10379776
10381550
10382427
10384294
10386166
10386240
10387929
10388177
10388346
10390278
10391155
10393750
10394578
10394777
10396186
10396798
10397751
10397802
10399312
10399369
10400153
10402243
10402412
10404539
10406530
10407120
10407448
10408262
10409554
10410766
10411460
10411936
10412281
10416307
10419648
10423518
10423929
10424044
10424121
10425716
10425724
10425739
10430639
10435346
10435441
10435678
10435922
10436229
10438022
10438220
10438352
10440101
10441541
10446082
10446441
10448765
10451754
10458736
10464490
10465270
10467820
10468836
10469223
10469968
10474128
10474247
10474663
10475417
10476134
10477698
10478084
10478608
10481819
10481880
10482006
10482988
10485463
10486138
10487819
10490024
10490251
10491058
10491464
10492290
10492908
10493697
10495023
10495130
10495144
10495335
10497735
10500086
10503328
10510256
10512714
10515362
10516814
10518017
10518218
10519541
10519953
10520061
10521722
10521748
10522554
10523634
10523767
10524053
10524106
10524583
10525312
10525868
10527161
10530656
10534193
10534667
10535107
10535397
10536330
10536450
10536473
10537426
10537914
10544065
10545408
10547585
10548198
10548444
10559981
10560951
10562241
10562263
10562935
10565804
10572411
10576004
10577084
10577674
10578164
10578367
10579038
10583894
10583964
10585021
10585250
10585815
10586209
10588227
10589192
10591437
10595648
10596546
10597628
10598772
10600726
10604254
10605698
10615215
10615426
10617338
10618073
10621109
10622263
10623426
10624865
10625155
10628625
10630786
10631290
10634037
10642673
10642813
10643410
10643887
10644579
10646620
10649254
10651163
10651204
10655591
10657480
10659174
10663640
10664153
10664358
10665304
10725048
10729742
10729803
10730590
10736244
10737339
10737760
10737932
10738446
10739107
10739796
10740872
10748827
10750154
10751880
10752779
10755424
10756122
10756236
10756286
10759279
10761114
10761212
10761741
10762975
10764540
10765724
10766377
10766894
10767872
10768582
10769792
10770251
10772114
10777647
10777706
10778059
10778663
10778840
10782595
10784470
10788148
10789805
10792136
10792664
10793530
10796021
10800011
10800918
10800929
10802187
10804719
10804720
10805365
10809530
10809851
10809953
10812681
10815238
10816716
10816909
10817481
10818187
10821220
10823039
10827352
10827493
10828118
10828524
10829314
10829597
10832091
10832897
10834528
10837431
10838666
10841615
10842035
10843920
10845126
10847503
10849191
10849197
10849517
10849597
10849909
10850264
10850454
10852756
10859091
10860563
10860662
10860779
10861499
10863715
10864471
10865702
10866143
10866882
10873458
10874647
10877414
10877746
10878027
10880883
10882211
10882881
10885982
10886734
10887594
10887897
10888748
10891144
10894982
10895626
10897126
10897554
10897555
10898284
10898985
10902804
10903278
10908426
10909487
10910878
10910895
10911961
10916137
10916213
10917693
10920335
10921404
10923285
10926776
10933568
10935210
10937504
10937937
10938134
10940292
10941284
10944324
10945946
10946521
10947458
10947670
10952404
10955278
10955983
10956248
10957348
10960571
10961484
10962335
10966387
10967382
10970112
10970856
10972021
10973172
10973788
10975424
10980427
10980686
10981617
10982706
10983228
10984206
10993946
10995458
10997213
10998645
10999783
10999991
11000276
11002964
11003743
11004608
11007075
11007523
11009826
11010021
11010760
11011866
11012738
11013070
11013677
11013888
11014751
11015596
11020023
11024163
11025985
11027255
11029116
11032410
11033744
11033917
11036391
11036506
11036623
11040619
11042319
11044106
11046509
11046701
11048019
11049544
11054678
11059041
11059604
11061105
11061206
11061225
11061834
11061859
11063379
11063724
11064227
11065419
11066273
11068146
11068239
11068746
11072234
11074872
11076098
11077183
11077845
11081250
11084447
11085922
11089978
11093148
11094668
11094978
11095246
11096506
11097989
11098551
11100344
11100985
11101066
11103777
11104559
11105542
11105565
11105880
11107988
11108501
11108738
11110146
11115212
11116784
11121205
11125771
11129167
11130723
11131003
11131809
11132347
11133525
11135762
11136338
11137607
11138880
11139593
11140376
11140405
11142130
11142691
11143562
11144636
11145029
11146007
11146500
11150260
11151406
11151475
11151484
11152037
11152776
11153323
11153616
11155249
11156150
11156451
11156720
11156928
11159409
11162094
11162214
11164562
11167585
11168533
11170476
11171772
11172731
11173910
11177850
11179234
11181544
11182376
11187093
11187319
11188298
11190332
11192439
11194371
11194862
11198751
11198852
11206024
11206387
11208582
11209921
11211263
11211473
11214489
11215197
11215385
11216582
11219546
11220617
11220737
11223846
11224499
11226972
11227453
11227723
11227738
11228451
11228557
11228639
11229126
11232856
11235298
11238565
11239741
11240245
11242997
11245437
11246111
11249023
11250872
11255136
11256667
11259213
11259895
11260180
11261409
11265046
11266639
11287987
11292866
11296885
11297330
11298829
11299387
11299746
11306804
11312330
11313132
11315254
11316694
11319261
11321166
11321461
11322265
11324005
11324886
11327259
11335589
11336759
11337232
11338110
11338944
11339267
11339361
11342255
11344045
11344463
11344563
11344769
11344829
11346209
11351001
11355442
11357683
11359003
11359801
11360471
11361015
11364132
11366120
11367097
11367937
11368919
11372262
11372864
11374516
11374578
11375731
11376698
11377722
11378673
11380568
11381228
11381560
11382540
11383645
11384345
11385430
11387347
11389434
11389929
11393974
11398732
11399628
11401145
11409953
11410305
11416473
11419528
11420344
11428659
11428873
11432122
11435759
11436453
11437218
11441486
11442159
11442461
11443386
11443390
11444591
11449680
11449786
11451344
11455995
11457265
11457453
11457504
11457704
11457912
11458281
11461596
11462063
11463276
11466230
11467223
11467831
11468058
11468579
11468911
11468924
11469111
11469777
11471397
11471863
11473240
11473491
11473894
11474326
11474560
11475003
11475097
11476583
11476784
11476948
11484862
11486396
11491258
11491823
11493955
11494266
11494393
11496804
11499023
11510142
11512511
11515709
11517780
11519585
11524306
11528633
11528737
11529627
11536135
11536606
11537020
11537087
11537342
11538112
11541189
11541492
11543454
11548804
11549901
11552917
11553269
11557375
11560131
11560529
11567524
11567984
11568218
11569668
11570943
11578477
11581565
11582659
11584830
11585218
11585826
11586185
11586993
11587582
11587998
11588385
11590482
11591355
11592180
11594177
11595060
11596596
11597830
11601448
11603002
11603722
11605642
11605757
11608399
11608543
11610797
11611140
11613755
11615983
11616266
11617704
11619995
11620775
11620978
11621453
11623902
11627445
11627611
11631239
11632134
11632333
11632543
11634160
11634539
11635735
11637006
11643191
11643645
11644922
11646647
11646925
11649862
11649881
11654350
11655382
11655622
11656251
11657099
11657787
11660227
11664079
11665531
11665863
11667218
11668696
11669280
11671436
11672304
11672966
11673022
11676123
11676930
11679759
11679959
11680844
11683133
11685169
11689856
11691226
11691265
11691880
11693301
11694675
11694733
11695130
11696091
11696248
11698051
11698081
11700432
11702182
11702192
11702290
11702454
11703694
11704258
11704866
11705644
11706699
11708729
11709857
11711794
11714218
11714267
11714840
11714851
11715219
11715856
11715900
11717510
11719691
11721142
11721331
11721694
11722123
11723355
11724041
11724741
11724959
11725456
11726709
11727010
11727089
11732282
11734247
11734319
11735057
11736171
11736192
11736271
11736293
11736628
11738070
11740562
11743280
11743963
11744328
11744765
11744837
11745038
11746941
11747883
11749110
11749530
11750397
11750442
11750714
11750891
11750990
11752910
11753105
11753236
11753338
11754887
11757055
11759805
11760086
11761471
11761587
11763541
11773124
11773410
11776427
11777809
11779318
11779710
11782336
11782712
11784159
11784742
11785387
11785544
11785760
11786119
11786243
11786792
11787107
11788011
11791302
11792440
11793149
11793603
11793809
11794421
11794471
11794796
11796712
11797396
11797614
11798565
11799027
11799425
11799440
11802012
11803732
11804304
11804897
11805281
11806054
11806504
11807345
11808128
11808420
11809208
11811754
11812072
11814337
11814382
11816154
11817348
11821320
11821658
11825275
11825307
11825419
11825713
11825997
11830003
11830763
11831276
11831445
11832056
11833707
11833901
11835660
11837566
11837730
11838418
11838572
11839345
11839399
11845607
11846216
11849010
11850309
11850935
11852135
11852968
11854002
11854104
11854349
11854669
11854803
11856109
11858020
11863798
11868155
11876664
11910035
11916765
11917482
11951638
11955645
11985517
11989706
11996518
12005506
12008121
12041394
12044873
12047270
12053189
12056419
12069169
12075870
12076368
12079439
12104235
12107455
12112997
12114172
12114488
12115047
12115406
12120153
12121499
12143760
12147136
12150380
12151641
12158278
12159636
12165866
12170217
12170731
12174118
12175300
12176218
12176390
12176655
12179629
12179648
12180247
12183852
12185491
12185574
12187659
12188906
12190410
12191478
12191493
12191813
12191962
12192051
12192862
12193686
12195198
12195975
12196949
12197357
12198118
12205391
12208029
12209116
12211255
12211281
12211595
12211732
12211775
12211825
12212528
12213340
12213938
12214036
12214207
12215003
12215218
12215371
12215967
12216920
12217361
12217630
12217633
12217900
12217901
12219032
12219828
12221068
12222055
12222786
12224386
12224410
12224737
12224977
12224979
12225510
12226141
12226983
12227241
12228727
12228861
12228880
12230465
12230501
12234184
12238333
12239233
12240105
12240155
12240930
12242123
12246131
12246612
12252358
12256744
12273549
12275209
12279655
12281919
12282377
12287867
12288715
12291537
12291934
12293943
12296078
12296277
12298461
12299611
12300345
12301201
12303139
12304144
12305915
12307182
12310191
12317031
12319984
12322661
12327555
12334068
12336827
12337304
12338850
12343173
12346148
12347262
12349327
12363088
12370049
12370984
12371532
12375500
12376131
12379783
12380894
12390453
12395574
12402549
12402648
12406384
12417544
12425321
12429538
12433130
12433188
12437121
12438143
12443533
12449227
12450864
12456825
12459174
12460424
12460478
12466415
12468348
12471228
12473047
12482203
12482425
12483799
12486632
12491295
12500376
12500987
12506675
12507666
12508068
12517901
12518476
12520304
12528003
12528161
12532668
12534528
12536043
12538645
12543586
12547205
12548070
12551514
12552835
12555179
12556212
12557120
12558703
12564049
12570592
12571813
12578894
12579794
12580785
12582238
12582679
12582791
12582854
12587974
12588841
12589539
12594279
12597636
12599045
12600482
12601404
12603235
12605097
12605239
12607152
12607795
12610265
12614565
12615188
12616280
12617063
12617548
12620877
12621136
12623983
12626694
12626952
12627632
12628086
12628459
12628499
12631569
12633968
12635849
12637297
12637844
12639184
12639187
12639194
12643474
12643783
12644350
12644625
12646133
12650486
12652296
12655636
12655861
12656723
12656792
12659542
12662302
12662342
12664902
12666253
12666350
12666384
12666890
12668167
12672536
12677994
12680085
12681692
12682828
12682853
12683126
12688851
12689279
12706844
12708457
12708631
12711966
12712649
12712713
12713163
12716391
12717038
12717991
12718778
12719568
12720316
12720737
12720818
12725728
12726897
12732976
12734403
12734684
12736680
12738107
12740796
12742227
12742535
12744343
12744403
12744759
12744849
12745227
12745741
12746037
12746126
12746477
12747556
12747813
12748684
12749140
12749548
12750365
12750637
12750961
12751101
12752080
12752196
12756006
12759341
12759718
12760329
12764365
12766987
12768854
12770740
12770920
12776408
12779371
12781586
12783279
12786269
12786994
12788637
12794655
12794725
12795371
12798077
12799396
12800588
12802222
12803152
12804861
12809051
12811549
12812475
12812491
12813026
12813154
12813799
12814859
12815108
12818411
12821101
12821674
12823560
12825533
12830991
12834956
12841842
12842974
12845169
12845194
12846012
12846650
12848969
12849618
12849746
12850821
12866575
12868412
12869582
12870647
12872517
12883034
12885643
12886708
12889166
12890266
12894884
12896213
12902477
12906088
12907395
12908463
12908987
12911997
12912664
12917414
12920417
12925076
12933437
12934913
12936133
12939363
12940540
12941061
12944157
12946064
12950677
12950867
12950982
12952045
12952635
12954497
12958486
12960458
12961136
12963085
12964683
12966327
12967790
12971411
12972529
12974885
12977004
12980706
12983191
12984072
12984825
12992548
12994543
12996186
12996530
12997719
12999108
13000951
13006090
13007562
13008298
13009638
13011241
13018239
13018295
13021669
13022404
13025326
13026148
13030161
13030907
13031965
13032623
13038717
13039301
13041631
13041777
13042928
13043027
13043580
13044583
13045910
13047207
13048024
13048430
13053971
13057149
13058920
13061306
13061710
13065981
13066443
13067610
13068009
13069452
13070635
13071706
13074870
13078733
13078755
13079752
13083249
13087936
13091013
13093035
13095216
13095869
13100828
13103684
13106913
13117072
13118547
13119517
13121828
13122454
13123326
13127000
13127919
13128433
13128694
13130230
13132600
13133125
13133807
13136310
13136827
13139600
13141267
13153483
13153553
13153910
13154859
13155136
13155290
13155973
13159881
13334973
13335031
13335107
13335479
13335590
13335767
13335799
13336077
13336612
13336698
13336997
13337190
13340004
13340180
13340763
13340928
13341105
13341877
13342519
13343170
13344814
13345616
13346189
13348074
13348416
13348971
13350880
13351594
13352745
13354218
13354301
13354342
13355262
13355643
13356581
13356854
13356865
13357798
13357813
13358719
13358949
13359930
13360331
13360525
13360545
13360809
13360818
13362136
13362219
13364914
13367814
13368232
13368782
13376322
13377844
13378441
13378450
13380489
13382846
13382901
13383531
13386096
13387308
13388045
13389345
13391843
13392489
13392536
13392915
13393175
13393204
13395383
13397964
13403042
13403602
13404149
13405880
13407509
13408475
13409949
13410682
13411044
13413518
13413940
13415092
13415096
13415303
13416801
13417498
13424293
13426463
13426690
13427853
13429968
13430334
13430932
13432892
13433401
13435473
13436542
13437217
13438581
13438746
13439106
13439352
13443110
13443623
13444836
13447063
13447331
13448596
13451302
13451604
13451957
13453519
13454178
13455701
13456851
13459418
13459852
13460722
13461339
13461473
13461597
13461821
13462180
13464028
13465238
13465429
13465629
13466742
13467938
13467945
13470649
13470984
13471281
13474026
13474732
13475670
13475755
13476814
13479580
13480600
13481428
13482680
13486732
13489796
13492068
13492702
13499010
13499036
13500994
13503685
13504586
13506916
13507748
13509254
13509305
13510121
13510553
13511109
13511499
13515500
13516781
13517223
13519618
13520484
13520780
13520860
13521151
13522355
13523091
13525705
13526646
13529350
13529694
13531853
13534407
13535369
13535939
13536374
13536913
13537680
13539138
13539849
13540103
13540619
13540732
13541643
13542810
13544110
13545276
13547155
13549230
13554555
13556846
13557248
13558604
13562268
13562671
13563462
13564662
13564921
13565785
13566846
13567455
13567603
13568815
13570341
13570675
13573053
13574414
13574677
13574824
13575521
13576983
13577170
13578827
13579963
13584168
13587056
13587145
13587692
13592356
13593152
13593381
13595364
13597544
13597894
13598056
13598893
13600834
13601600
13603559
13603989
13604419
13606101
13606294
13607113
13607601
13607704
13608843
13609448
13610540
13612441
13613053
13614853
13618983
13620839
13621440
13621729
13626230
13626659
13627003
13627076
13627764
13628154
13629592
13630239
13630397
13630442
13630857
13631058
13631210
13633412
13636025
13636180
13637247
13640316
13640327
13641594
13642463
13643013
13644033
13644289
13645883
13649098
13649998
13650177
13654790
13655275
13656086
13659413
13660884
13661400
13662261
13663630
13664223
13664676
13664874
13665172
13666501
13666875
13667578
13668138
13668163
13670863
13671385
13671882
13675615
13675972
13676036
13677100
13679102
13680016
13683306
13684236
13685487
13685749
13687480
13692462
13693996
13694299
13695342
13696192
13696924
13698270
13698373
13699696
13702345
13703020
13708387
13709358
13715936
13716793
13719157
13721711
13724375
13725377
13726722
13729999
13732591
13737011
13738859
13739166
13740345
13740446
13740591
13742081
13742311
13745617
13746905
13747658
13748326
13751169
13751648
13752290
13752893
13753183
13754059
13754326
13754335
13754421
13756643
13756663
13757843
13759452
13761598
13761723
13761804
13770884
13776854
13815027
13816143
13820849
13828447
13832870
13834040
13837159
13865588
13866320
13870113
13877276
13893795
13909114
13920772
13920956
13923255
13932349
13943829
13944795
13949894
13958608
13958914
13976356
13981078
13983619
14001646
14008345
14010543
14025716
14031716
14038617
14041294
14041786
14045085
14056906
14059407
14062192
14065443
14069317
14069801
14070882
14071312
14073755
14079330
14082663
14083106
14093677
14101318
14102818
14105468
14107118
14108532
14111903
14115976
14116012
14117494
14122593
14124147
14126246
14132566
14137422
14138001
14138252
14141906
14144420
14158680
14163747
14168076
14178569
14184748
14191374
14195371
14205968
14210902
14219011
14219793
14227639
14230337
14231537
14240163
14250669
14254560
14261307
14263493
14266808
14274343
14280165
14280264
14281953
14284596
14285923
14286135
14286406
14287718
14291016
14291822
14292770
14293020
14294826
14296081
14300352
14301706
14302593
14308058
14313184
14317844
14334564
14338918
14340368
14342652
14356891
14358016
14360995
14368802
14384232
14389145
14391300
14395841
14406102
14446595
14446753
14449141
14451906
14453727
14467088
14471725
14476691
14477461
14477484
14480973
14481812
14484722
14485007
14485319
14496374
14499052
14505051
14509035
14515342
14517024
14518028
14522166
14534297
14536152
14536660
14537323
14538341
14544717
14545279
14546391
14546465
14546867
14547106
14551517
14557919
14559745
14561005
14567191
14570651
14573405
14579427
14579911
14587871
14587995
14590440
14590508
14596606
14600889
14601385
14602947
14606030
14609176
14609888
14616935
14617591
14623155
14627531
14643402
14644199
14647524
14653528
14655620
14658557
14658758
14660968
14664713
14668609
14670187
14670436
14670990
14679021
14680814
14682420
14683446
14686865
14691407
14693741
14703847
14707585
14708280
14717031
14718721
14719301
14719391
14722879
14723758
14731678
14741871
14742253
14753120
14753909
14756689
14758742
14761498
14766085
14768127
14771481
14773650
14774900
14778773
14782530
14782669
14794450
14805731
14807458
14807988
14811626
14812688
14814784
14817867
14819160
14826353
14827965
14833674
14839710
14839789
14842139
14844304
14845168
14845269
14846227
14848226
14852722
14856292
14857443
14858664
14859172
14864603
14873478
14874843
14879632
14890268
14897098
14897549
14899662
14911890
14920408
14922094
14926344
14927850
14933302
14936145
14937200
14939682
14940288
14942736
14945138
14946576
14948137
14953427
14957066
14959628
14961617
14962074
14965067
14965556
14978137
14979838
14989257
14990109
14991123
14991683
14993114
14993364
14996475
14997706
14999882
15000245
15000521
15001315
15007282
15011301
15012233
15015092
15017277
15019284
15022227
15036920
15037568
15038122
15038995
15039139
15040564
15040826
15049504
15050482
15053030
15054079
15054909
15059440
15061657
15065201
15068893
15071272
15073363
15076175
15082295
15082681
15082696
15091646
15101744
15105753
15109796
15114954
15118756
15120608
15123859
15125364
15127492
15131777
15136969
15145136
15145547
15149419
15159360
15166310
15167252
15167392
15167460
15171065
15183437
15191813
15195328
15195413
15196495
15196846
15205724
15208254
15214300
15214772
15221968
15230637
15234867
15238445
15242714
15243417
15244317
15246185
15248377
15250157
15267605
15277243
15286861
15292116
15295594
15298938
15302231
15306587
15315749
15319266
15330971
15336897
15342714
15348522
15351057
15356231
15372089
15390478
15395985
15396296
15401895
15403166
15407695
15408047
15409021
15421626
15422188
15425587
15430259
15434878
15435558
15441396
15444059
15455770
15470981
15472307
15473070
15473451
15473546
15474861
15480058
15481447
15483521
15485930
15490405
15492681
15496400
15497747
15497922
15498382
15499364
15500185
15500909
15503853
15504373
15504561
15509641
15525750
15535242
15536213
15539252
15542923
15544036
15548976
15554578
15557011
15557993
15567015
15573614
15577593
15578473
15579114
15583272
15585122
15586660
15587819
15589097
15591951
15592045
15592498
15592911
15592991
15598636
15599973
15601873
15605267
15612008
15612323
15614224
15623778
15627045
15627284
15629979
15631498
15632990
15637163
15644776
15653955
15663263
15665148
15668354
15673081
15674162
15676204
15680946
15681175
15681913
15683906
15684243
15686262
15687290
15687615
15688358
15691175
15694504
15701798
15701927
15703217
15704497
15704905
15705168
15710174
15712086
15712588
15724748
15727705
15731351
15734318
15735200
15747456
15756299
15756807
15763020
15765541
15769633
15770305
15770444
15771161
15771509
15778405
15781819
15783701
15785865
15789572
15790309
15791422
15798691
15800969
15800980
15808912
15815258
15816138
15817638
15821416
15828748
15839798
15845303
15846536
15849850
15860540
15864274
15867234
15867274
15870304
15873917
15874790
15880340
15886060
15889688
15890070
15892839
15893070
15893979
15896289
15912772
15915164
15915189
15919481
15940963
15948167
15950390
15953434
15953713
15959342
15962985
15966329
15977326
15985174
15987499
15993688
15995032
16002295
16003456
16008947
16011132
16016493
16032435
16037417
16037577
16039516
16054606
16054910
16067128
16074108
16074452
16077002
16078670
16080955
16085242
16085723
16085761
16085908
16113374
16116392
16118507
16127025
16133834
16136550
16136781
16137647
16138607
16141392
16147526
16153227
16164004
16167142
16167728
16174927
16180577
16183278
16184819
16185193
16188562
16189836
16191374
16192892
16196175
16199844
16200546
16200614
16204908
16205687
16207099
16208491
16208667
16210562
16210742
16212451
16212681
16214270
16217812
16222944
16227547
16227998
16230400
16244097
16253942
16259368
16260416
16270689
16272414
16273814
16274106
16275631
16282983
16285635
16286325
16289130
16291036
16292391
16296852
16296880
16297925
16301652
16301891
16310355
16324566
16325402
16329362
16329453
16329480
16338876
16340463
16342090
16343738
16344442
16344560
16345620
16351327
16351512
16354014
16355127
16355883
16358077
16358223
16359407
16360887
16366013
16368175
16389368
16389458
16391985
16401190
16402008
16402623
16409997
16411922
16413483
16415055
16415632
16420260
16446478
16459641
16464541
16468210
16472076
16475867
16476434
16477419
16477707
16479953
16484272
16484537
16493533
16494412
16501924
16508698
16512694
16513025
16516812
16520319
16523249
16525929
16528501
16530237
16538663
16541138
16552324
16552696
16554832
16562333
16573286
16575013
16584510
16591214
16601658
16604032
16606841
16609427
16642594
16643893
16647116
16655577
16657452
16657831
16662952
16663098
16669934
16673504
16686773
16692155
16693961
16695030
16697011
16705364
16707279
16709769
16727117
16728010
16728178
16732980
16734996
16739338
16741757
16748988
16750977
16758017
16758544
16759029
16761958
16763781
16766337
16770409
16770821
16773123
16773423
16775749
16778926
16782015
16785046
16785824
16786013
16788135
16789163
16792189
16792234
16792291
16792845
16793434
16793737
16793815
16793891
16794597
16795177
16798726
16809326
16811415
16814888
16827100
16827357
16827424
16832004
16832446
16833102
16837900
16843401
16843588
16844280
16855458
16865771
16867050
16871114
16877596
16880108
16880875
16881573
16889325
16889361
16889464
16896435
16922941
16930889
16932796
16935226
16936458
16945107
16945529
16948090
16949189
16962635
16964032
16976630
16977539
16978185
16982868
16986497
16988139
16992614
16999311
17006901
17014988
17015668
17016131
17017039
17020861
17022118
17024643
17029655
17038695
17048532
17048773
17050410
17050906
17053095
17059197
17059780
17061919
17067207
17068866
17070374
17070556
17072143
17074912
17077996
17083225
17083924
17084968
17089836
17092408
17093587
17094383
17105453
17117360
17122075
17129968
17133160
17135105
17135829
17137678
17140721
17147581
17154387
17159510
17160540
17164653
17168814
17175013
17175023
17177278
17177927
17188864
17198074
17207263
17208448
17211496
17214344
17217263
17223254
17225267
17227014
17227135
17233507
17238599
17240333
17244783
17245454
17245730
17251056
17251363
17255807
17256424
17258147
17259543
17262105
17269263
17270853
17271511
17286655
17293754
17294597
17296591
17298122
17298978
17299235
17300797
17302013
17302594
17302759
17306165
17306218
17311571
17315009
17317680
17320194
17322684
17324541
17326937
17327635
17328893
17333506
17336524
17339834
17343187
17362760
17364274
17375876
17380601
17382975
17384060
17384063
17387028
17390034
17395310
17395732
17396678
17402903
17404142
17406434
17406925
17407676
17410810
17413718
17418115
17418797
17419016
17420257
17420619
17421504
17423520
17423795
17425530
17429721
17438200
17439762
17440863
17447340
17448763
17454965
17462049
17463423
17463432
17464309
17464378
17465443
17466160
17466934
17467891
17469334
17471636
17482891
17484527
17488771
17494341
17495301
17497642
17505757
17508957
17509684
17511366
17513410
17517489
17517677
17518128
17526738
17527603
17528709
17532675
17540877
17542250
17542776
17549789
17552526
17553585
17555997
17556123
17557758
17559060
17559263
17559273
17560716
17560729
17563323
17563811
17563948
17565520
17565919
17566561
17568397
17573454
17579091
17587409
17589026
17591940
17595982
17598807
17600185
17602888
17604028
17638447
17641597
17645532
17646055
17647452
17648860
17650118
17650370
17651492
17659350
17659376
17662332
17664785
17664880
17675810
17676883
17677272
17687848
17692055
17705505
17707380
17709640
17711727
17711929
17712478
17720488
17729147
17730609
17736657
17736803
17738313
17738654
17738887
17739566
17743183
17750048
17753126
17759552
17760883
17763627
17764538
17770132
17782929
17787136
17788466
17794424
17795253
17797320
17803088
17803785
17805107
17805991
17807592
17811048
17814642
17815891
17817558
17822785
17826086
17831426
17832798
17834117
17837652
17842642
17845262
17846195
17852899
17855972
17859021
17861278
17861489
17862813
17863716
17864792
17865715
17865733
17867459
17867788
17870022
17872632
17875689
17877733
17878933
17878986
17885903
17886339
17889306
17891146
17898645
17899114
17899755
17902063
17903413
17904496
17908917
17909355
17909579
17911207
17914951
17916657
17923317
17924077
17929255
17934702
17941478
17947217
17947867
17947901
17949167
17951652
17953675
17954742
17955385
17960120
17962275
17965686
17974751
17977314
17981222
17983682
17985121
17985277
17986813
17987132
17991051
17991525
17992245
17992953
17994130
17998389
17999809
18002829
18003292
18004957
18006157
18006886
18010714
18012515
18013712
18015917
18017123
18019646
18020681
18022219
18022682
18024724
18025548
18026860
18035439
18039086
18040142
18041667
18043005
18044999
18045886
18048326
18049050
18054793
18055867
18058981
18059042
18059067
18060345
18062512
18064534
18067645
18071977
18073016
18076225
18081870
18089783
18094068
18102537
18103308
18109036
18110495
18112369
18113833
18113893
18115030
18121545
18122786
18129902
18136580
18140271
18144215
18144534
18145855
18147491
18148976
18149005
18149584
18151962
18155280
18156305
18158537
18159716
18162031
18162315
18165920
18172555
18181844
18186213
18195077
18196222
18201056
18201712
18211895
18211982
18215143
18217747
18218629
18219363
18221180
18221701
18222790
18224465
18230837
18232103
18232883
18236982
18239150
18240903
18242696
18243384
18244227
18252255
18257960
18271512
18277505
18279938
18287664
18289567
18292779
18295795
18295979
18299266
18313948
18315581
18316988
18318395
18319572
18320160
18329059
18338081
18340284
18343743
18344576
18350501
18364907
18366806
18375233
18377631
18379025
18384493
18385367
18387830
18389932
18390887
18394990
18396400
18398451
18400258
18402681
18406455
18415440
18419662
18419765
18421264
18426716
18427719
18427821
18428995
18430195
18433027
18439072
18440499
18441086
18441369
18447194
18462488
18465131
18465311
18467165
18468366
18469788
18476535
18478810
18480842
18481951
18483227
18490278
18510390
18513453
18515541
18518755
18519763
18520035
18520638
18521760
18523557
18524281
18527853
18528394
18529245
18530655
18531315
18533921
18537069
18543132
18554922
18556437
18558065
18565348
18566109
18568215
18569632
18571912
18571935
18573062
18577896
18583357
18585337
18586026
18587424
18589072
18589591
18590155
18593060
18594120
18601548
18614462
18616744
18620611
18622941
18626606
18631785
18632711
18637516
18640457
18640610
18642712
18643257
18643471
18646287
18648714
18650003
18650455
18655199
18656066
18666712
18670862
18674058
18686527
18687846
18689912
18690835
18697387
18698249
18699452
18721264
18722109
18725383
18728073
18733447
18733919
18740142
18740233
18743313
18744226
18744352
18749205
18750143
18754813
18762332
18773197
18774060
18774590
18775937
18780686
18781026
18784033
18784828
18786404
18786948
18787153
18790642
18791960
18795972
18797263
18798939
18810686
18817009
18817455
18820030
18821370
18829813
18836622
18838220
18838379
18841722
18843291
18846437
18847237
18851294
18861679
18865413
18869596
18870402
18872063
18873300
18886095
18887779
18890909
18893127
18896053
18904813
18920272
18920298
18926351
18933818
18935677
18936026
18938664
18949516
18951945
18952458
18954313
18966272
18969910
18970496
18972306
18974864
18975714
18975889
18976476
18977469
18977647
18990123
18993486
18997285
18999064
19002562
19003934
19005799
19007344
19010386
19029543
19032785
19033322
19036214
19056949
19065927
19066263
19066301
19071886
19072769
19073614
19074991
19081780
19082472
19084172
19088926
19094417
19096933
19102534
19102548
19108755
19117512
19118339
19119054
19126917
19129892
19131767
19133811
19134750
19137106
19137363
19138091
19146673
19152765
19163722
19164512
19164594
19171379
19179439
19185130
19189656
19204557
19206855
19220668
19227604
19230847
19246868
19251632
19252509
19252560
19255706
19265844
19266983
19287366
19287378
19291055
19299310
19304278
19305473
19305696
19320997
19342324
19343057
19345260
19348154
19348804
19348849
19350584
19358340
19360437
19363502
19373008
19375326
19378741
19386695
19388130
19390323
19392797
19406864
19409506
19414401
19423432
19425681
19428437
19434896
19437473
19453580
19453853
19455704
19464754
19466424
19471463
19474710
19479433
19483479
19488061
19488108
19488340
19493119
19528009
19531420
19536182
19539768
19543641
19563414
19565451
19565452
19566827
19571613
19572100
19572135
19574231
19579523
19582011
19583148
19584662
19589092
19590658
19600612
19603496
19605828
19606058
19608186
19610926
19611001
19614512
19624216
19624227
19633266
19634548
19644716
19645094
19645360
19651256
19653621
19660280
19672667
19676846
19677461
19678524
19680031
19681848
19682588
19685080
19686018
19687433
19687955
19693258
19696936
19706845
19710500
19714075
19719314
19724343
19737681
19738844
19742661
19743440
19749245
19753597
19756072
19756175
19774971
19775533
19784448
19784511
19785091
19787861
19795940
19797023
19798375
19799312
19807770
19807774
19808859
19808894
19820989
19823319
19828208
19828425
19830495
19830545
19835071
19835840
19844668
19848391
19849255
19853249
19853427
19854595
19855598
19859458
19860558
19860693
19860942
19868476
19869091
19873438
19881368
19885659
19888030
19900609
19903479
19908050
19911836
19920359
19924899
19927193
19928375
19936176
19939821
19946473
19958820
19959572
19964820
19967690
19968110
19968155
19978100
19978799
19979460
19980312
19990502
19992227
19996064
19999603
20000926
20005889
20007018
20007829
20010953
20019336
20026341
20026545
20028245
20031050
20033665
20033943
20033966
20042424
20045782
20049809
20050095
20068777
20074364
20076735
20078281
20078914
20085258
20093469
20096264
20101272
20104841
20106289
20111955
20117214
20118699
20118867
20119964
20122263
20125265
20125365
20128831
20128845
20129256
20131442
20133466
20134781
20136632
20136748
20138455
20138487
20139384
20140022
20141444
20146573
20150840
20152304
20159916
20161965
20164082
20173698
20174857
20179292
20180484
20185978
20190722
20191692
20195680
20198161
20207698
20210478
20215249
20216919
20221827
20222430
20223177
20225887
20231428
20238661
20246006
20261752
20264455
20268557
20271383
20271797
20272256
20281355
20285929
20286473
20290778
20297549
20298215
20300858
20311501
20312521
20312780
20315950
20316472
20320397
20321188
20321540
20329757
20330726
20331209
20335711
20337473
20346617
20347616
20348062
20352932
20355670
20356161
20358359
20362130
20364539
20374325
20375343
20375442
20385484
20390809
20392751
20400947
20410162
20410937
20411407
20424215
20428514
20428890
20431468
20431860
20432381
20437857
20438499
20442851
20447209
20450716
20450796
20454299
20454895
20456035
20457339
20466778
20467156
20488282
20492561
20495633
20502928
20515515
20518179
20520276
20520791
20526187
20526637
20532547
20534670
20535016
20535665
20536650
20547890
20555157
20559331
20564677
20568461
20573561
20574517
20580717
20582994
20583986
20588167
20591566
20594053
20596639
20597272
20601288
20601361
20602156
20604401
20604761
20605614
20607710
20609968
20614123
20614453
20616039
20627532
20628271
20628936
20630098
20632087
20633561
20634258
20635173
20641055
20643292
20655177
20657776
20658199
20662707
20664928
20665712
20666664
20666911
20668977
20669523
20673745
20678055
20683464
20684770
20684774
20684845
20685423
20687813
20693283
20693949
20700795
20703237
20707421
20708873
20714346
20716503
20720435
20726313
20726648
20726708
20727325
20743170
20743223
20744967
20746719
20751875
20758578
20759040
20762421
20766577
20773058
20773279
20779969
20783553
20790602
20797370
20800664
20802704
20803556
20804998
20809368
20810216
20811969
20814423
20816489
20822237
20825158
20825356
20830713
20834425
20834658
20836546
20837953
20838634
20839830
20841341
20842462
20846438
20847611
20848396
20849129
20851822
20857922
20858830
20859682
20860094
20861785
20865830
20869610
20876855
20881107
20881844
20882239
20886510
20886902
20889868
20891188
20893537
20894384
20902395
20906180
20907289
20907616
20907831
20910048
20911118
20923979
20926362
20930939
20931597
20941531
20941591
20954551
20955653
20958500
20959109
20960037
20961146
20966060
20969609
20970787
20972631
20974917
20975942
20980400
20983484
20984864
20986470
20989945
20991181
21012070
21012146
21013657
21014742
21018493
21020614
21020742
21025240
21030367
21040037
21040730
21055429
21055628
21056939
21058198
21072316
21074757
21075147
21075741
21079854
21082618
21083407
21086114
21095166
21097351
21103938
21111018
21114423
21116924
21117335
21119235
21120552
21123204
21124647
21126266
21132463
21133220
21133301
21134477
21141401
21141451
21142391
21149921
21153789
21154736
21155592
21164391
21164527
21165398
21165544
21165867
21169738
21170493
21174695
21176164
21178986
21180189
21181796
21187110
21187402
21188360
21189595
21190651
21198892
21209121
21210141
21218181
21218895
21219063
21223507
21225578
21225850
21225941
21233369
21238676
21238795
21239186
21244239
21244351
21244550
21250443
21250682
21251959
21255738
21260189
21262929
21264970
21265322
21265344
21266270
21268448
21269930
21279835
21282648
21283045
21283174
21284762
21286084
21290769
21290915
21297699
21298307
21299142
21300036
21305420
21306850
21309204
21311453
21311549
21314151
21316774
21318908
21322959
21324142
21326794
21330312
21338228
21347395
21353810
21355239
21359607
21361829
21363644
21370890
21371193
21378445
21379471
21380154
21382248
21383498
21384326
21386421
21393641
21399502
21404990
21415878
21420256
21426700
21427440
21428139
21432212
21440021
21445495
21446831
21447351
21451213
21454303
21454519
21458435
21467628
21470320
21470830
21476488
21477872
21483441
21485272
21486898
21488392
21491379
21504920
21507739
21509734
21510505
21516140
21521578
21523019
21523370
21523609
21527726
21529376
21529565
21529749
21530278
21533496
21533982
21534368
21535220
21535949
21542990
21543794
21544616
21550492
21552231
21552239
21552637
21552932
21556740
21559744
21561553
21568475
21571095
21575067
21577612
21581322
21586367
21587848
21591265
21592306
21593585
21593710
21598778
21601795
21607144
21608473
21613416
21613720
21619236
21621874
21628766
21629316
21638145
21639906
21642052
21642752
21646821
21648924
21654204
21658955
21661528
21670068
21676222
21679429
21682160
21695840
21696790
21704560
21706390
21714981
21716965
21717301
21718512
21719601
21720966
21723022
21732503
21735382
21738915
21740771
21748040
21748656
21757775
21760132
21761063
21767486
21768573
21776765
21779229
21788308
21793813
21800506
21801973
21803303
21823969
21824030
21824212
21825030
21831393
21838284
21839346
21847993
21848583
21850444
21854562
21883293
21887440
21889726
21891328
21894941
21898406
21905212
21905859
21906545
21911915
21913581
21915067
21915233
21917359
21917704
21918114
21919318
21920405
21921633
21924858
21926179
21929228
21929469
21932372
21934884
21938917
21941613
21944536
21945087
21948456
21959272
21961306
21965390
21969895
21971064
21971963
21976231
21976331
21977299
21977635
21979186
21981490
21986931
21992444
21995716
21998353
21998535
22005409
22007877
22015074
22015744
22015790
22025130
22026295
22029287
22031163
22031605
22031851
22041313
22041498
22041501
22041506
22041560
22041569
22041634
22041640
22041653
22041659
22041711
22041765
22041815
22041816
22041839
22041933
22041940
22042127
22042207
22042237
22042349
22042376
22042395
22042411
22042472
22042509
22042513
22042522
22042545
22042756
22042812
22043068
22043131
22043204
22043207
22043208
22043215
22043244
22043279
22043341
22043342
22043388
22043392
22043399
22043523
22043580
22043615
22043657
22043713
22043755
22044038
22044218
22044317
22044365
22044500
22044558
22044640
22044797
22044855
22044891
22044929
22045051
22045096
22045103
22045114
22045218
22045242
22045263
22045443
22045611
22045678
22045827
22045845
22046130
22046657
22046843
22046873
22046894
22046921
22046997
22047334
22047350
22047463
22047750
22047847
22047995
22048017
22048045
22048081
22048354
22048367
22048383
22048499
22048566
22049040
22049082
22049093
22049205
22049436
22049504
22049560
22049697
22049966
22050080
22050140
22050229
22050443
22050794
22050919
22051004
22051063
22051129
22051207
22051593
22051632
22051634
22051686
22052293
22052433
22052484
22052490
22052532
22052745
22052922
22053028
22053225
22053599
22053762
22053855
22054076
22054204
22054258
22054549
22054800
22055294
22055347
22055517
22056028
22056480
22056630
22056666
22056728
22056948
22057019
22057494
22057539
22058009
22058233
22058259
22058321
22058412
22058892
22058911
22059069
22059232
22059236
22059315
22059474
22059760
22059806
22059941
22059984
22060005
22060050
22061213
22061364
22062556
22062673
22062747
22063099
22063206
22063282
22063319
22064573
22064588
22064917
22065071
22065571
22066527
22066621
22068178
22068348
22069136
22069563
22069829
22070171
22070220
22070816
22070834
22071728
22071805
22072113
22073200
22073835
22074524
22074901
22074974
22075157
22075763
22075914
22076089
22076728
22077026
22078735
22078780
22079330
22079349
22079813
22080058
22081510
22081742
22081901
22081924
22082157
22082412
22082680
22083601
22083695
22083871
22084327
22084657
22086806
22087354
22087429
22087532
22087582
22087753
22088390
22089064
22089191
22089289
22089347
22089512
22091370
22091492
22091899
22092113
22092119
22092731
22092899
22092982
22093204
22093444
22094150
22094449
22094578
22094620
22094635
22094980
22094981
22094983
22095448
22095551
22095589
22095642
22095743
22095784
22097468
22099034
22099189
22100213
22100412
22100677
22100926
22101095
22101807
22102359
22102472
22102642
22102871
22102986
22103199
22103310
22103935
22105189
22105376
22105536
22105663
22108313
22110561
22110873
22111560
22111650
22112969
22114187
22116704
22121111
22124568
22128148
22128940
22129420
22130557
22130730
22131741
22132266
22134764
22136279
22140604
22140819
22143461
22143564
22143884
22152715
22153077
22158620
22160401
22161035
22162380
22166912
22167428
22170922
22178294
22179311
22181390
22181646
22183022
22184029
22184089
22186688
22188122
22188306
22188417
22188886
22194311
22194487
22194796
22195855
22198050
22198711
22200431
22202319
22205189
22206580
22208853
22212363
22214017
22214858
22217716
22218600
22218658
22221325
22222136
22222884
22224104
22226027
22228568
22228601
22229544
22231570
22234296
22236849
22245098
22248605
22248743
22251877
22253032
22263859
22276832
22279933
22297198
22303118
22318890
22328983
22329411
22336896
22341041
22349524
22350372
22354224
22357835
22362159
22377416
22401266
22401812
22403214
22419599
22428837
22429915
22437840
22449807
22477912
22480060
22495245
22506758
22507676
22509904
22515702
22526700
22535743
22536438
22542857
22554354
22602596
22605932
22624403
22649098
22654096
22660586
22678742
22696681
22702879
22738786
22740292
22743934
22754555
22768900
22772142
22802094
22821763
22824788
22860555
22864765
22867900
22890671
22903727
22910816
23009682
23025498
23085866
23089549
23096640
23096790
23098743
23108016
23108759
23123616
23135723
23141690
23145955
23158342
23159643
23238219
23238531
23272776
23279217
23296629
23353085
23358863
23364400
23366226
23372065
23379642
23381083
23386398
23388986
23394286
23397869
23399907
23401494
23404874
23410996
23413824
23414702
23418703
23423746
23428045
23436677
23458675
23468162
23476602
23477895
23485221
23508428
23509397
23529458
23531706
23551572
23552644
23560871
23561777
23563217
23573648
23575859
23579458
23591368
23592385
23595220
23598627
23598943
23599187
23599297
23600823
23600889
23602103
23602252
23603609
23613029
23615272
23618450
23620520
23626699
23630733
23630831
23633429
23658357
23661147
23661770
23663398
23672594
23672950
23683501
23685293
23687599
23695333
23703003
23706648
23707802
23710602
23721930
23726340
23737711
23737903
23743525
23745149
23769712
23772699
23775011
23775197
23780652
23785688
23785947
23811108
23814371
23836609
23932469
23954782
23974272
23975650
23990130
24000198
24002674
24003691
24014926
24017235
24081977
24085047
24096086
24112728
24119090
24119128
24125096
24125377
24125613
24127305
24129244
24129416
24131458
24132466
24135534
24135609
24136388
24136525
24137426
24138560
24139115
24140163
24140437
24142734
24143180
24146593
24146696
24149266
24149881
24153113
24153298
24155642
24156185
24157653
24157819
24158194
24162340
24163479
24164103
24168835
24171260
24171295
24174649
24176221
24176334
24176555
24177305
24185510
24186594
24187566
24188770
24190618
24200480
24200685
24203553
24203928
24203975
24204152
24212067
24212685
24219516
24228174
24230020
24233376
24250948
24256112
24256407
24256700
24256879
24258886
24260109
24260500
24261397
24262512
24265135
24266300
24268511
24269451
24274327
24276034
24278680
24280121
24281156
24284379
24285248
24293059
24293381
24295456
24296156
24298923
24299520
24301588
24302438
24303626
24316385
24317642
24318941
24320788
24358336
24367869
24382635
24455494
24455867
24457038
24461699
24463934
24464979
24478742
24480415
24483024
24495953
24495980
24502997
24504435
24509263
24518816
24519235
24520749
24525792
24526069
24527137
24535871
24539051
24541438
24543777
24548792
24549133
24550291
24586676
24606427
24703031
24737291
24739937
24769903
24775340
24788117
24810010
24811596
24823952
24828418
24836573
24843137
24843238
24899204
24911765
24917798
24918521
24919055
24921644
24924044
24924401
24926207
24927116
24929191
24932338
24934085
24939229
24939247
24939952
24940878
24944429
24944828
24948127
24948188
24949218
24951186
24953914
24954059
24954248
24956596
24959908
24962074
24963768
24968984
24975406
24980246
24980632
24981465
24983351
24989965
24991172
24992298
24995549
24996207
24998281
24999256
24999385
25000181
25002104
25002891
25007343
25007413
25016192
25016213
25023089
25025037
25025504
25027334
25030306
25030997
25031596
25031693
25032362
25035152
25035352
25037257
25037627
25038598
25039872
25040150
25045443
25047248
25049562
25050068
25050300
25051075
25051824
25056986
25058341
25058409
25061040
25061304
25067926
25070656
25074520
25075245
25077340
25080797
25082871
25088296
25090094
25092677
25094343
25095115
25097313
25101327
25105645
25105779
25109874
25113739
25114491
25118078
25123318
25126487
25127271
25130854
25140264
25154475
25154820
25158614
25159515
25161410
25162884
25166305
25166531
25173953
25176417
25177028
25181342
25183203
25185523
25187040
25190603
25191240
25195160
25195521
25203302
25206385
25211596
25216153
25226351
25233978
25237850
25255985
25261302
25262931
25265021
25270884
25272774
25273468
25282303
25285628
25300096
25303333
25307459
25324079
25333395
25333405
25338080
25343343
25365624
25366557
25368662
25375322
25389985
25395687
25396577
25397277
25398647
25401640
25404633
25405214
25419025
25480570
25529219
25559890
25577129
25591274
25593181
25601631
25638124
25639615
25646236
25655849
25656386
25697765
25699949
25715578
25728535
25731054
25731069
25735582
25749947
25773169
25786233
25791918
25797034
25804808
25809944
25810408
25811550
25812210
25812697
25812739
25813263
25813828
25813988
25814105
25816769
25818108
25819154
25820906
25821708
25821930
25822529
25826264
25827250
25836663
25837358
25838976
25844140
25844269
25846682
25847722
25848097
25849276
25849511
25849578
25849932
25852079
25854369
25858018
25858803
25858833
25862184
25866253
25867494
25869986
25874610
25879303
25880179
25883110
25901840
25909192
25910132
25910178
25914462
25918618
25931167
25939189
25946900
25946909
25947379
25947815
25951184
25953691
25955551
25955794
25957586
25957917
25972431
25979192
25983652
25985095
25987173
25990882
26009883
26012968
26013385
26024581
26026024
26028233
26038204
26040811
26042506
26047131
26056022
26059368
26066727
26070867
26076178
26086427
26090659
26098346
26102685
26107113
26108120
26108963
26113010
26118962
26119333
26120343
26125426
26125578
26127664
26130969
26132969
26133105
26138121
26141970
26142217
26143431
26145581
26148156
26148826
26149589
26150290
26150796
26153055
26154785
26156095
26156503
26162118
26162616
26164733
26166110
26168075
26171848
26172924
26173131
26176323
26176894
26177574
26179287
26183960
26184819
26186551
26190527
26195019
26206200
26206329
26211056
26212465
26221603
26222767
26230994
26231102
26231110
26245476
26246171
26247791
26247967
26248216
26252719
26254697
26255572
26258803
26259228
26260360
26264448
26267381
26268230
26275233
26281575
26284149
26286796
26298009
26303774
26305600
26315353
26315804
26320710
26331225
26331693
26331868
26334469
26339258
26340507
26347826
26350074
26351709
26352672
26355588
26365099
26365676
26377134
26379376
26385032
26387792
26388228
26388504
26388575
26390149
26392555
26394538
26420590
26424759
26424942
26427893
26441739
26450801
26460190
26461448
26464719
26466897
26469279
26476888
26478645
26483337
26486391
26511268
26511493
26514083
26515556
26515821
26516850
26517610
26517989
26525996
26529028
26538226
26539269
26544076
26549499
26549641
26553015
26558519
26604138
26608962
26628723
26669720
26679483
26686314
26733791
26761761
26769037
26777820
26784969
26812426
26884949
26894214
26896450
26900192
26901327
26901393
26936632
26963184
26963356
26966683
26969584
26983972
26985008
27017064
27026282
27029502
27039669
27083853
27089937
27092515
27114383
27115046
27117941
27123021
27124899
27125060
27159967
27167769
27176378
27180020
27195757
27197420
27198274
27217380
27224547
27225453
27225455
27256724
27257633
27261269
27261276
27261887
27268237
27269453
27269502
27275189
27279292
27279757
27281253
27283028
27284105
27299735
27299787
27303285
27307079
27307081
27315820
27326987
27335255
27349491
27351317
27352937
27354583
27356078
27356482
27356914
27360498
27360906
27361315
27361623
27363279
27370391
27384681
27386407
27389977
27391813
27392494
27392516
27392595
27392789
27393415
27393615
27393687
27395426
27395581
27395744
27395935
27396516
27396528
27396688
27397362
27397799
27399930
27400498
27400887
27401678
27402053
27403305
27404933
27406076
27406305
27406556
27408480
27408888
27408916
27409329
27409526
27409912
27410634
27411670
27415397
27419768
27422366
27422418
27426605
27428222
27429726
27430248
27434485
27434729
27437095
27441554
27454207
27455117
27455271
27457558
27459987
27460392
27461939
27462611
27473344
27474275
27475265
27475310
27478957
27480077
27481468
27483358
27486820
27488697
27494978
27499217
27499407
27499928
27501721
27526468
27527965
27533617
27543635
27544255
27547846
27549254
27549657
27551507
27554274
27554702
27559172
27559373
27565237
27567805
27573689
27573849
27579215
27580646
27584803
27586452
27586764
27586782
27586855
27595216
27596581
27597547
27599470
27601818
27604446
27605338
27605885
27607558
27608423
27610273
27617988
27620142
27623476
27623900
27626367
27629339
27632870
27634001
27637954
27641479
27641863
27643029
27653260
27654003
27657021
27661105
27662458
27663668
27665765
27665838
27666765
27668605
27671937
27681908
27686978
27688131
27688780
27690975
27694128
27696617
27699724
27700924
27702198
27702579
27703435
27705357
27710429
27712743
27715687
27723732
27723746
27726071
27727160
27729086
27729263
27730045
27740431
27742087
27752284
27756171
27757601
27761201
27768636
27771801
27776541
27776549
27776553
27776563
27776565
27778359
27780301
27780442
27787889
27791059
27791062
27794569
27807963
27819449
27830470
27834724
27838786
27844990
27845896
27846190
27853188
27856750
27857007
27858208
27859042
27861086
27862615
27880952
27881432
27885904
27889375
27906346
27906444
27906584
27919674
27921881
27926108
27934387
27935040
27935626
27941627
27943905
27951539
27952283
27966317
27967340
27967783
27971872
27974024
27978178
27979113
27985221
27987066
27988270
27988855
27989906
27992058
27998970
28002998
28006071
28012279
28019237
28020336
28022719
28023354
28027729
28032966
28033530
28036895
28040478
28041431
28043157
28050943
28054298
28055970
28061157
28062602
28066513
28066597
28067185
28070466
28071755
28071782
28076366
28080479
28083909
28084968
28085151
28086245
28088275
28088899
28089184
28094152
28101344
28101982
28110457
28112199
28117733
28121382
28122022
28127161
28130541
28137196
28141715
28142455
28150982
28153988
28154123
28156091
28165340
28170024
28170761
28171804
28171933
28178404
28181611
28181789
28182544
28183731
28184126
28184349
28185564
28186396
28194636
28195266
28198782
28206775
28207543
28212981
28214103
28214255
28221643
28234260
28234489
28234753
28237819
28237989
28240163
28241843
28243812
28248741
28252523
28255045
28255647
28255991
28258315
28262765
28269160
28271222
28273179
28277492
28281039
28281221
28281665
28285259
28293054
28299434
28300024
28300213
28300290
28300389
28300885
28300991
28301269
28302643
28302700
28302757
28302831
28302890
28302937
28305209
28305674
28305910
28310772
28317607
28318724
28321209
28324306
28327678
28331606
28336451
28349371
28349576
28355371
28356853
28363433
28363817
28364722
28364826
28370577
28381350
28384075
28390956
28391228
28391306
28391495
28394903
28401052
28416093
28421457
28427801
28433640
28453010
28454755
28460544
28461684
28463347
28463837
28465818
28468685
28468735
28476244
28480297
28482595
28492432
28494327
28505270
28508890
28514697
28516579
28519541
28535623
28538958
28540548
28547613
28549760
28555377
28557277
28559209
28562932
28563416
28563824
28565848
28573219
28574359
28574523
28580433
28581649
28584132
28584571
28588811
28590096
28591147
28591285
28602026
28602556
28602846
28606261
28607977
28610442
28614884
28623987
28625357
28629192
28631801
28650252
28660791
28668750
28669108
28681590
28686845
28687737
28687941
28689880
28691022
28697278
28698073
28700201
28702130
28705107
28705962
28706699
28711576
28713133
28714761
28715143
28719274
28720527
28722415
28723051
28724358
28726208
28735841
28737311
28739040
28740249
28740393
28740575
28750528
28753158
28756214
28757784
28768110
28770142
28774507
28774675
28781329
28782241
28783566
28784137
28791294
28791725
28796574
28796807
28797725
28799861
28800410
28808540
28811431
28812065
28812206
28812753
28819048
28823858
28825547
28831860
28832326
28835077
28846176
28848199
28855510
28857557
28857969
28858802
28860633
28864177
28865335
28866187
28867569
28872819
28874799
28876423
28877043
28881682
28886912
28894163
28895023
28896808
28898424
28901563
28904919
28905596
28908588
28918135
28918977
28920645
28927002
28927258
28933003
28933334
28934471
28942784
28946424
28947096
28947324
28947572
28947766
28947989
28948429
28951215
28954377
28954629
28958762
28959860
28960021
28965542
28965927
28971193
28972447
28974454
28979887
28982778
28984455
28984967
28987249
28988231
28992266
29002667
29004811
29005243
29009810
29014509
29018654
29021703
29025530
29026835
29027850
29029035
29029127
29029177
29032749
29034375
29037229
29038013
29041477
29043871
29046908
29047417
29048263
29048292
29049191
29050362
29052115
29052530
29054368
29055065
29061320
29064818
29066073
29066920
29066970
29067056
29067220
29068639
29071160
29072714
29073150
29073574
29076019
29076995
29077818
29078216
29078407
29080529
29080566
29081057
29087379
29092192
29094357
29096633
29102613
29102636
29105017
29105453
29106049
29107295
29110818
29110827
29111276
29112068
29115602
29120053
29120176
29120536
29121109
29121765
29122285
29122622
29122861
29123233
29124669
29126261
29126499
29127181
29128136
29128988
29129385
29129586
29129847
29129859
29130030
29130524
29131071
29131335
29133898
29134359
29136621
29138805
29138885
29139441
29140924
29141216
29143702
29146763
29148529
29148683
29148918
29148938
29148948
29149799
29149811
29150846
29155363
29155651
29164612
29167592
29167693
29169216
29169814
29170149
29170274
29170321
29170622
29170725
29170758
29170909
29172115
29172179
29172277
29172738
29173044
29173640
29173661
29173741
29173875
29179271
29185598
29185648
29187068
29199158
29201365
29203416
29207202
29210917
29213317
29216023
29218619
29219752
29227039
29228181
29232689
29233305
29237879
29243115
29245448
29245759
29252345
29261651
29261981
29262032
29262738
29263442
29265689
29266021
29275236
29278194
29288088
29291252
29296594
29302892
29304481
29309824
29315464
29323002
29331990
29344051
29349115
29351364
29351504
29352245
29355231
29370112
29370425
29377938
29380081
29380119
29393609
29394408
29402383
29404266
29412779
29419672
29425272
29469675
29501215
29510371
29514774
29516907
29540673
29550241
29551068
29564258
29584361
29596073
29631521
29631757
29634702
29635015
29649301
29650095
29650124
29651234
29651998
29655051
29659475
29660368
29661736
29662323
29663291
29670415
29679531
29684133
29685536
29693240
29694659
29695634
29695887
29696375
29697900
29697918
29698334
29698505
29698914
29699462
29701403
29709571
29711501
29718707
29727371
29740289
29740835
29746711
29747733
29751012
29758078
29758939
29766354
29769888
29774617
29776980
29781929
29786106
29791000
29791205
29794603
29796617
29797517
29798428
29812475
29814640
29816923
29818568
29823801
29829365
29829572
29829807
29830888
29831135
29842707
29843246
29846556
29849509
29851012
29852850
29859347
29860497
29868753
29869299
29881758
29882526
29883712
29884685
29886167
29886642
29888953
29889557
29892360
29896587
29898276
29900560
29902952
29903142
29904082
29910041
29912119
29917994
29920745
29921828
29921995
29924360
29925925
29930253
29930639
29930713
29930884
29931288
29931324
29931332
29932846
29933554
29939156
29941264
29943419
29945423
29947783
29959458
29963540
29964615
29973190
29978190
29978516
29979934
29984986
29986857
29987149
29994028
30000352
30005870
30006369
30010960
30014656
30018055
30018441
30019894
30020380
30023963
30028749
30036443
30046324
30046789
30047130
30047859
30051156
30056516
30057844
30063507
30063639
30065781
30066420
30066836
30070104
30073757
30074120
30076099
30077849
30077940
30081376
30091716
30092670
30096830
30097084
30102385
30104323
30107061
30108669
30109824
30114486
30121087
30125192
30125644
30127278
30130439
30132909
30134538
30140873
30143744
30148499
30149433
30155281
30156484
30157069
30159250
30162362
30164069
30166152
30172944
30174898
30176662
30177414
30178436
30179673
30186002
30190231
30199268
30200006
30201859
30209202
30211471
30213317
30215645
30215691
30217567
30219534
30221347
30223465
30224854
30228989
30231293
30233490
30235627
30238888
30239434
30243024
30245751
30246500
30251380
30253505
30257789
30259934
30260672
30266435
30268138
30270213
30270773
30272024
30273743
30274363
30281163
30281467
30282389
30282962
30287795
30296743
30303353
30309115
30315095
30325811
30332580
30332800
30345337
30349434
30350245
30354237
30356895
30361439
30362466
30363032
30364742
30366282
30366895
30369117
30369843
30374166
30376879
30380438
30381328
30382278
30382737
30383770
30387321
30388925
30390684
30391576
30393323
30395122
30396473
30397162
30397300
30398762
30401414
30406254
30406510
30407756
30409737
30410249
30410252
30411628
30415612
30416938
30418396
30418817
30423224
30434771
30441636
30449813
30454040
30455278
30455666
30456253
30457725
30460290
30460630
30464330
30465897
30465913
30467348
30472884
30473219
30473995
30474469
30476715
30476992
30481074
30481159
30481381
30489744
30495706
30495739
30497357
30499770
30500617
30504472
30508301
30508352
30509115
30513547
30529755
30538860
30539340
30540253
30543082
30543465
30543903
30546918
30549260
30551488
30552752
30553160
30557743
30559732
30560092
30563954
30568614
30570277
30583198
30589165
30590906
30591908
30594720
30599417
30600355
30601071
30616496
30622670
30643698
30645989
30650618
30670651
30685365
30685839
30702565
30703206
30727387
30728140
30731477
30734859
30738465
30741729
30744970
30745235
30747352
30749647
30755701
30758165
30758289
30761748
30761803
30770716
30772230
30777963
30780345
30782043
30786553
30792562
30793746
30796082
30806039
30806326
30810901
30811605
30823083
30829718
30829812
30831341
30831411
30837525
30838283
30839384
30841639
30853833
30855086
30857052
30859022
30861885
30865290
30865646
30870047
30870855
30876647
30876999
30880582
30893902
30897366
30898814
30899522
30902362
30904007
30913497
30917912
30918486
30924206
30924385
30927209
30928845
30936142
30937516
30938759
30943710
30947705
30949300
30950029
30950478
30953189
30958340
30959143
30963415
30964719
30973852
30974088
30975237
30976386
30977243
30982142
30988985
30989660
30991329
30992690
30993093
30994287
30994608
30995323
31006326
31007736
31009518
31010853
31013163
31019614
31029816
31034622
31047441
31054050
31056343
31057166
31061087
31067002
31080973
31086274
31086785
31087008
31092424
31092498
31093707
31094052
31094641
31095152
31095653
31096862
31097561
31097845
31100331
31100484
31100678
31101860
31105777
31110340
31116023
31119170
31121110
31127598
31129349
31129986
31130559
31137555
31139044
31140916
31142291
31144009
31145228
31152806
31153054
31153330
31154286
31156729
31159048
31167033
31167461
31171375
31172273
31173450
31177044
31177317
31182659
31184064
31188489
31191395
31196922
31203611
31205312
31211261
31212105
31212834
31215830
31216841
31218437
31218497
31218646
31219731
31223253
31225926
31227679
31236145
31240745
31241874
31246471
31248526
31248739
31249343
31249556
31251745
31251802
31252446
31253061
31254068
31254385
31256923
31257538
31265213
31276596
31277796
31278313
31280976
31281740
31283846
31284419
31290172
31290501
31301466
31301923
31301974
31309903
31310079
31315444
31316068
31322572
31322879
31324526
31325182
31327209
31340100
31341907
31342203
31342400
31352373
31366331
31366708
31367522
31373970
31374842
31382391
31384024
31408684
31416482
31417883
31419291
31422195
31424936
31429689
31434064
31444099
31444443
31444826
31445930
31447926
31448567
31448972
31454642
31455947
31456803
31458821
31458825
31467711
31467826
31468694
31477739
31479805
31479898
31480390
31482988
31483337
31486302
31486459
31487604
31490760
31499094
31500434
31501125
31503795
31509358
31512535
31516897
31517509
31517520
31519580
31519595
31524457
31530364
31532025
31540457
31546770
31562549
31569007
31573585
31581192
31584692
31585553
31596290
31597136
31598451
31602908
31604210
31609330
31610445
31610609
31621075
31621377
31632937
31634302
31636624
31637091
31645308
31651316
31651755
31653517
31654850
31656263
31658111
31658371
31659358
31669214
31672262
31674230
31674302
31674526
31678889
31681125
31681669
31683088
31686580
31686956
31687701
31687765
31692512
31697138
31697725
31709636
31710004
31711375
31711691
31721531
31725902
31729673
31730546
31731060
31737072
31738844
31745578
31749318
31749684
31752748
31753357
31759949
31767346
31774214
31776317
31786185
31786719
31788589
31788651
31791704
31793220
31796421
31797744
31799504
31800037
31801941
31810056
31823738
31825765
31830127
31833662
31833760
31840299
31846599
31853620
31854168
31855863
31863421
31865041
31865921
31867162
31870696
31871851
31886267
31886617
31891118
31899665
31904500
31907249
31909413
31910173
31910301
31911465
31911822
31913264
31913630
31916953
31918611
31920303
31921922
31923042
31928738
31931651
31938357
31943323
31943828
31948441
31949609
31955506
31955923
31956248
31963347
31964791
31967465
31967713
31972747
31972944
31974380
31975267
31982954
31985574
31990776
31991664
31995086
32001690
32006140
32015797
32021180
32025792
32026101
32026360
32026484
32026925
32028693
32029462
32030755
32031614
32043795
32044986
32046380
32055020
32064866
32066821
32070131
32071723
32076440
32087333
32089294
32089387
32089586
32090079
32090992
32091017
32094579
32095441
32098234
32100853
32100900
32105935
32110313
32113327
32114064
32114256
32117429
32118205
32118325
32119727
32120063
32129005
32145212
32160637
32161726
32162408
32170637
32171952
32173380
32173699
32173739
32177570
32177857
32177981
32178475
32180015
32182211
32187669
32198603
32200476
32201981
32203613
32204367
32206217
32207954
32210401
32212171
32223728
32224880
32226638
32227409
32234681
32238278
32244473
32248973
32250798
32251333
32252840
32254005
32265770
32265776
32266610
32268050
32269528
32269836
32274356
32274721
32277947
32281299
32284353
32285135
32287912
32287921
32288127
32306288
32306335
32314178
32322161
32324481
32327940
32334500
32341299
32341928
32344017
32345929
32346711
32348504
32350819
32354635
32354654
32357188
32358093
32365847
32375624
32377290
32379061
32379769
32380121
32380669
32385290
32388734
32388765
32391857
32392963
32396306
32405354
32407336
32407484
32409405
32412699
32414317
32416706
32416750
32417619
32418660
32418929
32418964
32424093
32431007
32434187
32440169
32443707
32451360
32453501
32453698
32457246
32457396
32462857
32465315
32466184
32471044
32473725
32477277
32477942
32478349
32485116
32486262
32492024
32494308
32498483
32502563
32502948
32504953
32505827
32505970
32506005
32508438
32508834
32509097
32516804
32520564
32521399
32527456
32531855
32533130
32536056
32537663
32538311
32538473
32539851
32544422
32544793
32546227
32547590
32547905
32548189
32548732
32552175
32554518
32555029
32558627
32562605
32566031
32566935
32567398
32567786
32567918
32573154
32577557
32581390
32583004
32583354
32602099
32604938
32606248
32610424
32614477
32619924
32622891
32623859
32625442
32628360
32629896
32633194
32641897
32642268
32642786
32645296
32675045
32675229
32683738
32688240
32692807
32692926
32695624
32697772
32699758
32701087
32702189
32702539
32705397
32705828
32709320
32709532
32710306
32713317
32714950
32718534
32719082
32725690
32725694
32731132
32735213
32735325
32735483
32738788
32740652
32747666
32748664
32750769
32765801
32767693
32786386
32791613
32797410
32797726
32797813
32798947
32799407
32805389
32808762
32812698
32814239
32817376
32818575
32825788
32828616
32829563
32831600
32832112
32837052
32837231
32842775
32846398
32854228
32858923
32870375
32871389
32871751
32871859
32872374
32874151
32875775
32878567
32883218
32888245
32891145
32895838
32902832
32907987
32910911
32918161
32919526
32919567
32919713
32926532
32927564
32927836
32929029
32933808
32937447
32951351
32955756
32960204
32960944
32965510
32968673
32976331
32978085
32980765
32984953
32985936
32989735
32997049
32999112
33000990
33002673
33006702
33009639
33012456
33020240
33029881
33031974
33032100
33039562
33054690
33067564
33068607
33081859
33084425
33085260
33088040
33088052
33091486
33100224
33102932
33105703
33106036
33108290
33112719
33114514
33115536
33118645
33120072
33120513
33123437
33123929
33128675
33131722
33135287
33142111
33143660
33144237
33146579
33152618
33153793
33160477
33165928
33167398
33173036
33186325
33186341
33188539
33203756
33205438
33209984
33215041
33232885
33233415
33238152
33239168
33239525
33247759
33258902
33260608
33264832
33269600
33271419
33271951
33279147
33280276
33280606
33287331
33295373
33296739
33297351
33303367
33306419
33309747
33313050
33313966
33320791
33322554
33323762
33325910
33329094
33335847
33341840
33344080
33344597
33346230
33346768
33347059
33356044
33357597
33357857
33364656
33368538
33378486
33379278
33386693
33389209
33393957
33395333
33396443
33399928
33400450
33401285
33403587
33417001
33425329
33426645
33426915
33429931
33435155
33439830
33447102
33449722
33450722
33454852
33454918
33454953
33456486
33459371
33460416
33467845
33468725
33470650
33475427
33483546
33486778
33490106
33498087
33501187
33512210
33516818
33522040
33526480
33528095
33531308
33532175
33536647
33539689
33551279
33556139
33557403
33577094
33578321
33579861
33584352
33586857
33589532
33590143
33596607
33598541
33599461
33602440
33603227
33604450
33616974
33622159
33629770
33633034
33633325
33639754
33640872
33643159
33645118
33646278
33651075
33653335
33654302
33655533
33656812
33659522
33661983
33667528
33678786
33685085
33691138
33702933
33703393
33708426
33710868
33715706
33743357
33744876
33745025
33745528
33746992
33757266
33760383
33768904
33770669
33775377
33781864
33782336
33785333
33790864
33794634
33798353
33806217
33813291
33815046
33816079
33833919
33834362
33839743
33843581
33844404
33846255
33847781
33850270
33850409
33856506
33857501
33862780
33872302
33883248
33890479
33890920
33899243
33905657
33907075
33913606
33914652
33916533
33918246
33920901
33923184
33930024
33933039
33933907
33935424
33937524
33939952
33941273
33946871
33952996
33958678
33960918
33961690
33962781
33964453
33967540
33969889
33976386
33977798
33979799
33980508
33982207
33986056
33986963
33993744
33994199
33995721
33999021
34001951
34005890
34008091
34010208
34014717
34015373
34019329
34021781
34023112
34023688
34028063
34032438
34033458
34037005
34040230
34040563
34040983
34043132
34044427
34045380
34046558
34047545
34049045
34050102
34053167
34059772
34060312
34061688
34063133
34073010
34073375
34074819
34074976
34076289
34083932
34084312
34092340
34100556
34105338
34114773
34119343
34121265
34123894
34126097
34129025
34137104
34144386
34147418
34148145
34153556
34153892
34155384
34159896
34167046
34170593
34170690
34172319
34173483
34173613
34174121
34178463
34181933
34183961
34186102
34195060
34197325
34201361
34202897
34203487
34206261
34206393
34207266
34210978
34217079
34221108
34222729
34224405
34229160
34229237
34231896
34234333
34234362
34235002
34237342
34238289
34239854
34244961
34248260
34250380
34251149
34258329
34263166
34264327
34272351
34282128
34290007
34290772
34293212
34296419
34301344
34303125
34308024
34309492
34318715
34318836
34324819
34324911
34325986
34331084
34332000
34341860
34341942
34343722
34344035
34344064
34353311
34356187
34357909
34360804
34361988
34364531
34365590
34369870
34373354
34379730
34389078
34389465
34394900
34399757
34400540
34404101
34405617
34413095
34418071
34419356
34422650
34422988
34425167
34429724
34434675
34438410
34439950
34445181
34446591
34451990
34452887
34453232
34453518
34454012
34455746
34462520
34470634
34472491
34486694
34490437
34491411
34492408
34496307
34502475
34507894
34516645
34518256
34523290
34525082
34530612
34536533
34537602
34539470
34539563
34543313
34555876
34558716
34564732
34570979
34571843
34573906
34577109
34577728
34582412
34584436
34585769
34587715
34588940
34592492
34607580
34618833
34625221
34626387
34629284
34631704
34633833
34634216
34636405
34646376
34648134
34670805
34689162
34704389
34706986
34712715
34717007
34717452
34742853
34754012
34754970
34755683
34756719
34759643
34759827
34777561
34787726
34789306
34794554
34827406
34829026
34829348
34830911
34832408
34833637
34833662
34833717
34836972
34838161
34839305
34845078
34849515
34850088
34859564
34860649
34870181
34884113
34895226
34896252
34908862
34911337
34918559
34928011
34928063
34929384
34931357
34932389
34934982
34937296
34942168
34951572
34997292
35004435
35017569
35019404
35027550
35027643
35028725
35036708
35063655
35079337
35085617
35086366
35087163
35087474
35089556
35091974
35092124
35097854
35098668
35101484
35102593
35103832
35104595
35105606
35106902
35109040
35109266
35111472
35111692
35112579
35112970
35115715
35115993
35116065
35116850
35124368
35125077
35126716
35126823
35132188
35137644
35140522
35147040
35151613
35153647
35160185
35165254
35165434
35165508
35166159
35166217
35185028
35209382
35213136
35213471
35216792
35221399
35226417
35227392
35241082
35245972
35248783
35250605
35256269
35259476
35260908
35261078
35274783
35279573
35284118
35285561
35290308
35290489
35292742
35311301
35316536
35323205
35336330
35339700
35342689
35343336
35344169
35347282
35348818
35363608
35380430
35380562
35383186
35390012
35390492
35392439
35419467
35423152
35423307
35428245
35429878
35431170
35436265
35438924
35447122
35450913
35451321
35454705
35457496
35458888
35464451
35466131
35469426
35476661
35479306
35480263
35487276
35499325
35501112
35501204
35525086
35527890
35528446
35532862
35533969
35535175
35537313
35541012
35541604
35541848
35544954
35546678
35546812
35571331
35574577
35580940
35590136
35598900
35613150
35617606
35618480
35620176
35629067
35637378
35641625
35650845
35650997
35651453
35654163
35654678
35654697
35665647
35675339
35683015
35684339
35690993
35692775
35704653
35717577
35745241
35746885
35762551
35773119
35774630
35775842
35777293
35779613
35787810
35789170
35791066
35794439
35806679
35807281
35813106
35818900
35818923
35818984
35819264
35824595
35831170
35831800
35832013
35837460
35843856
35848503
35850409
35854698
35858330
35859633
35862555
35863278
35867709
35870020
35877257
35881514
35884917
35892970
35895674
35896554
35896794
35902636
35906097
35906338
35907425
35917876
35918821
35932070
35932710
35935931
35937301
35944183
35946109
35948892
35950855
35953028
35954214
35964606
35969570
35971471
35972238
36093090
36218100
36227541
36238318
36253906
36256683
36258082
36264615
36266508
36268391
36270754
36271813
36273200
36279210
36279751
36288205
36298962
36311778
36314360
36316127
36316304
36317293
36317322
36325785
36327695
36332718
36333588
36345286
36345603
36346270
36347254
36348379
36348588
36349238
36353014
36353709
36362533
36372224
36381463
36407920
36421232
36426071
36438299
36441227
36441620
36447518
36450777
36454617
36457535
36457995
36459046
36460637
36462549
36479584
36482764
36493399
36494841
36495039
36496209
36497219
36497565
36504861
36505383
36507912
36512111
36514975
36519136
36520341
36524609
36524960
36530120
36536178
36538853
36544019
36552494
36552703
36553782
36567325
36568710
36572893
36573263
36574274
36578400
36579281
36589940
36591453
36593669
36593770
36594417
36594594
36594615
36595570
36598871
36600307
36604211
36609794
36621391
36622969
36627516
36631934
36634884
36636803
36638371
36652572
36655477
36656004
36657331
36666006
36666568
36674463
36675322
36675814
36676484
36679325
36682587
36685415
36688625
36691228
36699739
36732159
36735132
36735784
36737981
36740344
36742157
36743211
36747474
36748997
36749083
36749149
36754112
36757516
36758864
36765677
36767253
36773883
36775079
36781711
36788132
36789094
36791361
36798373
36798782
36798817
36806942
36819233
36824245
36856563
36870955
36875165
36875714
36883526
36894224
36896735
36897540
36900190
36904013
36908368
36943363
36971687
36975219
37013329
37083679
37084324
37105628
37106414
37111636
37115963
37117929
37120126
37123725
37128446
37139248
37143296
37161711
37168739
37170062
37174417
37183774
37187138
37191795
37192531
37195440
37199271
37203094
37206984
37209183
37211426
37218645
37219073
37232177
37233872
37237731
37241922
37243583
37245727
37246229
37255659
37256009
37257389
37257575
37257752
37258713
37258764
37259169
37260381
37261599
37262605
37263240
37264471
37267124
37269163
37272853
37273480
37281143
37283024
37288853
37292290
37297429
37299867
37305721
37309191
37320712
37321256
37322325
37326766
37327426
37333079
37334783
37339132
37342418
37349142
37368228
37371290
37373939
37374300
37384391
37384404
37389751
37393400
37397145
37402968
37405751
37407946
37413829
37415393
37416572
37418031
37419517
37419927
37420932
37424579
37425443
37445623
37447876
37447973
37452441
37455957
37456546
37463264
37469316
37470422
37475298
37476915
37477469
37480166
37483051
37488511
37495444
37500264
37500561
37501018
37501042
37501759
37524725
37536168
37538433
37540110
37540177
37541989
37545575
37546144
37549113
37552940
37558168
37561753
37563783
37571163
37581653
37591711
37594808
37596981
37609171
37617757
37626703
37638236
37666093
37666164
37676836
37683270
37689990
37703551
37705938
37719593
37721635
37729448
37731394
37732030
37738531
37746460
37750564
37751204
37763024
37766237
37767705
37787585
37799632
37813989
37814199
37819906
37825426
37825760
37826483
37830230
37834304
37840502
37844203
37844619
37850171
37854188
37854371
37858047
37858094
37863501
37866160
37869230
37874853
37880973
37888013
37892686
37898131
37898910
37898979
37902181
37908496
37911562
37918558
37932478
37939513
37946333
37957974
37960401
37965794
37966242
37966867
37971819
37980034
37980974
37997664
38006023
38010762
38020395
38028482
38035504
38037218
38060020
38064212
38088913
38090830
38091986
38095425
38095537
38100795
38100814
38102840
38107169
38124444
38124704
38129649
38129823
38148155
38151283
38186611
38187077
38189922
38200271
38207542
38214486
38216625
38217550
38230471
38236463
38243532
38248369
38272063
38318951
38329517
38331057
38331499
38334643
38342174
38344606
38349706
38353969
38392427
38405277
38428161
38433538
38449990
38469028
38482860
38493567
38494852
38498161
38520832
38530487
38556207
38556941
38591673
38596291
38598697
38614818
38621109
38628431
38629367
38629749
38634442
38669039
38675670
38686665
38689999
38700651
38711704
38715898
38718445
38719343
38725631
38729608
38759857
38764676
38781407
38810527
38819525
38821519
38827807
38828937
38829050
38830614
38837154
38841108
38843634
38848512
38853420
38861279
38867296
38871852
38875544
38875632
38882946
38894349
38901465
38902184
38911692
38916339
38920040
38928872
38929339
38952223
38957437
38963210
38971616
38972379
38981308
39001165
39002150
39009692
39019909
39025462
39030009
39036724
39043443
39047693
39047909
39054353
39058836
39075178
39077031
39077471
39085536
39095969
39115691
39115965
39120714
39121491
39122172
39125397
39127608
39128423
39130848
39135633
39143175
39144156
39147684
39154383
39168761
39173924
39176836
39179781
39180850
39197863
39199622
39208609
39211220
39222401
39225546
39235805
39242385
39245047
39246084
39250028
39250231
39250668
39265301
39283448
39306018
39312237
39328794
39358554
39389511
39402485
39458408
39458575
39470879
39489545
39502941
39506004
39506809
39507122
39511453
39517049
39530095
39537179
39543083
39543597
39544717
39547679
39556054
39556340
39569697
39580901
39581452
39589255
39602832
39612575
39630269
39632563
39644525
39651448
39655205
39656086
39657061
39664535
39691053
39714225
39718450
39718653
39725783
39732337
39737585
39744725
39751118
39753500
39757230
39762995
39764226
39765609
39769059
39770322
39774272
39785632
39787648
39789994
39816825
39817116
39822054
39822356
39822952
39828653
39830924
39832018
39832995
39842565
39850060
39854328
39859178
39865705
39866939
39870912
39871877
39878800
39890509
39900564
39904507
39907311
39911999
39914817
39917429
39917668
39919052
39922328
39926909
39927042
39927184
39948094
39969752
39976182
39980156
39983811
39989810
40002736
40008700
40017639
40017984
40026485
40036475
40038744
40058290
40060294
40062388
40065307
40071164
40076473
40085197
40085938
40088935
40091134
40092617
40100371
40111146
40113643
40119010
40126867
40130374
40146270
40150745
40150960
40153038
40153817
40162116
40164482
40172641
40220168
40235007
40235230
40241707
40247181
40251034
40270826
40274748
40277021
40281297
40297940
40310118
40322230
40332848
40341025
40352954
40356217
40357278
40365837
40369026
40375728
40383312
40387152
40388014
40390279
40391193
40406500
40428242
40444597
40444626
40444723
40445634
40446271
40447300
40450744
40450853
40452152
40453918
40460373
40464458
40467900
40469579
40473123
40490540
40496958
40498823
40502065
40522300
40525630
40533836
40536963
40540525
40544481
40546833
40556784
40588366
40611807
40612285
40616916
40652200
40652606
40652662
40680422
40681700
40697069
40697150
40708625
40776839
40805101
40814524
40825676
40835072
40860091
40875411
40877895
40879232
40881084
40886971
40887995
40894977
40897842
40897883
40898107
40898796
40899091
40899702
40899783
40899787
40899823
40908870
40909717
40911136
40916573
40916741
40920135
40921110
40926783
40929422
40934794
40936280
40939629
40952575
40964011
40984599
40988946
40995063
41002958
41007156
41018458
41022471
41027001
41029555
41034197
41035009
41062338
41083469
41084737
41084745
41102614
41105300
41107191
41107401
41110330
41110724
41113823
41140625
41143539
41147365
41147465
41150184
41162077
41170632
41174205
41176305
41176513
41181640
41181820
41208098
41214235
41217231
41218729
41223704
41227779
41235964
41236323
41239892
41240050
41241576
41245548
41266403
41275603
41277819
41280085
41292999
41295862
41295977
41298704
41304444
41304570
41312283
41314015
41316161
41323223
41325830
41330043
41332815
41347207
41359098
41391788
41409145
41412275
41412645
41412668
41415291
41423196
41436405
41440624
41453748
41454276
41461329
41465029
41468848
41480531
41483073
41499067
41522042
41533972
41540521
41548933
41555571
41564844
41568464
41569804
41574381
41599064
41600283
41604159
41615422
41625038
41628070
41649554
41655914
41656748
41657187
41660792
41660825
41665157
41675771
41683861
41695184
41705058
41709518
41719181
41723241
41729627
41732031
41737482
41745232
41755257
41758019
41759301
41759793
41774634
41784849
41791037
41792041
41794407
41796427
41796891
41820183
41823712
41829122
41829991
41831057
41831660
41833333
41849221
41850762
41857480
41859918
41860248
41865175
41868531
41874953
41878840
41879911
41893766
41900774
41901194
41903563
41906061
41919042
41935161
41943475
41944060
41954822
41956443
41966326
41973343
41988280
41991688
41993188
41993897
42011930
42023157
42030393
42031093
42057813
42059662
42069266
42080368
42084046
42087658
42091939
42094710
42096527
42100100
42108808
42115141
42115401
42116935
42117430
42117592
42120112
42127679
42130106
42149558
42153144
42162902
42165659
42172427
42185793
42191696
42196050
42197578
42198632
42201865
42209504
42213820
42216598
42227435
42236963
42249455
42249535
42252154
42253868
42262355
42267590
42274634
42276162
42282883
42291541
42292869
42299847
42303043
42303220
42310035
42314527
42318923
42321560
42343778
42371203
42382265
42386068
42386966
42387208
42395709
42414557
42423171
42429424
42429840
42433817
42447414
42461512
42465536
42466676
42476585
42477568
42482063
42483112
42488759
42489435
42499024
42517299
42521268
42525178
42535718
42543226
42543306
42555117
42555463
42556584
42558850
42561208
42563411
42571977
42572762
42578972
42580470
42584036
42584845
42586722
42587080
42593806
42594691
42596115
42599778
42605201
42618743
42626321
42626811
42628309
42631773
42633223
42639451
42646768
42652349
42655007
42658206
42660942
42665736
42666274
42670014
42670672
42677747
42696492
42698850
42719787
42730233
42731643
42740528
42741166
42746583
42747580
42747682
42748002
42748654
42756335
42762000
42765980
42766063
42770693
42771951
42772434
42773262
42775732
42775898
42777340
42777582
42778079
42780325
42781507
42783425
42784286
42784288
42786057
42786115
42791320
42791395
42798846
42806402
42806447
42807289
42820880
42821244
42850177
42850588
42856215
42857344
42862027
42863665
42866337
42880938
42886940
42892765
42900039
42919790
42922792
42925012
42925125
42934309
42938487
42945712
42949818
42957155
42957469
42957974
42962952
42971266
42974704
42980512
42984026
42991368
42992842
43002003
43004836
43009231
43013976
43023019
43038964
43044779
43051923
43053190
43056583
43064597
43067974
43082037
43090947
43093945
43103171
43106625
43114035
43117450
43120707
43125340
43139411
43139431
43143884
43148238
43150694
43150854
43150907
43153845
43155644
43168350
43175071
43178546
43183103
43188774
43213495
43221024
43228455
43229651
43276192
43277601
43285835
43287450
43288483
43300229
43300280
43303785
43313295
43324160
43330678
43333268
43333411
43338782
43341158
43343000
43344261
43372244
43381290
43383745
43386057
43388421
43388991
43392040
43393096
43393614
43399598
43402577
43409547
43412954
43413834
43417879
43420313
43435508
43440093
43442316
43442438
43443444
43444172
43445697
43452270
43452630
43452953
43453842
43458441
43459432
43463307
43463831
43471667
43472410
43476811
43480740
43495471
43507814
43508115
43515698
43523139
43524980
43526078
43530630
43536998
43543260
43551770
43566411
43573528
43573683
43576494
43582263
43584390
43588494
43593000
43603637
43610385
43611720
43615282
43617186
43620776
43622661
43628341
43636733
43636796
43637264
43637662
43637674
43663348
43671595
43674390
43675838
43688645
43689050
43689615
43693332
43695811
43700791
43708233
43708896
43710556
43715765
43722854
43726706
43730116
43757400
43765195
43768205
43770996
43772909
43777550
43786903
43788254
43792094
43792747
43794660
43795142
43796686
43800665
43804464
43805864
43811243
43826581
43831832
43833068
43834010
43847013
43847615
43865021
43881826
43883624
43883894
43904313
43910867
43913702
43931904
43933293
43942906
43970073
43974607
43980689
43981251
43991198
43996136
43996553
44008098
44021319
44023626
44030387
44036990
44041318
44042482
44045790
44046363
44046616
44050558
44051789
44056318
44058370
44079019
44081262
44085796
44096391
44099338
44110358
44115117
44129227
44133171
44135714
44136264
44138157
44145127
44154993
44164897
44167256
44174637
44175669
44185427
44189092
44194967
44195283
44198423
44201387
44213288
44228138
44228394
44228711
44230269
44237699
44244474
44245523
44251938
44255149
44258188
44268043
44270007
44277473
44286001
44286090
44295105
44302804
44306254
44310621
44312840
44331055
44343205
44345603
44355602
44362134
44366502
44366522
44370405
44384806
44391905
44402794
44406860
44408672
44410731
44429277
44433101
44434229
44434280
44438868
44445738
44467387
44469742
44470170
44480604
44489636
44490912
44492221
44494634
44497455
44536846
44541818
44542910
44549800
44560250
44560292
44560848
44561198
44564057
44564484
44573709
44583285
44596913
44608491
44620869
44625799
44639790
44642691
44660592
44660725
44667408
44686334
44688622
44698452
44708534
44710299
44735443
44737543
44744929
44760076
44762186
44774587
44776091
44796054
44798124
44806877
44813205
44814058
44824003
44825499
44864021
44909333
44915280
44920860
44926586
44931891
44955301
44965070
44979299
44989079
44996394
44997949
44999522
45011772
45017417
45022599
45025119
45038581
45040095
45051163
45056594
45057526
45058228
45064711
45065103
45070449
45076764
45086097
45093928
45099774
45103603
45104917
45116479
45123668
45132221
45150241
45153730
45154044
45162748
45166996
45167890
45170057
45175069
45196316
45235513
45236638
45242623
45268966
45270388
45275944
45281845
45281943
45283479
45284088
45289687
45299669
45302883
45332821
45333018
45349076
45360258
45361071
45367072
45372078
45373551
45378999
45379712
45379958
45389724
45398359
45406508
45410812
45421334
45421343
45427982
45435422
45449576
45452363
45459806
45462755
45468288
45469494
45472649
45477973
45478168
45482766
45483090
45483193
45484029
45488699
45493602
45500007
45509172
45510549
45512023
45531468
45536009
45537834
45542027
45543923
45547124
45547637
45551698
45554297
45560248
45562985
45569874
45589765
45591843
45600200
45602393
45621828
45622861
45625479
45628051
45630447
45641562
45643962
45647900
45663889
45669442
45670962
45672423
45675587
45682601
45686508
45695662
45696853
45699218
45702808
45710296
45713744
45715488
45716839
45716982
45718797
45728357
45730707
45735608
45736903
45737899
45753065
45756315
45769443
45780916
45786598
45786706
45795159
45799319
45800494
45805974
45815093
45817582
45820624
45821509
45825037
45827625
45828664
45829238
45833700
45850361
45852536
45899428
45899534
45904696
45910999
45914140
45916765
45927620
45928181
45945255
45949937
45957946
45958149
45959222
45959880
45973741
45979464
45984242
46008535
46011576
46031769
46034097
46038144
46044657
46047201
46056218
46059253
46061497
46076356
46078628
46083313
46097965
46097974
46100550
46107975
46116990
46132201
46134272
46135798
46140767
46146178
46154651
46157718
46159467
46169686
46170837
46173119
46177839
46181265
46186927
46187028
46204530
46213108
46213256
46218418
46220473
46224811
46226691
46233439
46235671
46243538
46244671
46245241
46246221
46259834
46268102
46273060
46291537
46295819
46305311
46308211
46311598
46335623
46343261
46376637
46382102
46382445
46395025
46398779
46399869
46403735
46418104
46432065
46434741
46435407
46448155
46452740
46454746
46473900
46478837
46484022
46486919
46487307
46488329
46488362
46494877
46500257
46503464
46508152
46512298
46526822
46528330
46531487
46535189
46535608
46549732
46550667
46550849
46553649
46561423
46562795
46564140
46564178
46566614
46570078
46570522
46570587
46580809
46595474
46607416
46607521
46615205
46636935
46638242
46641698
46645472
46650238
46650834
46658188
46658604
46671103
46673193
46689791
46690639
46696299
46708779
46715575
46722623
46741292
46762342
46763604
46763856
46771053
46772633
46777928
46781156
46793075
46797850
46814136
46828655
46830929
46832589
46837179
46840170
46853644
46865123
46879616
46884473
46886265
46887540
46892713
46892895
46893637
46902554
46903263
46912723
46915362
46918087
46918468
46919130
46926518
46932445
46949632
46964563
46971728
46983651
46985865
46992986
47002659
47044351
47076279
47080054
47087545
47114546
47186639
47209484
47230358
47242336
47251326
47273335
47328034
47375275
47391991
47395837
47400525
47406830
47418326
47423594
47445635
47452734
47453217
47458719
47471595
47476676
47486797
47486950
47490001
47508018
47511759
47518878
47526257
47528601
47530058
47557792
47559674
47559884
47576467
47588974
47590993
47594388
47603214
47603588
47606874
47612578
47615034
47617572
47617609
47623753
47631889
47633245
47634382
47641212
47642354
47647534
47647604
47648228
47651091
47659516
47674799
47676941
47683439
47684393
47685619
47685861
47702478
47704123
47707175
47707353
47708274
47733957
47761888
47771608
47781345
47791420
47797959
47802580
47818761
47822161
47834930
47836520
47840560
47843283
47846085
47856619
47885154
47907369
47930775
47935430
47937126
47944781
47948890
47949545
47958210
47960229
47964114
47975081
47977752
47987359
47988655
47993749
47995816
48007578
48008257
48022090
48027313
48040350
48046765
48069938
48070029
48071655
48074943
48075498
48077747
48079125
48080168
48082814
48095257
48109228
48112459
48113152
48113201
48113900
48114060
48116981
48117887
48118509
48124684
48127883
48138096
48153227
48154181
48155289
48164748
48167629
48180400
48182665
48192773
48197870
48206987
48212853
48212857
48212908
48212972
48212994
48219054
48219477
48226555
48231184
48231600
48231820
48246258
48247009
48250033
48250875
48271138
48281917
48284404
48289166
48289915
48290849
48290883
48310858
48323474
48331254
48360541
48360627
48369107
48369357
48379610
48382207
48390702
48393947
48414570
48417605
48428741
48429177
48429634
48442909
48451224
48452967
48456681
48481687
48483278
48484237
48488789
48489858
48506827
48517077
48518681
48520877
48544623
48545612
48547475
48563627
48594780
48595256
48604085
48606792
48608204
48618710
48619452
48621791
48622861
48623168
48624202
48624456
48625325
48626300
48630316
48635595
48640376
48661472
48662479
48662983
48695025
48699687
48700158
48710631
48711113
48725090
48740334
48746528
48768161
48774231
48800397
48803688
48808075
48821378
48821807
48828638
48839207
48842857
48844776
48846478
48847074
48849309
48852357
48852822
48872974
48877366
48882493
48884455
48885760
48885983
48891272
48894361
48907476
48912774
48923147
48931319
48946470
48956993
48967055
48972333
48977323
48984527
49000242
49000297
49005055
49016502
49018521
49020964
49030230
49036971
49037260
49043555
49051769
49054766
49056695
49076483
49077076
49077216
49081522
49081605
49089384
49119446
49132105
49132725
49141366
49156361
49159749
49167477
49169436
49171325
49171715
49174834
49175060
49178399
49181770
49182396
49201885
49205409
49215033
49223285
49226343
49226737
49233685
49235684
49248427
49251059
49257269
49257932
49258565
49259034
49263583
49264621
49269974
49274080
49288996
49291317
49313265
49324964
49325649
49333932
49334378
49337859
49344854
49345633
49348644
49351118
49352959
49353145
49357520
49362284
49394406
49403649
49421142
49429399
49442176
49443600
49444649
49446758
49455252
49473754
49518859
49520578
49522272
49540399
49542330
49546315
49547869
49559855
49565967
49572344
49575403
49590280
49590746
49593617
49594827
49598924
49603119
49604847
49620901
49639579
49642088
49646578
49658176
49663969
49690308
49707360
49714991
49723280
49724970
49728758
49755646
49757965
49763802
49765982
49771348
49771783
49771823
49781575
49794998
49802050
49815428
49816094
49821892
49835264
49841417
49850511
49850640
49866441
49868807
49869047
49871298
49873231
49882968
49893080
49893454
49901098
49907658
49912983
49915919
49921321
49926792
49928040
49933251
49944518
49949379
49953446
49956367
49966037
49968387
49972845
49977371
49985067
49990411
49991159
49993910
49999610
50001412
50001964
50002262
50012906
50014688
50023676
50033860
50041076
50059489
50078877
50083244
50090349
50099252
50103591
50112147
50115785
50118620
50121603
50134115
50135428
50139649
50141661
50143271
50146520
50154092
50158135
50177582
50181375
50181671
50203464
50206018
50212397
50215757
50217849
50222825
50231982
50236742
50246013
50247160
50268303
50268349
50269067
50280132
50282141
50282701
50286327
50289909
50290020
50315171
50315402
50337635
50339103
50347612
50354350
50356393
50361734
50366594
50393731
50411818
50415313
50416588
50428815
50449940
50456597
50468925
50482552
50484537
50487390
50490044
50505683
50519944
50523092
50527349
50528723
50542033
50543363
50545988
50559218
50559379
50565422
50567101
50579744
50589214
50590403
50594043
50604871
50614240
50619814
50629364
50634611
50639704
50644981
50654432
50672366
50677911
50680389
50684739
50702129
50703450
50703945
50708814
50713025
50714336
50741209
50742674
50758634
50777127
50784458
50784480
50785030
50787949
50788214
50789038
50791461
50793697
50797711
50802890
50811302
50830840
50854350
50864156
50865849
50868879
50871074
50874904
50893902
50917523
50925404
50936724
50945294
50959198
50964470
50964772
50966415
50970076
50974995
50981858
51002137
51006961
51015359
51020760
51025591
51026898
51036874
51037915
51049974
51050550
51052329
51054507
51060216
51064894
51066157
51066610
51078888
51081672
51086106
51087297
51098401
51128895
51130622
51130743
51138322
51140183
51140747
51151636
51168418
51171815
51172334
51173387
51173489
51189865
51197195
51223498
51227042
51240008
51244860
51256393
51256968
51261765
51266880
51271742
51272249
51274307
51284751
51300797
51302693
51304161
51321031
51321211
51323077
51325779
51328444
51333065
51334533
51336886
51352901
51354602
51373506
51379645
51380084
51387933
51390208
51402306
51403771
51408812
51427443
51428154
51434741
51434909
51434913
51447999
51448410
51471050
51478204
51479012
51481008
51484861
51499022
51510973
51516315
51522160
51534949
51539903
51542170
51553590
51554362
51555281
51558219
51570861
51572168
51572845
51577026
51577661
51590488
51594143
51601709
51603767
51603795
51603801
51603810
51603845
51603867
51603878
51603914
51603921
51603931
51603947
51603965
51604245
51613857
51622638
51639417
51646075
51650619
51655294
51661789
51666859
51667160
51676205
51676210
51676495
51676962
51689139
51705953
51712734
51719736
51722375
51724495
51724693
51726967
51728998
51731724
51735789
51737421
51739353
51742788
51752371
51756305
51762519
51762558
51763962
51768185
51768581
51772042
51793473
51820345
51823006
51824219
51827477
51833485
51852997
51856421
51875830
51879907
51890328
51892118
51896967
51897781
51902149
51906480
51909331
51909556
51909604
51910424
51918998
51920204
51938292
51951399
51958423
51961525
51964746
51972214
51973607
51979829
51981313
51982528
51986296
51989215
51992722
51997316
52001716
52031872
52038905
52048937
52051934
52060749
52062484
52071613
52072136
52096469
52102184
52102879
52114187
52122431
52153698
52157687
52159766
52161014
52166852
52170371
52180189
52205067
52211393
52214256
52232464
52234120
52236365
52242585
52258833
52264941
52271354
52276692
52285023
52297059
52298189
52299372
52307465
52317322
52322480
52322745
52328032
52343320
52351650
52357197
52357253
52357705
52357865
52362764
52369539
52369834
52371171
52374960
52375180
52375601
52375805
52376200
52376483
52382121
52385116
52386478
52388322
52390798
52397541
52406965
52426461
52426723
52427370
52435661
52451533
52461381
52464483
52465720
52465923
52470780
52478784
52490909
52508013
52517571
52520591
52532726
52543848
52545660
52553892
52573356
52574962
52577178
52592753
52599072
52599285
52612571
52626008
52629115
52631744
52638070
52640300
52641061
52641124
52641161
52644841
52645726
52646288
52650354
52652196
52652249
52653866
52658679
52665809
52666036
52672247
52686332
52687858
52691752
52698234
52699490
52703111
52703247
52705618
52706276
52707231
52707503
52707822
52712197
52712331
52713469
52714193
52714967
52718086
52723421
52727579
52731351
52738223
52740994
52750056
52753928
52762171
52762765
52765089
52765452
52776568
52781367
52783031
52785000
52793135
52812009
52821117
52822194
52864235
52869833
52870121
52871881
52883376
52886887
52892528
52896026
52915919
52944335
52947303
52953383
52966000
52968303
52971017
52984351
52985399
52985447
52986725
52989942
53002826
53004709
53019396
53022156
53032273
53038970
53046577
53089417
53092531
53095106
53095142
53095457
53099229
53106634
53107041
53116289
53119192
53129282
53133365
53141217
53142709
53143325
53158070
53159862
53167278
53172821
53175258
53177255
53185296
53192805
53195516
53209356
53223490
53224777
53225590
53229088
53232261
53233553
53234827
53243283
53249986
53253610
53268628
53270574
53274101
53282234
53283173
53298456
53298651
53303905
53305800
53308194
53308302
53314882
53316980
53317075
53319662
53322915
53325016
53325144
53338712
53346295
53362028
53363857
53367851
53371421
53393562
53394047
53400736
53403216
53403641
53426856
53435625
53452727
53468709
53468839
53469474
53470242
53470955
53476352
53476466
53479321
53482787
53484861
53487563
53490997
53499121
53504288
53508326
53508726
53536648
53537495
53537940
53540554
53543533
53543693
53544698
53554331
53564232
53565096
53566278
53567392
53569912
53570404
53572173
53573121
53581322
53583234
53587382
53607203
53616179
53626031
53649544
53658122
53660201
53667398
53685631
53700587
53701122
53727186
53727304
53728982
53732707
53733083
53736229
53747770
53770171
53787751
53802545
53809310
53811914
53815238
53821099
53836019
53836766
53848459
53854772
53857122
53857561
53858053
53859053
53863274
53885983
53890757
53892231
53895279
53895880
53896573
53897250
53899535
53901072
53906275
53913245
53933124
53933977
53934423
53940637
53956006
53966905
53972756
53981739
53982348
53996385
54015590
54021519
54030529
54034528
54034654
54037905
54041619
54044772
54045842
54048546
54050561
54057249
54061835
54063615
54064007
54064952
54068446
54072839
54074743
54075462
54080445
54084554
54087933
54112361
54118163
54119106
54119876
54120484
54126216
54126229
54136309
54136359
54138394
54146955
54159832
54166115
54166135
54172069
54179076
54180806
54183474
54190001
54197231
54220666
54233861
54236097
54239510
54241840
54255420
54260659
54275130
54275635
54276802
54278148
54282526
54293867
54300485
54303021
54316761
54332662
54343215
54354575
54365505
54373389
54388411
54389588
54392613
54402748
54433753
54445810
54446303
54447913
54448487
54470153
54473000
54482508
54489719
54490979
54504521
54509469
54534645
54551722
54553030
54563756
54576202
54582050
54585091
54585710
54586698
54587980
54590580
54591413
54596449
54599491
54608524
54609368
54622038
54622635
54623702
54625980
54644851
54648528
54658703
54666326
54674435
54674674
54696569
54704759
54708793
54712902
54717043
54721268
54734467
54736860
54737048
54739793
54747636
54747673
54759687
54761093
54764344
54764435
54766506
54768169
54773076
54781928
54794757
54806684
54809265
54815421
54819582
54821659
54825586
54827914
54831829
54831957
54832251
54842744
54843372
54878517
54882982
54883740
54886510
54887104
54890547
54893982
54894315
54899124
54899216
54901121
54913326
54923467
54943673
54948251
54953248
54964832
54977518
54988286
54990979
54994089
55007777
55008605
55023002
55038130
55056458
55058292
55061317
55066595
55072045
55079547
55079992
55080497
55088231
55105831
55112632
55113065
55114683
55118985
55128646
55129360
55129940
55134366
55135456
55136123
55144916
55146401
55147708
55147948
55148660
55148722
55149800
55152255
55152428
55155945
55157920
55164452
55173954
55178684
55180328
55185815
55192015
55207626
55212050
55218290
55221523
55224733
55227956
55228257
55230052
55245479
55247193
55254963
55272951
55287670
55289400
55307814
55340111
55340875
55360818
55377164
55379810
55381140
55381385
55385690
55397794
55405512
55419800
55420561
55432989
55434034
55434180
55434492
55440158
55443348
55454231
55454665
55454708
55457244
55478598
55486950
55493876
55506480
55516606
55517952
55519901
55527690
55534870
55536475
55540129
55547415
55548308
55564117
55564898
55569177
55578710
55587484
55600230
55600615
55602013
55605242
55605545
55607356
55614427
55620422
55635157
55640213
55641788
55641810
55643490
55645499
55648999
55652943
55654430
55664673
55666146
55676462
55679210
55684706
55690325
55702436
55703531
55714841
55722854
55739878
55741254
55742029
55742032
55751889
55752891
55760015
55760782
55769625
55774251
55783105
55791865
55792194
55820753
55822081
55826715
55828128
55851233
55854442
55870688
55877394
55877825
55883050
55884486
55885423
55902656
55910400
55910924
55917640
55923918
55932309
55933519
55935961
55936096
55938548
55959798
55960777
55961993
55962223
55969538
55970077
55970462
55975098
55980472
55987180
55987965
56000506
56000717
56000796
56001103
56006811
56014122
56014723
56030267
56031945
56034708
56038496
56039646
56040860
56041427
56045255
56046612
56048602
56059685
56063816
56072077
56092511
56092946
56099887
56109333
56111172
56125564
56126173
56128094
56130465
56134258
56145055
56147829
56151123
56189227
56189484
56194735
56217193
56229877
56232926
56238794
56251148
56255766
56257678
56262805
56264959
56267732
56268385
56273170
56279950
56284736
56291086
56295412
56297242
56299116
56299705
56315763
56323966
56328171
56332436
56334731
56339611
56345032
56345386
56352547
56356071
56356308
56356417
56360853
56363369
56364995
56377593
56381351
56387876
56393723
56395897
56397923
56409726
56410900
56420028
56426355
56426422
56429913
56440828
56445565
56455777
56456304
56462319
56491454
56498663
56499151
56501645
56502439
56508940
56509016
56509209
56515879
56520192
56520909
56524461
56525994
56527504
56530268
56535640
56547912
56549907
56552693
56555428
56561993
56573273
56590048
56607239
56607348
56608691
56614466
56618275
56621473
56647445
56652297
56673529
56687427
56696238
56698384
56699893
56702284
56712148
56727492
56729347
56734192
56734255
56734286
56741788
56744109
56749423
56752640
56754561
56768376
56771823
56775604
56813907
56813944
56815846
56830111
56831040
56842648
56843740
56851838
56860238
56880917
56897326
56897739
56914927
56921342
56923226
56943657
56953361
56959809
56961753
56962478
56970991
56975535
56992498
57012140
57020043
57031646
57041562
57042702
57045935
57047893
57065275
57081995
57084693
57087748
57088389
57090153
57096734
57097725
57114892
57114924
57129218
57135182
57157351
57162191
57164875
57171164
57186387
57191283
57199168
57211133
57211856
57219185
57219379
57226041
57234099
57242232
57243292
57243840
57246262
57258356
57260850
57271735
57276441
57278952
57284807
57287609
57318680
57323683
57323904
57325789
57329341
57334313
57352308
57358145
57364078
57369692
57385133
57386976
57407635
57413858
57430841
57432831
57439998
57441259
57442101
57457708
57460298
57519515
57539813
57566441
57567078
57577806
57583204
57597012
57608808
57610857
57634001
57635713
57671419
57675088
57677802
57687566
57689489
57690021
57700650
57701616
57712080
57723450
57728081
57728439
57736517
57740175
57745685
57759867
57760361
57772218
57774438
57780902
57791059
57791189
57799230
57799793
57806577
57807606
57828229
57828594
57839022
57857228
57861696
57863630
57881732
57889503
57893524
57894335
57896367
57900972
57905031
57908013
57908256
57917493
57924902
57944440
57947695
57962521
57974359
57981165
57997162
58006218
58016475
58018231
58018238
58018669
58027750
58038454
58047250
58056197
58070999
58085787
58088556
58088679
58108005
58115758
58125503
58141312
58142920
58147724
58149572
58157968
58171743
58193920
58206376
58220745
58225824
58240555
58242487
58252399
58254130
58258891
58267931
58269435
58273741
58282185
58285227
58288948
58292853
58294042
58298125
58307188
58308633
58318737
58327685
58329759
58333618
58361690
58368038
58373706
58376087
58385775
58388537
58389708
58401218
58402690
58415276
58433105
58443639
58444207
58445516
58452669
58453868
58459602
58460137
58476128
58476730
58478542
58481083
58492061
58504181
58504222
58505558
58524189
58526093
58531801
58532483
58541022
58555613
58558078
58586048
58586462
58587453
58597643
58604900
58644131
58647551
58657685
58663362
58678111
58680945
58687590
58689024
58708728
58724994
58727151
58731439
58738823
58748266
58754743
58756261
58757895
58762339
58768242
58782405
58819345
58826944
58838370
58862578
58868305
58873067
58875795
58884638
58891608
58892182
58892264
58892344
58892460
58901165
58905174
58911782
58914559
58941155
58949842
58971059
58980324
58981146
58981432
58981828
58988379
59003373
59020420
59024842
59025909
59049954
59053316
59056847
59062447
59063933
59064685
59069448
59110753
59111866
59138123
59140562
59142863
59155510
59164477
59175427
59181710
59186076
59189927
59195734
59204248
59222020
59226481
59238885
59241078
59245919
59248632
59251049
59254375
59260004
59264063
59282491
59288121
59290191
59298507
59310541
59316418
59327072
59331556
59343322
59352296
59357509
59360429
59364095
59366128
59371509
59372181
59382214
59382579
59390032
59394101
59405573
59406177
59406430
59406684
59427772
59432530
59442440
59444120
59447682
59449622
59452899
59460049
59462042
59473899
59476091
59485673
59486136
59492838
59492943
59500215
59502112
59502499
59503715
59511417
59511768
59514446
59517360
59518647
59519048
59544505
59550363
59554787
59559437
59564262
59564459
59567647
59568028
59572803
59575789
59578798
59592466
59598881
59600592
59607842
59607953
59608786
59609809
59650728
59651572
59659643
59659922
59662581
59667896
59672089
59672489
59680117
59701910
59713046
59728930
59737962
59743930
59757321
59766758
59767610
59780342
59790709
59793022
59794040
59807347
59807409
59827799
59828361
59839509
59873157
59875727
59883260
59888636
59889272
59890120
59892019
59892986
59899644
59900632
59901546
59913852
59937119
59948486
59957997
59958480
59978407
59978818
59983885
59984974
59985182
59991888
59995746
60000627
60004831
60006783
60013148
60025800
60033559
60033608
60047673
60070478
60071940
60074273
60103959
60110487
60115505
60129917
60131789
60148496
60154444
60172362
60177330
60178876
60186362
60192321
60192597
60222331
60223333
60225405
60225731
60229501
60246179
60250416
60254087
60259769
60261190
60266125
60268316
60270522
60279947
60280085
60300505
60318453
60325722
60335444
60336170
60338191
60342515
60346531
60348797
60354810
60357891
60359485
60367890
60377505
60379295
60381771
60390583
60391574
60404266
60408543
60414616
60415098
60421742
60426774
60427880
60429433
60432479
60443786
60446963
60466527
60467038
60469764
60471393
60473021
60475268
60485622
60488034
60488339
60489402
60526258
60534425
60536360
60540031
60543057
60544911
60551085
60553066
60553142
60564400
60565202
60569212
60599006
60607007
60621953
60624983
60626448
60628602
60630312
60637688
60637947
60643648
60665658
60671613
60704758
60706213
60709506
60710799
60710917
60724686
60734096
60746448
60747851
60748629
60766679
60770742
60775529
60777446
60787614
60794061
60798018
60800407
60805319
60843733
60850535
60855659
60856114
60877636
60877714
60883671
60889889
60893271
60900521
60905785
60907472
60911204
60915902
60926595
60937671
60967210
60970691
60972227
60972400
60976899
60984671
60989075
61002698
61010257
61015123
61027134
61030127
61042545
61050594
61052230
61063610
61068626
61077278
61079323
61089366
61090700
61091932
61092794
61092913
61095984
61097632
61099965
61101157
61108503
61117212
61135486
61136046
61142017
61148375
61151217
61157006
61159250
61166524
61168739
61173739
61174024
61178298
61178384
61189717
61221312
61227124
61228512
61242517
61252612
61253688
61261242
61267369
61267879
61294340
61300778
61301105
61309469
61313843
61314835
61315424
61326922
61343085
61363199
61374867
61381042
61395644
61408977
61413023
61418391
61423787
61437401
61456975
61462802
61465684
61482408
61487721
61490635
61501787
61512587
61514020
61557099
61569763
61570232
61576944
61588220
61597950
61601081
61601666
61602207
61603859
61617251
61626021
61629511
61649554
61666492
61677882
61687045
61688073
61702489
61707494
61715753
61716412
61717917
61726033
61737042
61737371
61740811
61744488
61744733
61746589
61751285
61751560
61756786
61779488
61792895
61810838
61818526
61822131
61833367
61847371
61850394
61869903
61886288
61895182
61898785
61903279
61907125
61907166
61912688
61937592
61942436
61959589
61987613
61997014
62004836
62006821
62017166
62017456
62020510
62021992
62049309
62085267
62095489
62102159
62106110
62106193
62113571
62117561
62118566
62128741
62139676
62147566
62159288
62170913
62171073
62189532
62192021
62194917
62207038
62209979
62220923
62223403
62230016
62238856
62240015
62243506
62255449
62255649
62266219
62272733
62281724
62294365
62311176
62317541
62322651
62322948
62327472
62330150
62342720
62343105
62343581
62345315
62352517
62354038
62356009
62358224
62370650
62379381
62379960
62384170
62386240
62393562
62398876
62403891
62416484
62425968
62434580
62436625
62440151
62447097
62450780
62455794
62460283
62470105
62497036
62504292
62504297
62504301
62504684
62511772
62520552
62538516
62553234
62553440
62558646
62566699
62567774
62571176
62571920
62573807
62574224
62574374
62599315
62626319
62632353
62645436
62649130
62657188
62661479
62663911
62666365
62672212
62674325
62682428
62683092
62684148
62685837
62705909
62715988
62729590
62729619
62749371
62751628
62751747
62758161
62760453
62779439
62785288
62795782
62834709
62838131
62845869
62854035
62855124
62866467
62868771
62870124
62874440
62877443
62882224
62898253
62924340
62928488
62935506
62941459
62959746
62964911
63002337
63002631
63003401
63014406
63024936
63043865
63045391
63049465
63071968
63074676
63087784
63098355
63099955
63113288
63122446
63122494
63122842
63128351
63129250
63147715
63151389
63152064
63154720
63159361
63170589
63181740
63181887
63197732
63199445
63213265
63214864
63214874
63215788
63225127
63237866
63245609
63246625
63247167
63260039
63269542
63270721
63290832
63294245
63315305
63317579
63322876
63328592
63330288
63342117
63345950
63351070
63355774
63375552
63375969
63380598
63383100
63385295
63389247
63404767
63412803
63424663
63432505
63450523
63454351
63471155
63476139
63476539
63477505
63479902
63480587
63486674
63504257
63507740
63509592
63513385
63524900
63529787
63533012
63534263
63539201
63542788
63548658
63570606
63572448
63584591
63590857
63601496
63616697
63631943
63640354
63653428
63653431
63653552
63654281
63683961
63684999
63692214
63693516
63708919
63709850
63722935
63739202
63745923
63747306
63759141
63762827
63766474
63773583
63773700
63786344
63788742
63793222
63811930
63811972
63812873
63817858
63828672
63836269
63852919
63878056
63887506
63895469
63909619
63917255
63918891
63919977
63933481
63935655
63946385
63953534
63968316
63977954
63993548
63995967
64004588
64015051
64015124
64032380
64034741
64038286
64039353
64045475
64047059
64056177
64063260
64069031
64069857
64090501
64097471
64102389
64110500
64110898
64132114
64170244
64194161
64204512
64208852
64212170
64217430
64241382
64251659
64259903
64261103
64271862
64271939
64272153
64289435
64289843
64294602
64306847
64330990
64332671
64337110
64343740
64349486
64353392
64356114
64370337
64385219
64387861
64400886
64411431
64421386
64429700
64447981
64447990
64448427
64450766
64456895
64465529
64468674
64481396
64484213
64485115
64495934
64509672
64509774
64522380
64524049
64525033
64530451
64532032
64556211
64565275
64565326
64570009
64584296
64586765
64591626
64595113
64597237
64598596
64601052
64605992
64611676
64612188
64617897
64622683
64630684
64645962
64654911
64664492
64670471
64674122
64680681
64682806
64684850
64686275
64688103
64696462
64699065
64700911
64702457
64716672
64724185
64724518
64726563
64732493
64733867
64737011
64744947
64772738
64783058
64790728
64795082
64797928
64798218
64804443
64834788
64837605
64851908
64858670
64882272
64886189
64886556
64899337
64905649
64913921
64922920
64924504
64928375
64938555
64942286
64947357
64958085
64968526
64970277
64976956
64977735
64978016
64984383
64995075
64996752
64998517
65002773
65004094
65005334
65007714
65008337
65015785
65016255
65019668
65048823
65053549
65057740
65060361
65061681
65066644
65069251
65071855
65086283
65092162
65095408
65102301
65102403
65110850
65121056
65127080
65132792
65145607
65169619
65171677
65180549
65188405
65192269
65194359
65200255
65250481
65251360
65252914
65263222
65269224
65275805
65282194
65284621
65302072
65316727
65325290
65332859
65352131
65355745
65367241
65370535
65373075
65378163
65392916
65393178
65397959
65400831
65400872
65437497
65441931
65442402
65443165
65443442
65444278
65458621
65460177
65467011
65498046
65508989
65510460
65524325
65532942
65540629
65540686
65548316
65561545
65561937
65562086
65563518
65565749
65577677
65585160
65594263
65599262
65601151
65606997
65609881
65612573
65614515
65623390
65629016
65636847
65641355
65642816
65644021
65659904
65669615
65676055
65684481
65700357
65706982
65709670
65726128
65734462
65750220
65783230
65787002
65810954
65811839
65817623
65820940
65823055
65825425
65832546
65850109
65853230
65859485
65871392
65879423
65888201
65891304
65906072
65927781
65935542
65965695
65968045
65971829
65975120
65975328
65978764
65981485
65998740
66016852
66034480
66043526
66046995
66049549
66052143
66053538
66072650
66089814
66101036
66121911
66121940
66122940
66140340
66142559
66146939
66152137
66169183
66173636
66180673
66183704
66184682
66190979
66198687
66206698
66215580
66219039
66219176
66229502
66231501
66235671
66252027
66258023
66262289
66269419
66269426
66278980
66306716
66310953
66311933
66313750
66322084
66346768
66350430
66354313
66354945
66367881
66370646
66372166
66385571
66386517
66396656
66412244
66417900
66424772
66427844
66450500
66450544
66453587
66454263
66459958
66463747
66465275
66467054
66474601
66476843
66481470
66485014
66486774
66496922
66502528
66507284
66518509
66520831
66528492
66531632
66546181
66562693
66567628
66567989
66569476
66574349
66586358
66586381
66589248
66594470
66599461
66606780
66621583
66625195
66627179
66641143
66647277
66650137
66668650
66683727
66689347
66707210
66713814
66715064
66720451
66733239
66752790
66754644
66762548
66768528
66785337
66790517
66791593
66801895
66806936
66817246
66818821
66826087
66833661
66837001
66837615
66847742
66848746
66856312
66885634
66894036
66896128
66917273
66938232
66953276
66961523
66964575
66969517
66978568
66980958
66988667
66992148
66993501
67001396
67011831
67018911
67025459
67048045
67055851
67057246
67067489
67071580
67071629
67077258
67100260
67104487
67114901
67115508
67122164
67125102
67130425
67145977
67149148
67160371
67161940
67167773
67171336
67179290
67189162
67196952
67197688
67207006
67209395
67213986
67214508
67222561
67223086
67226780
67239646
67243837
67247804
67253399
67260611
67274652
67282508
67289416
67296514
67298196
67299844
67306751
67309558
67317392
67318773
67319954
67333008
67357618
67358764
67372492
67379691
67385289
67396519
67412192
67413672
67424750
67429029
67437785
67448193
67461319
67466490
67469880
67478098
67481375
67486455
67492276
67497016
67515580
67516111
67527460
67530799
67530855
67579486
67599215
67604225
67610910
67628651
67630529
67647051
67655053
67656780
67657076
67658901
67659757
67666985
67668560
67677012
67681740
67684036
67685890
67704942
67751509
67751818
67753938
67778998
67779493
67780228
67796548
67807438
67809728
67814387
67820759
67825646
67834794
67835350
67840602
67850157
67867101
67869980
67884119
67901640
67901915
67903633
67908847
67910280
67916534
67928513
67930822
67931544
67935698
67942708
67953418
67956086
67984154
67988145
67988533
67993310
68011975
68019376
68021764
68023648
68023845
68026949
68029131
68039223
68042177
68052881
68054325
68071658
68078187
68080077
68086609
68103198
68108917
68126553
68142909
68143510
68144822
68147765
68183961
68187583
68190380
68209886
68237191
68245004
68248397
68252062
68263253
68264657
68272220
68275015
68275033
68275281
68278615
68296227
68301132
68303363
68318169
68318682
68347873
68348240
68351082
68352850
68355094
68358445
68381055
68389236
68393064
68393781
68403298
68407532
68422981
68424075
68430894
68430969
68440516
68444004
68461315
68487316
68492531
68498481
68518117
68521802
68523790
68526797
68535147
68536005
68543299
68549451
68556154
68559320
68565873
68573404
68580383
68583494
68589633
68595387
68601178
68606426
68612792
68614214
68623153
68635661
68635917
68641149
68670555
68673957
68676204
68683594
68696345
68701581
68731758
68754831
68756963
68766018
68766835
68768874
68791600
68793405
68795906
68800592
68805613
68827473
68845176
68849706
68855409
68859736
68865873
68876261
68878330
68880091
68890635
68901696
68902764
68915796
68918329
68922108
68923873
68929881
68929942
68945047
68949468
68952351
68962382
68967766
68982635
68987645
68988674
68997097
69001503
69004225
69009528
69012427
69024808
69038127
69075404
69078117
69081123
69082607
69110419
69111034
69112102
69121436
69121709
69130739
69134250
69135896
69142153
69157350
69172939
69186689
69188579
69192206
69202985
69205620
69205990
69227333
69245879
69263058
69267889
69273301
69276891
69286920
69293900
69294657
69298103
69299007
69309884
69312048
69318028
69321672
69331010
69339352
69376411
69388097
69388117
69412341
69413460
69415767
69417645
69429719
69432972
69441779
69442701
69457549
69488028
69491956
69492853
69504860
69520796
69545029
69550653
69552184
69558731
69560610
69562529
69562938
69566067
69567251
69593750
69595009
69597959
69626502
69647675
69657914
69658044
69663432
69663799
69673740
69685651
69690350
69707760
69741349
69746140
69749191
69753685
69756290
69760328
69779801
69792331
69803864
69821989
69826495
69826689
69830091
69835212
69852273
69860183
69865837
69879782
69887921
69904098
69908208
69908488
69918409
69940467
69940474
69945829
69962201
69975194
69984321
69994536
70000445
70031825
70054706
70055488
70072344
70074901
70082788
70089150
70098799
70102168
70102791
70120544
70125604
70127891
70133513
70134470
70141532
70141758
70146008
70154763
70234070
70243547
70262283
70265494
70267925
70298960
70304886
70306090
70306423
70308503
70313387
70315016
70315140
70330917
70339979
70356836
70366710
70375268
70375515
70384286
70402453
70412756
70421156
70431226
70434189
70435137
70450274
70494738
70497626
70499033
70500703
70500892
70506217
70507170
70517268
70528267
70546033
70547726
70553662
70560606
70566230
70572848
70577597
70578265
70578557
70578864
70580361
70580416
70583219
70585917
70593068
70597953
70599002
70606720
70611949
70614059
70637503
70659061
70661336
70661339
70661908
70661978
70662001
70663563
70676498
70677076
70677269
70677817
70677975
70677986
70682345
70686383
70696033
70697949
70703157
70709744
70709938
70720592
70722132
70727936
70748484
70761332
70765870
70772836
70774477
70779870
70788426
70807813
70814981
70817667
70827927
70851386
70861753
70870926
70898843
70899759
70908602
70910559
70910590
70914591
70928165
70929337
70943978
70946275
70949390
70972964
70973704
70974103
70982747
70983660
70984073
70989369
71010727
71015237
71020762
71028562
71032463
71040135
71044311
71052742
71070807
71087933
71088436
71098282
71105107
71108340
71120995
71121937
71148843
71154249
71169548
71175397
71184858
71191232
71204106
71204300
71222578
71224946
71226483
71233449
71240067
71240774
71241133
71248050
71252449
71252827
71256139
71258404
71276429
71291395
71311096
71311179
71312408
71316091
71321566
71324333
71325760
71331987
71340195
71342999
71349910
71370317
71379762
71389714
71395727
71397702
71423085
71433194
71436790
71449171
71457436
71464191
71464965
71475851
71487084
71491140
71499805
71503704
71513797
71532610
71532632
71539382
71541011
71556613
71582569
71593277
71600369
71604463
71607829
71619794
71624107
71625532
71636418
71648443
71661895
71674688
71703697
71715403
71724847
71724854
71726002
71729378
71733841
71740890
71744345
71748409
71762650
71762911
71772092
71784521
71788272
71788316
71790472
71793386
71795863
71796612
71796723
71812389
71812632
71816393
71828925
71849584
71849661
71856314
71867772
71890403
71892819
71893848
71899589
71905618
71907535
71910181
71911718
71928633
71929985
71939544
71963983
71986436
71990388
71993025
71999173
72016686
72028989
72031374
72034993
72045804
72050067
72051080
72079232
72084414
72089363
72096879
72105676
72139587
72143673
72148099
72153302
72157304
72190888
72191745
72193470
72195069
72220678
72248229
72260556
72261561
72271199
72272169
72272853
72274337
72275307
72276894
72283286
72289113
72294530
72294799
72301133
72303086
72305437
72321165
72323951
72328447
72334037
72338506
72351889
72354660
72365669
72371804
72374374
72377810
72381815
72397644
72405233
72407137
72417950
72419545
72427749
72443107
72446081
72448522
72454114
72467301
72484016
72484029
72495158
72498756
72501768
72502460
72510755
72515672
72522865
72554534
72573644
72573988
72574826
72576088
72588472
72591142
72591233
72599576
72619584
72655361
72661409
72671000
72672279
72672949
72675829
72687261
72701708
72702681
72752344
72756837
72761167
72762644
72772920
72775311
72793317
72794607
72811268
72817462
72837700
72841288
72842304
72846057
72852534
72853918
72869245
72903458
72919943
72922639
72923090
72924637
72930469
72934873
72944561
72948788
72968333
72978285
72989955
72990537
72992717
72997753
73002406
73022406
73030235
73036916
73048433
73050072
73063266
73066591
73096924
73113897
73118846
73119445
73122736
73122891
73125236
73138123
73153165
73155626
73169833
73183462
73186991
73197055
73198184
73206342
73210049
73212320
73213320
73214159
73222008
73228211
73251790
73254777
73277853
73280146
73283035
73300485
73300501
73302023
73313660
73318808
73346763
73350104
73362167
73365262
73365457
73371313
73380157
73391960
73411598
73428321
73430633
73441428
73442987
73453370
73461515
73482873
73484393
73499850
73505285
73523853
73532208
73540300
73547871
73550079
73553166
73554567
73557189
73586650
73611953
73623904
73627684
73642498
73644077
73660572
73664490
73675844
73682818
73687501
73692404
73694503
73705909
73710844
73713141
73721155
73723176
73740168
73740605
73746199
73756783
73767872
73777163
73778983
73791789
73801425
73805858
73808359
73823618
73825331
73849927
73854237
73856423
73861184
73862506
73867206
73871472
73878501
73891977
73893224
73894602
73895623
73896532
73937798
73958401
73977697
73980303
73981867
73982680
73992178
74004726
74015589
74026845
74028751
74031952
74035828
74040849
74064684
74069081
74088357
74093426
74102157
74103524
74124181
74132557
74144064
74154252
74173005
74181252
74186016
74189928
74192825
74194956
74195171
74198968
74204910
74217790
74240892
74248276
74251873
74253719
74254541
74262174
74276707
74281397
74282047
74285664
74309270
74311439
74317642
74330860
74331750
74332471
74333338
74334353
74339745
74342903
74344105
74346557
74353644
74357846
74366787
74370308
74374859
74415241
74430068
74442127
74470593
74474700
74489179
74491011
74508463
74510040
74517505
74548171
74558049
74570737
74577274
74587631
74589769
74617218
74620373
74622252
74623471
74628846
74658598
74662620
74667732
74685517
74685783
74695893
74696599
74711318
74715262
74717642
74725277
74726311
74730001
74732180
74737258
74738109
74746056
74760586
74766411
74767714
74773968
74774114
74789142
74798447
74819706
74839455
74843160
74865891
74869608
74872883
74881560
74897593
74898049
74903410
74935805
74942192
74955516
74962005
74973887
74985495
74997581
74998583
75000004
75009937
75027305
75034174
75035385
75044881
75049707
75050427
75067418
75070927
75071702
75078936
75088468
75091594
75092076
75100933
75117451
75135625
75139013
75149179
75155126
75158574
75178014
75187000
75189572
75193148
75194847
75204437
75204831
75205362
75210919
75217136
75217242
75224921
75225917
75225918
75230691
75232095
75232981
75250863
75263016
75265604
75266925
75267394
75281269
75281855
75290173
75297160
75322167
75330783
75339649
75352811
75368828
75376778
75382738
75387247
75387280
75390726
75413166
75416604
75419028
75420427
75444980
75452584
75466221
75466343
75469462
75494131
75504924
75517136
75521218
75526106
75543193
75558801
75568755
75571340
75592907
75597545
75608247
75609054
75616364
75637291
75700914
75710303
75723859
75729352
75734908
75740201
75743897
75754138
75761036
75800745
75801688
75806922
75816580
75829594
75842379
75854777
75857496
75865953
75881125
75881743
75885717
75898599
75904085
75907907
75911295
75928899
75934662
75952538
75964631
75994947
76009790
76012181
76048571
76068071
76076244
76079824
76097817
76109507
76140183
76148175
76181646
76182494
76183364
76193564
76201578
76203046
76206356
76217246
76219264
76220943
76225898
76233212
76253302
76259571
76276823
76279728
76286140
76287978
76294665
76296013
76296099
76300324
76300869
76304735
76307314
76311586
76316838
76323502
76324884
76327680
76330719
76339402
76368490
76381572
76391117
76406063
76410252
76412857
76418443
76425432
76428909
76437550
76439184
76446339
76457192
76459433
76466879
76470473
76476294
76499354
76508151
76529478
76534076
76538715
76542992
76564829
76573060
76573101
76579039
76581548
76582522
76599773
76611976
76614639
76650836
76656331
76656576
76656797
76668573
76676432
76685830
76705780
76706300
76706986
76713715
76773482
76777188
76783212
76785465
76798441
76815488
76838315
76862118
76866133
76888724
76889997
76890671
76895263
76906083
76928969
76935877
76936646
76943176
76953010
76957009
76961621
76971867
76976636
76986308
76990146
76997362
77017910
77019986
77033547
77038297
77038302
77047763
77050518
77058993
77075741
77076816
77077371
77090020
77096035
77099853
77143632
77147441
77154850
77179757
77187839
77192107
77193109
77193793
77206162
77207310
77227577
77233670
77234957
77254212
77266112
77270791
77344872
77359756
77365876
77376445
77401353
77404050
77426021
77483351
77505558
77512302
77517172
77518914
77536937
77541953
77551774
77555720
77558722
77560659
77565181
77621986
77623831
77637947
77655279
77661253
77667954
77672096
77676870
77686904
77717274
77728006
77729096
77730709
77745302
77751970
77757903
77776417
77790203
77813387
77824103
77836451
77841538
77842503
77860093
77870791
77892489
77894758
77910803
77912892
77917974
77919470
77932241
77950011
77951339
77955727
77956503
77983580
78012808
78032767
78048862
78064687
78070701
78071432
78071856
78076369
78094137
78097588
78100682
78124635
78124833
78131330
78153411
78177323
78181567
78185140
78192317
78214373
78220467
78275041
78294035
78307877
78310481
78320530
78323010
78337625
78355309
78359789
78364544
78376230
78377668
78379306
78384217
78386569
78386934
78387389
78388597
78405138
78467017
78470851
78486357
78497686
78515800
78531935
78542228
78554330
78558449
78562596
78569753
78573334
78577517
78580981
78589463
78597522
78599339
78605557
78606104
78608135
78616829
78617636
78628465
78653768
78656233
78668199
78674840
78675305
78691028
78694544
78709662
78717756
78760085
78800751
78828167
78861124
78862050
78862880
78885982
78895017
78901538
78901822
78917873
78925130
78927536
78937158
78949611
78959794
78987772
78989212
78991222
79012024
79014316
79039837
79072482
79091650
79109321
79111115
79124411
79140920
79145026
79146390
79149103
79159512
79161790
79166744
79180648
79195146
79199738
79215015
79224548
79226043
79228039
79234542
79257583
79281328
79301262
79307109
79313751
79321495
79326530
79345133
79350603
79367173
79374646
79408612
79409224
79419911
79434495
79437098
79439377
79445737
79462359
79464173
79483797
79548839
79551764
79562027
79568579
79572243
79594746
79616790
79626603
79627852
79632774
79634596
79640387
79655374
79660203
79664168
79664591
79668869
79673752
79675789
79689618
79690589
79691789
79709321
79714691
79721759
79723271
79727042
79755217
79771455
79772812
79794998
79797083
79799259
79802265
79804024
79806817
79808368
79819153
79820689
79823901
79825836
79924465
79944559
79953702
79953849
79955388
79964925
79978479
79989047
80025355
80031462
80049172
80051568
80052997
80072952
80082981
80083529
80093162
80093429
80112341
80118061
80122135
80130710
80141031
80147139
80151925
80156261
80157978
80159560
80200876
80218850
80244372
80246837
80252262
80265935
80266170
80285440
80295153
80295649
80307924
80338986
80340142
80341524
80371407
80377623
80386519
80403021
80424067
80426393
80431459
80444609
80446963
80449649
80464230
80469741
80478039
80478120
80512859
80530044
80561130
80566125
80591222
80602718
80607297
80618299
80622622
80625900
80628507
80641155
80649461
80662855
80665677
80670551
80679385
80685018
80685200
80686929
80688180
80704638
80713921
80722022
80722305
80723452
80726785
80728144
80753426
80758801
80763674
80763720
80766267
80774682
80777192
80781068
80805737
80814118
80816898
80830976
80839078
80857362
80859105
80890045
80891604
80892950
80896235
80908270
80947531
80951328
80958770
80964847
80982340
80986308
80995109
81031065
81037307
81043461
81059231
81069775
81081129
81091192
81106748
81106782
81127223
81129942
81140073
81140647
81141446
81141451
81141453
81141454
81141457
81142959
81145263
81176598
81178773
81184208
81194703
81207073
81208023
81210327
81210328
81214352
81229693
81265913
81270549
81270608
81270643
81270788
81270882
81271028
81271802
81271880
81272728
81272782
81272813
81272840
81272888
81273923
81275013
81275056
81275086
81275129
81275148
81275174
81275222
81275259
81275288
81275319
81275414
81275843
81276104
81278218
81278265
81283550
81283607
81283643
81284146
81284178
81284239
81284853
81285098
81285147
81286830
81286902
81287112
81287161
81287624
81287758
81287864
81287914
81288129
81288140
81288162
81288506
81288535
81288591
81288621
81294668
81323830
81326003
81328309
81336303
81336883
81338397
81341083
81351133
81351240
81351321
81351343
81351385
81352793
81354184
81354383
81354904
81354905
81355818
81358917
81364831
81366187
81367589
81374622
81375514
81378830
81391773
81403799
81427628
81451650
81457351
81458424
81481724
81504814
81504930
81520266
81537119
81541299
81551986
81561012
81572794
81591313
81597898
81630269
81640000
81640558
81645825
81648725
81649034
81653215
81664313
81664380
81669821
81675685
81677480
81698136
81699459
81715081
81720566
81736050
81744264
81752546
81757905
81759371
81761167
81762704
81762736
81766179
81767441
81770634
81773170
81773934
81794034
81848153
81850923
81857480
81868232
81872665
81886509
81891929
81907073
81910081
81910410
81913513
81920198
81923562
81954693
81960581
81966407
81966496
81972939
81973886
81990290
81994336
81994511
82004436
82007597
82036189
82077840
82093094
82097452
82104938
82104945
82113127
82124212
82133095
82133941
82146508
82157499
82163638
82167531
82175419
82184829
82188750
82194097
82198896
82198997
82204900
82209349
82219856
82231227
82238743
82266742
82273598
82276010
82295576
82303439
82310636
82311164
82312933
82314884
82328056
82352463
82372157
82373957
82398812
82418379
82422175
82429374
82459496
82459972
82466300
82479183
82494755
82521079
82521291
82525673
82535237
82571853
82573242
82578442
82588002
82620635
82623576
82625906
82663202
82694589
82703282
82707041
82718288
82733448
82736762
82740229
82748952
82770932
82780488
82790640
82799705
82806183
82813509
82815524
82829826
82841981
82842457
82843783
82846775
82849819
82862995
82873575
82875782
82903328
82907533
82908469
82909330
82909714
82912692
82924316
82932884
82943930
82943938
82978039
82978407
82978858
82984998
83003741
83015480
83022190
83035096
83053116
83057623
83070934
83073815
83090684
83098627
83113940
83115240
83136144
83143823
83148417
83153576
83157838
83165585
83181474
83185873
83209490
83214198
83221645
83232960
83235192
83242286
83246533
83258677
83262797
83267042
83301094
83334433
83345053
83347139
83350455
83361650
83365864
83377092
83381044
83396686
83399048
83406043
83442234
83455244
83460809
83466274
83470077
83477219
83479109
83479883
83495824
83504745
83506227
83521033
83528992
83535008
83537137
83542755
83567739
83567777
83570454
83592796
83597251
83602696
83604895
83605463
83617044
83630493
83632865
83642747
83654087
83690947
83696147
83702415
83710241
83760952
83764937
83777715
83781326
83786289
83796978
83797529
83808371
83812864
83813146
83822877
83844085
83895349
83899687
83900433
83927563
83935710
83973813
83984268
83990021
84006332
84009848
84010981
84013968
84018503
84019734
84023322
84036087
84036160
84038269
84063930
84066288
84067521
84073463
84088365
84095080
84096423
84102683
84104533
84106420
84112943
84122416
84124111
84126640
84128964
84136493
84161780
84173668
84200603
84222130
84229682
84235369
84236077
84237966
84245585
84252454
84252462
84256460
84259265
84270327
84287135
84301804
84302650
84309994
84315633
84320267
84329897
84334981
84338455
84347341
84351510
84358150
84365798
84372462
84374639
84390084
84405392
84418985
84425100
84431995
84434833
84437684
84452154
84461933
84464914
84466402
84469511
84481655
84491251
84497933
84523163
84535264
84553239
84583328
84586678
84587278
84589159
84601235
84625488
84627582
84631508
84640778
84659285
84665021
84681100
84682903
84699215
84720211
84750614
84753784
84754260
84760288
84761373
84763696
84775601
84777876
84787096
84810044
84811106
84811293
84812269
84829099
84840224
84863712
84881650
84885648
84889247
84904165
84907923
84910454
84912959
84915409
84924209
84925515
84955691
84968920
84985594
84995946
85006941
85007684
85022275
85024667
85030245
85035459
85036216
85083958
85099472
85109810
85131296
85142181
85142718
85145821
85154450
85159103
85173763
85185917
85194498
85195432
85196439
85203346
85203828
85208940
85229407
85244462
85249844
85257867
85271667
85287425
85296080
85299754
85329758
85342392
85348893
85361536
85366893
85371027
85379574
85432610
85449608
85453062
85457538
85469132
85474864
85490576
85500736
85505281
85507004
85513340
85527807
85531623
85544577
85558706
85561073
85575667
85599785
85601975
85603506
85605324
85605429
85657451
85679085
85689494
85702643
85744449
85756843
85763431
85779599
85785826
85794287
85816996
85842394
85847424
85914158
85919441
85927418
85955522
85962799
85974332
85990966
86038803
86050975
86065196
86069662
86079342
86090474
86097538
86100175
86100306
86111954
86126013
86152907
86154895
86175439
86180156
86186662
86188920
86214107
86225589
86246659
86250284
86253524
86263994
86264243
86264463
86271050
86273692
86284234
86292758
86312931
86319633
86321000
86356996
86383834
86390151
86395247
86402005
86409697
86409866
86415327
86418598
86430340
86443449
86457272
86473527
86479357
86481124
86483089
86488311
86493295
86495584
86514420
86518390
86519710
86523454
86527120
86527411
86533546
86536295
86536680
86538026
86538111
86544344
86551823
86556208
86556229
86567561
86592508
86601054
86605044
86630322
86630796
86638924
86643814
86650200
86653823
86656916
86658791
86660132
86673724
86691128
86691320
86702257
86703497
86709560
86717868
86719813
86746377
86748104
86750318
86760442
86761146
86768367
86773620
86780448
86783264
86787175
86791519
86792969
86819996
86827324
86847796
86853669
86853866
86864500
86866951
86880279
86902702
86904964
86906472
86919909
86945288
86988813
87003047
87015453
87058707
87083140
87110726
87117787
87121932
87123308
87130017
87135536
87178058
87180318
87193837
87199010
87203058
87203374
87209425
87213137
87220836
87228532
87237056
87247835
87248890
87270230
87278000
87278029
87291848
87302952
87314566
87315584
87323605
87326494
87332537
87340987
87341170
87352051
87357596
87359932
87362654
87365908
87373500
87378281
87384057
87404817
87406716
87424894
87449787
87459538
87499099
87512335
87531774
87533037
87536062
87537282
87541521
87545266
87573327
87578958
87593896
87615887
87621167
87622423
87637097
87641905
87644259
87656779
87663116
87675955
87676352
87699092
87703222
87711665
87712863
87725259
87757710
87763457
87770827
87801565
87814753
87815744
87833215
87834605
87842963
87863463
87883113
87883440
87909321
87913013
87943009
87951089
87953881
87999757
88016662
88027472
88032005
88041989
88045870
88046524
88104014
88147617
88192833
88202345
88203544
88205919
88226402
88230166
88254662
88270525
88271560
88279718
88286881
88289063
88341840
88350108
88370988
88376643
88386215
88390377
88398957
88400331
88430625
88448244
88459223
88464259
88468582
88478305
88513096
88513493
88514763
88519926
88520529
88531810
88542777
88547760
88550628
88551543
88553773
88559474
88561372
88569222
88571476
88578967
88584742
88644187
88645158
88666684
88667704
88669885
88671461
88694550
88697097
88718732
88722258
88730865
88739417
88769478
88770448
88771351
88779825
88792892
88803916
88811018
88842163
88848491
88852743
88883219
88884057
88890223
88915596
88921809
88927924
88931517
88943035
88960782
88968454
88991876
88998136
89014110
89035052
89046530
89047746
89085226
89088062
89091021
89100763
89140036
89148033
89148180
89152585
89164544
89206480
89219795
89240712
89242467
89249125
89250022
89328490
89341530
89343423
89347489
89350333
89358941
89388944
89397226
89403803
89407458
89437767
89437828
89471107
89473958
89490644
89505206
89505758
89519454
89531196
89550907
89556824
89559660
89567652
89587300
89589341
89592322
89608443
89619895
89621273
89621345
89621840
89626975
89634851
89639471
89641126
89652377
89658455
89680718
89684247
89705199
89706923
89707721
89710995
89717442
89725724
89739761
89741230
89748525
89755863
89756862
89782905
89788088
89796075
89809418
89809825
89810383
89815757
89843409
89854343
89859833
89876634
89880906
89892546
89912090
89927466
89972157
89979613
89981030
89982205
89998876
90007332
90018608
90027914
90029192
90043505
90063395
90065934
90078497
90114548
90117840
90129190
90131688
90135307
90135708
90145442
90157134
90161560
90173091
90185605
90188170
90190540
90191779
90210953
90236376
90267297
90270482
90273214
90274922
90296180
90297188
90317512
90318132
90379497
90395806
90397797
90426396
90439828
90461426
90483990
90498381
90503756
90512422
90518861
90522854
90576289
90577230
90585151
90588686
90595047
90609303
90611713
90623789
90625685
90633343
90642435
90644705
90712842
90712968
90714550
90718890
90725107
90737461
90737733
90740910
90744731
90748542
90769521
90773241
90777277
90780841
90787255
90791883
90800385
90813243
90820170
90827685
90846666
90852945
90857430
90863988
90867336
90886998
90890699
90903190
90903754
90978808
90995893
91006819
91038705
91041236
91049442
91056575
91064432
91069105
91087519
91089366
91109304
91157223
91191166
91225834
91226843
91245440
91257160
91283293
91288081
91297385
91298858
91308221
91319942
91349362
91355337
91359575
91423557
91437168
91447878
91454124
91455018
91456045
91459303
91506327
91564899
91572983
91573941
91585788
91592328
91599052
91601302
91604332
91659282
91675080
91683896
91721880
91730309
91734647
91739193
91756346
91782140
91785559
91788808
91794846
91812683
91824100
91825230
91833635
91839984
91849274
91855884
91860613
91864588
91866429
91981498
92004552
92007688
92037840
92044916
92046666
92062626
92063486
92066376
92091976
92114724
92127267
92130603
92152766
92154794
92174966
92187964
92187997
92192989
92223268
92229933
92235497
92246933
92269482
92274387
92303088
92312326
92319152
92322858
92329146
92329835
92338628
92341737
92384839
92393142
92399895
92407023
92436542
92437861
92449513
92450186
92477031
92477996
92484044
92490661
92532044
92535351
92541690
92543142
92545829
92553477
92558034
92560107
92581153
92584818
92586072
92611749
92612536
92619815
92620416
92622316
92630016
92632373
92655842
92686556
92690134
92699974
92706537
92711009
92714279
92738649
92743488
92745689
92760309
92782318
92825132
92834065
92844418
92846472
92855693
92869550
92875556
92910600
92916044
92918311
92928175
92943801
92956129
92959194
92969904
92986638
92988424
92992949
93001199
93005125
93007507
93027511
93069538
93071680
93096985
93121293
93122795
93132677
93134313
93135733
93138894
93159049
93175445
93176555
93198228
93200586
93204642
93207215
93209083
93225747
93230555
93236464
93240244
93255203
93259909
93260397
93286614
93291029
93296334
93313439
93320563
93329432
93337563
93339603
93351525
93356500
93366907
93369608
93383929
93386108
93418354
93421418
93433495
93457210
93461034
93470530
93475085
93486667
93496740
93502876
93503127
93521617
93541613
93544171
93549310
93555499
93559389
93571179
93571522
93578447
93581991
93592968
93597828
93612717
93613877
93641088
93657407
93663509
93678193
93687309
93702228
93717030
93717108
93720878
93730906
93739983
93781623
93783294
93810245
93863158
93867292
93889950
93891769
93903111
93906730
93906971
93910898
93914280
93915771
94008899
94021834
94022943
94027511
94030334
94036589
94082369
94087453
94091009
94098256
94133744
94155879
94161779
94162193
94165615
94167329
94174370
94190700
94199349
94206284
94206990
94207355
94212255
94222169
94248135
94274879
94343896
94359668
94372793
94375161
94400243
94402594
94406220
94421416
94429231
94430997
94436481
94443456
94444789
94462337
94463077
94499856
94503682
94506227
94540240
94567411
94568081
94571032
94612955
94624942
94644974
94655368
94700367
94736307
94736617
94740676
94742923
94745062
94784299
94796807
94815505
94826476
94845640
94861059
94865682
94878732
94917037
94919906
94942777
94943183
94946104
94969770
94984032
95020016
95045338
95073251
95074592
95096968
95101785
95108963
95126378
95152261
95154949
95162718
95165388
95170733
95176031
95176187
95176641
95178537
95190464
95194232
95210844
95216511
95217438
95223168
95245541
95281042
95305508
95335477
95337064
95341870
95343418
95344033
95389268
95395164
95414035
95441327
95443003
95459196
95461552
95461905
95461945
95462213
95485307
95487253
95493142
95512011
95527731
95537760
95539322
95546834
95557451
95562205
95609283
95609382
95613805
95637066
95642096
95644753
95648982
95651173
95677966
95692213
95699095
95725346
95725741
95729045
95731956
95740659
95743709
95748554
95781187
95790344
95797007
95814834
95829424
95834708
95875478
95919186
95920433
95938223
95959167
95961333
95969582
95969707
95971227
95973535
95999351
96021879
96033122
96047563
96049254
96059044
96061759
96083867
96086758
96096286
96099148
96099286
96117524
96126477
96127504
96166276
96190665
96205680
96207498
96212396
96212903
96214841
96226036
96246685
96253174
96269674
96286640
96309387
96315490
96337584
96348612
96357667
96358308
96366225
96382470
96387266
96409065
96422430
96427790
96432154
96446605
96459022
96459472
96461075
96465899
96510238
96522688
96524377
96524683
96538793
96550560
96557119
96558686
96572033
96574501
96576497
96579594
96587152
96596349
96599398
96623543
96629757
96632702
96638516
96662804
96676166
96679245
96707082
96714750
96723113
96730701
96744609
96751855
96754962
96759717
96797048
96806407
96822288
96824837
96829160
96829851
96835403
96838778
96860829
96870222
96878495
96881478
96904639
96938299
96946917
96956969
96959404
96976594
96989087
96992088
96998054
96999627
97001711
97008214
97012538
97020409
97022923
97027303
97034530
97095949
97102627
97116430
97123102
97127570
97128301
97138398
97158446
97159669
97196443
97201820
97207929
97210141
97217354
97223912
97287880
97295729
97350110
97365275
97368580
97399838
97423198
97438724
97461513
97468815
97510090
97519789
97546324
97549445
97576635
97624383
97626115
97626813
97651082
97671709
97674902
97681155
97687924
97697586
97705961
97710119
97710761
97717710
97791080
97800864
97809204
97846856
97851261
97852679
97906813
97916647
97961819
98002307
98008217
98012147
98031166
98036667
98043375
98045240
98052323
98055237
98063224
98099491
98114302
98127758
98141771
98152839
98163804
98164355
98182017
98212886
98213210
98234466
98254141
98256486
98278677
98284974
98301078
98302614
98323844
98335672
98341041
98342571
98354453
98361011
98372359
98388163
98404660
98415731
98444630
98447713
98475004
98501270
98520679
98565403
98571441
98609563
98620811
98641876
98689048
98691034
98697379
98701615
98712416
98721118
98792055
98816159
98824072
98835845
98857054
98863785
98874830
98905567
98906544
98916754
98933977
98983113
98983980
98998532
99010579
99073577
99116922
99116932
99120274
99120497
99149810
99194057
99204640
99220733
99220821
99221806
99260629
99260770
99276522
99320989
99328773
99333554
99334805
99354355
99360374
99364494
99381020
99395203
99398754
99408541
99419365
99436582
99463944
99479678
99491253
99493618
99505953
99568667
99575338
99593617
99593885
99593987
99601147
99614282
99615314
99621833
99636316
99639112
99646792
99647889
99649626
99693178
99695594
99695636
99700095
99710352
99730343
99732723
99746672
99766443
99782807
99807480
99809957
99824418
99828867
99835495
99837410
99850831
99856102
99856957
99858134
99872749
99880690
99889111
99894985
99905110
99919637
99927061
99947992
99949654
99953389
99958277
99962000
99970502
99982890
100004948
100005907
100070373
100101843
100152709
100156889
100168936
100173431
100175682
100184478
100217488
100229025
100234539
100242469
100248598
100263107
100267783
100286762
100287065
100297604
100323874
100332114
100353110
100357141
100368296
100372834
100375290
100384877
100394140
100401227
100409391
100446578
100453151
100468086
100474974
100475925
100479195
100515718
100521634
100521697
100527985
100535951
100537962
100541540
100572576
100574769
100575913
100584706
100608282
100617534
100627740
100635720
100638757
100656890
100670647
100671966
100687010
100688553
100704988
100736593
100743690
100754829
100759444
100775014
100788808
100798051
100806689
100806754
100807308
100811305
100815758
100815865
100842825
100885008
100894672
100903326
100923460
100949253
100979026
100990579
100995202
100998758
101011839
101019763
101020563
101023600
101023875
101029593
101031746
101042707
101069196
101080527
101095241
101097670
101110050
101110432
101124451
101139431
101139913
101154341
101159595
101177011
101177629
101190114
101194639
101221496
101226542
101256062
101257032
101264206
101324940
101333248
101345782
101355594
101371621
101372717
101409363
101417695
101433365
101441333
101451135
101454383
101466164
101478984
101490655
101507556
101514891
101519811
101520307
101529482
101530339
101538471
101550403
101577157
101603724
101624247
101624613
101655775
101697385
101711204
101712376
101721721
101723547
101733266
101733403
101748477
101755335
101771755
101805137
101815799
101833001
101840582
101854849
101870036
101889752
101891382
101898380
101920567
101938841
101953363
101959391
101967880
102009578
102015557
102036131
102037594
102038495
102050905
102055118
102098968
102103775
102113665
102129040
102176741
102199385
102200287
102205791
102208328
102232920
102236015
102237622
102290656
102320615
102366573
102419422
102438544
102451211
102471598
102491294
102493201
102494494
102503328
102505685
102510578
102530826
102551954
102567048
102580316
102608451
102611486
102624558
102674963
102674992
102675008
102679521
102719970
102729944
102733255
102734530
102746877
102790090
102809286
102822108
102823884
102854744
102864211
102881876
102889911
102906028
102923653
102951878
102961940
102984740
102990479
103017638
103027939
103048801
103052057
103076420
103081513
103116671
103151232
103160016
103162963
103164118
103165662
103200815
103221173
103267619
103295142
103300890
103308835
103313175
103337857
103354895
103357104
103357992
103371876
103392012
103403122
103450149
103455222
103461967
103470745
103484018
103504291
103504564
103507740
103522868
103535644
103536168
103542205
103548082
103556519
103558294
103564892
103572036
103588480
103603617
103618602
103623045
103623552
103629818
103632376
103639600
103657911
103670370
103675049
103679739
103685020
103685711
103703098
103722276
103729930
103763149
103794042
103797868
103805332
103813805
103814305
103816788
103818289
103823240
103829914
103838565
103857302
103869257
103880034
103884774
103885515
103891187
103896585
103897269
103919288
103924794
103928134
103936296
103949026
103951449
103963059
104014786
104050510
104051458
104075954
104110505
104110776
104134330
104137938
104149876
104166088
104175263
104179241
104189691
104214338
104217834
104233607
104236129
104251545
104273234
104294954
104300178
104323347
104344234
104360349
104376880
104426549
104429441
104466387
104479627
104482759
104490931
104498952
104510211
104516964
104527107
104540043
104558505
104561785
104581493
104591855
104602743
104607958
104621063
104626574
104657986
104702431
104725979
104729577
104740459
104747907
104748387
104751761
104795500
104796267
104799048
104814763
104822761
104835039
104836902
104842837
104846414
104855846
104868347
104902574
104939614
104972168
104981808
104982780
105004905
105083714
105099979
105105994
105114799
105126219
105126418
105150921
105151404
105177166
105188738
105194405
105223054
105226028
105254094
105266144
105291099
105317032
105328910
105344728
105369084
105391154
105396628
105408927
105409124
105420485
105426918
105452080
105480596
105483313
105490045
105498035
105503115
105503581
105506480
105518618
105554412
105586024
105587769
105608267
105614402
105620631
105632456
105663933
105669326
105670903
105674089
105680986
105681957
105708158
105713715
105721084
105734414
105737037
105757646
105781368
105790369
105816314
105829310
105838766
105839540
105840671
105843965
105847883
105852408
105869796
105881017
105888812
105908628
105915453
105925009
105929158
105945916
105951044
105966215
105970744
105980092
105981360
105984190
105987545
105988315
105994242
106001189
106009074
106009648
106079326
106091959
106101363
106109155
106115535
106121580
106125624
106126865
106138621
106143690
106185879
106194766
106199592
106200829
106202934
106238490
106247420
106254185
106287433
106319616
106321102
106348133
106361763
106385484
106409437
106441889
106443543
106471559
106488020
106528960
106543735
106565110
106614843
106626542
106660957
106669030
106689643
106692910
106722456
106729954
106741166
106745642
106752746
106755519
106759216
106769878
106778608
106781097
106786709
106800937
106824734
106829818
106878139
106928708
106933181
106935415
106936788
106940294
106949262
106951918
106975744
106994977
106997737
107017078
107028173
107033633
107042718
107048140
107061216
107089828
107113939
107128208
107130803
107147455
107148359
107181555
107184543
107231282
107241489
107255837
107263739
107267566
107269268
107319951
107330683
107332813
107371790
107414457
107429866
107439520
107448905
107466177
107479183
107485669
107507139
107508034
107528273
107534127
107535898
107551555
107554543
107557454
107573167
107632272
107632279
107652133
107652660
107660182
107669600
107690704
107693115
107705084
107710881
107720130
107720583
107724231
107743197
107781974
107786754
107790778
107797269
107798810
107825451
107825806
107831355
107845544
107848029
107857260
107893298
107932481
107947724
107948604
107982479
108003809
108015357
108034611
108039870
108051861
108068230
108071337
108074724
108081938
108083849
108083942
108097162
108106979
108112354
108116770
108139179
108139643
108153251
108155827
108161419
108187716
108189555
108248244
108259485
108273103
108297456
108307863
108319058
108334515
108343212
108357436
108375445
108403367
108404599
108448154
108476398
108480245
108484514
108485611
108486335
108531517
108565124
108573403
108576332
108613226
108621976
108624907
108673580
108746185
108752085
108806554
108827774
108861675
108874086
108882855
108890372
108959449
108962767
109000142
109018635
109049895
109054193
109062294
109071725
109075433
109080442
109083711
109084869
109117581
109170106
109210167
109218023
109253161
109256258
109261940
109263639
109292101
109294529
109299349
109304357
109307955
109312301
109318865
109332014
109340281
109349345
109355306
109378417
109383695
109388898
109394597
109396943
109403333
109413871
109449884
109452990
109454436
109469325
109521931
109530256
109538112
109548395
109564541
109572299
109578937
109581994
109611092
109615215
109638428
109641771
109653185
109680912
109730115
109735166
109739809
109745339
109771064
109776084
109794662
109799662
109801008
109837632
109846640
109849103
109896768
109897100
109917047
109929797
109998635
110009142
110038033
110052768
110085952
110088852
110095656
110105327
110135174
110206166
110215768
110221177
110227460
110261054
110261425
110269726
110275553
110277831
110281284
110287271
110305802
110366981
110432562
110471336
110523616
110536156
110539539
110543432
110546687
110567921
110577015
110604963
110628410
110642080
110660121
110674883
110699140
110716817
110741396
110751746
110753191
110773706
110779746
110782747
110783725
110790824
110792294
110800241
110821122
110821189
110823272
110913762
110927983
110933008
110965868
110992604
110993600
111002880
111020274
111059820
111078724
111087427
111099970
111138344
111142322
111164208
111168292
111179500
111190385
111202780
111229609
111233501
111242072
111249175
111284557
111295731
111339602
111369130
111372444
111404287
111443876
111460539
111481090
111490438
111491173
111496009
111498758
111519986
111528821
111541169
111543139
111580305
111623489
111623872
111627909
111641969
111642234
111666985
111694268
111747164
111757331
111777950
111783086
111790738
111821926
111826143
111832756
111833635
111893047
111909601
111909743
111918858
111922235
111923741
111924970
112005934
112013307
112018683
112045135
112063578
112135981
112139174
112146355
112170539
112171035
112184952
112185286
112189095
112221150
112250993
112271969
112297196
112318497
112319737
112341963
112353084
112409396
112427243
112444711
112471288
112476558
112490977
112492075
112524947
112526667
112572728
112582554
112610492
112628920
112694329
112694614
112695691
112711906
112729247
112776710
112807499
112821378
112854239
112879886
112912368
112927632
112939849
112959213
112981547
112996676
113013921
113112801
113146223
113157540
113197818
113208368
113268009
113269903
113271822
113293189
113294698
113303210
113304136
113305196
113330909
113344863
113348976
113361492
113374785
113376310
113381805
113387059
113387610
113430177
113484307
113513374
113531049
113545386
113591031
113603048
113659650
113752595
113752793
113753382
113762829
113770175
113804362
113815982
113817362
113856681
113878796
113882094
113884065
113886902
113897400
113917155
113963545
113968607
113997873
114003147
114006732
114016852
114061781
114090961
114156475
114183958
114187413
114204533
114216531
114226683
114228883
114233431
114253061
114271470
114272290
114280978
114289768
114321207
114347899
114385705
114401143
114403917
114412216
114440222
114464811
114469559
114473415
114521705
114528605
114530612
114539854
114542996
114548298
114614529
114621944
114646416
114663927
114683488
114709650
114724280
114745013
114784800
114791268
114794435
114834384
114842667
114844144
114854173
114859687
114890904
114892853
114904362
114905173
114921332
114947062
114977273
114999155
114999370
115006936
115022470
115031952
115077012
115080028
115099477
115158259
115161296
115209975
115231571
115245355
115253880
115260538
115261811
115332892
115359899
115369649
115371041
115385350
115417696
115419452
115428906
115451369
115454462
115516674
115520024
115520081
115529285
115559770
115578601
115594166
115594947
115602102
115642651
115643254
115649123
115676785
115700598
115726835
115730242
115771596
115791187
115883421
115896236
115907160
115939297
115945051
116002978
116014245
116015017
116022692
116029817
116042795
116046072
116046380
116073664
116093263
116094907
116101328
116138668
116167000
116177961
116229447
116230969
116232100
116251672
116265359
116289836
116318898
116319388
116325534
116330711
116403709
116419555
116420784
116421069
116450745
116453016
116463004
116468039
116473251
116476836
116523634
116554558
116581323
116584118
116626714
116630428
116683643
116683728
116686847
116732166
116774029
116774124
116831333
116842963
116889410
116904935
116916074
116921233
117008754
117019987
117058464
117077273
117082595
117084958
117111469
117130371
117131178
117131758
117132597
117144739
117145674
117148346
117164000
117165880
117167762
117172677
117176686
117197214
117245780
117287558
117342094
117344010
117365682
117403716
117429910
117463163
117478168
117479735
117551818
117562295
117571507
117581369
117585075
117593469
117596274
117608554
117611701
117621480
117622835
117629609
117638863
117651183
117653859
117654861
117656027
117711871
117794019
117830996
117840274
117867623
117949331
117987517
118010882
118020472
118022794
118069171
118078063
118096051
118101226
118106944
118110940
118114218
118119232
118132109
118140963
118165668
118184138
118212690
118235717
118236589
118238151
118259141
118291355
118309493
118313384
118315369
118332842
118332880
118333627
118387875
118402535
118414875
118422912
118436800
118441615
118473859
118528144
118543635
118551075
118567745
118578213
118584464
118593748
118621266
118656264
118657889
118665143
118708990
118775979
118783679
118795521
118811904
118826630
118834221
118839645
118841723
118882689
118883855
118884129
118893944
118917842
118939541
118948955
118969604
118972968
118987132
118987261
118999193
119013736
119044869
119059179
119069338
119103075
119104552
119113416
119122948
119144474
119146591
119149205
119158205
119162099
119172089
119180989
119189663
119252935
119254390
119258018
119298165
119301916
119303631
119316771
119367645
119373899
119386265
119415356
119467462
119471354
119472292
119522364
119537713
119578217
119599807
119606892
119607549
119613049
119636800
119640248
119657845
119669838
119675906
119684310
119686868
119692037
119709133
119712851
119733932
119750942
119769060
119835753
119856887
119861085
119888241
119936417
119940379
120070383
120076663
120080007
120098312
120108643
120109484
120168548
120190003
120254705
120259262
120266099
120266431
120268369
120272065
120288654
120302442
120307937
120334479
120377606
120386965
120404116
120461159
120500896
120504722
120555274
120561259
120564781
120575720
120577787
120599915
120643107
120691654
120699836
120709470
120711545
120716896
120722627
120764192
120809075
120829314
120843315
120845515
120849913
120868224
120872502
120889231
120896633
120911085
120921603
120938130
120945191
120997065
120998763
121005193
121016159
121021099
121069589
121075866
121081269
121081474
121096836
121105258
121125204
121148470
121152972
121160589
121192651
121196295
121199690
121254058
121254115
121259254
121261515
121264793
121266970
121268948
121327995
121351025
121358238
121366267
121383846
121468935
121497521
121515497
121530537
121531692
121536453
121537022
121548669
121571240
121574775
121587188
121605793
121615200
121618166
121620453
121623786
121634252
121651046
121651955
121684429
121684621
121717279
121745757
121767734
121782754
121804248
121817551
121851851
121880161
121900486
121906070
121911434
121965473
121988627
122033766
122052958
122063553
122076580
122087960
122095043
122103067
122163055
122192793
122194990
122224763
122246413
122252243
122295136
122307448
122311615
122320400
122323406
122333409
122342243
122365492
122370839
122387414
122393148
122403723
122419220
122434371
122439287
122440401
122469668
122478261
122518011
122525440
122549310
122572856
122601018
122652326
122658026
122663326
122670388
122687952
122725511
122735713
122741332
122749948
122751987
122754681
122762288
122806176
122827602
122832264
122839960
122841796
122870842
122870978
122883056
122917915
122928143
122952002
122977099
122981786
123011069
123088795
123118846
123137527
123143440
123257126
123257165
123287168
123311555
123323835
123358866
123359792
123392970
123415509
123425395
123434213
123477719
123490585
123491214
123493632
123500038
123500535
123504517
123514319
123514683
123538615
123572390
123581482
123582939
123584458
123592198
123596466
123638634
123657653
123663747
123668010
123693800
123713600
123760831
123761245
123829988
123853255
123868712
123908759
123910116
123919219
123934690
123946027
123962102
123991451
124024811
124065557
124071922
124086774
124090439
124120913
124128487
124129649
124236275
124238525
124327387
124331831
124336371
124362695
124387105
124400329
124409353
124423336
124426376
124428738
124432627
124447053
124500407
124515909
124528101
124542055
124544988
124549681
124561061
124566955
124590564
124604729
124645089
124695694
124716320
124724043
124739479
124740086
124800761
124817075
124845469
124847916
124896650
124917273
124937980
124938908
124967886
124978566
124983425
125020029
125021578
125027322
125046789
125136132
125140249
125140385
125169463
125172799
125179917
125185079
125187465
125193980
125204820
125208347
125217340
125303350
125306682
125321910
125343394
125358169
125377471
125389976
125390338
125408544
125408720
125415445
125425068
125435248
125439728
125452655
125453004
125458836
125461495
125466954
125482315
125485197
125487482
125488936
125495034
125531365
125537126
125586984
125598345
125602455
125629471
125645972
125655956
125660529
125667438
125710596
125726746
125732743
125752239
125770514
125796644
125799317
125842637
125851530
125869449
125876561
125885900
125923868
125925301
126018911
126042350
126064250
126068702
126073795
126163336
126186483
126196919
126201580
126322380
126345367
126440374
126552384
126634055
126653357
126676297
126692588
126715427
126784903
126798737
126834452
126835393
126845446
126849231
126853251
126870164
126872799
126908918
126947886
126965988
127011309
127080818
127103859
127119805
127126590
127153698
127154282
127209744
127215406
127225005
127248159
127329472
127339670
127372970
127394037
127420412
127427338
127436089
127439965
127442118
127446569
127452797
127470190
127507349
127508244
127535611
127541252
127541450
127547233
127567058
127574761
127609934
127629708
127656136
127663117
127665183
127670901
127683206
127691413
127692458
127704916
127707786
127738902
127740274
127747181
127771321
127792996
127847360
127862210
127881787
127917940
127920193
127920805
127923262
127943585
127951156
127973363
127975998
127987345
128000852
128002984
128006705
128007298
128009421
128030048
128053176
128055892
128073735
128082960
128091763
128108143
128163578
128182872
128224757
128227145
128227987
128283725
128332502
128348014
128395675
128397746
128397972
128415815
128424486
128428093
128451616
128564404
128610381
128628555
128632914
128637364
128655922
128674221
128694328
128707474
128808286
128820969
128843106
128951337
129022601
129065348
129069063
129088886
129097855
129116481
129144991
129149172
129149885
129224368
129232505
129257341
129263688
129275888
129300739
129323567
129360814
129434059
129439182
129464430
129471090
129473593
129473726
129474064
129475434
129476571
129476821
129480751
129484264
129488913
129506231
129509235
129512277
129513280
129515784
129517632
129535688
129542349
129545031
129572788
129585612
129677669
129684009
129685255
129686860
129691715
129755192
129759910
129761044
129768426
129779308
129819057
129824007
129857928
129861638
129878801
129886829
129891455
129891512
129892300
129893308
129893489
129930624
129932873
129946629
129955245
129983452
130004578
130027312
130030420
130041012
130048846
130049249
130070264
130090215
130133245
130137903
130171803
130177438
130177509
130180563
130195107
130207443
130229047
130239137
130241046
130258231
130260317
130283524
130292075
130304342
130313916
130320825
130392483
130448784
130455350
130474912
130500033
130536014
130545713
130549443
130598598
130612480
130614718
130670403
130681309
130682958
130718434
130797066
130869629
130922089
130938178
130945167
130962038
130993748
130998866
130999150
131000062
131026954
131034975
131044361
131060921
131115147
131128546
131136512
131150613
131159649
131161302
131168991
131210523
131216659
131236614
131237972
131273758
131285799
131286339
131286442
131293591
131330255
131337936
131357904
131422811
131429747
131435383
131442831
131444905
131471489
131493223
131500365
131518417
131565454
131569857
131618813
131634055
131675631
131682716
131683798
131684079
131733911
131744960
131756955
131794170
131802489
131824678
131825926
131855339
131873134
131890987
131909319
131942359
132008517
132023644
132033830
132036746
132037041
132054179
132089588
132110367
132137334
132161986
132211436
132227828
132259208
132285412
132288931
132291493
132312254
132319217
132376998
132404553
132434439
132452773
132490481
132502377
132543247
132605971
132614013
132614546
132614873
132644582
132658335
132683556
132709823
132714657
132741316
132770674
132791589
132796491
132797647
132798429
132799732
132800700
132801007
132808597
132820671
132828771
132838399
132848070
132875874
132879251
132907270
132936922
132959742
133026085
133054753
133093954
133102499
133114727
133139460
133195174
133218264
133240465
133243685
133264900
133277317
133299532
133334175
133358068
133380205
133385765
133402265
133413523
133430896
133493187
133529985
133535288
133567778
133586270
133586765
133678818
133682224
133687366
133689399
133693546
133700694
133737425
133746736
133754488
133772526
133786621
133811615
133855155
133870894
133875637
133896352
133896737
133945359
133960466
133984781
133986212
134025986
134092084
134099382
134117523
134125555
134186848
134212084
134217062
134222386
134233874
134258462
134279047
134281108
134297649
134337000
134345610
134362205
134366837
134379214
134379308
134386603
134428194
134432024
134432365
134433128
134442343
134447986
134496291
134565277
134572835
134605510
134606318
134646810
134659808
134709142
134749155
134750638
134754486
134772460
134787146
134838896
134854462
134861790
134865927
134882643
134964255
134975885
134990769
134993355
135001844
135007952
135056062
135103741
135216646
135259381
135302848
135355680
135363865
135411373
135432325
135459309
135476037
135476148
135476341
135477076
135477848
135479861
135484029
135491344
135494245
135498952
135564019
135581208
135604815
135614393
135641418
135650270
135654625
135660266
135674040
135702169
135742362
135756485
135783981
135807028
135839827
135845181
135858555
135884751
135983549
136025727
136189622
136243167
136283043
136419345
136435560
136466948
136487203
136493970
136526656
136537827
136684745
136732682
136786772
136829478
136896813
136943739
136961071
136968250
137017744
137021425
137052529
137081460
137082468
137148711
137164699
137170153
137196725
137239610
137247084
137338113
137347380
137371164
137396995
137454688
137487947
137496820
137501807
137542965
137577982
137587749
137596432
137611264
137611391
137611399
137611408
137611422
137611673
137611880
137611882
137611909
137612022
137612122
137612175
137612392
137612401
137612546
137612551
137612637
137612703
137612766
137613293
137613301
137614176
137614936
137616206
137616754
137616814
137616842
137616916
137617587
137618391
137618659
137619164
137619289
137619548
137619577
137620031
137620275
137620420
137621090
137621099
137621999
137622810
137624733
137625941
137628629
137629304
137630416
137631331
137634022
137635039
137636057
137637110
137638212
137638277
137638507
137638555
137638580
137639977
137640411
137640562
137640831
137641031
137641138
137641220
137641451
137641878
137642280
137643857
137643912
137644799
137645158
137645580
137645939
137650318
137652917
137655777
137656147
137656480
137656505
137656510
137656514
137656524
137656579
137656652
137656710
137656810
137657061
137657066
137657179
137657245
137657541
137657576
137657656
137658142
137658218
137658302
137658384
137658703
137658770
137658786
137658858
137658921
137659027
137659030
137659125
137659158
137659211
137659420
137659427
137659440
137659516
137659544
137659639
137659700
137659831
137659869
137659874
137659911
137660088
137660225
137660414
137660467
137660589
137660739
137660748
137660775
137660832
137660940
137660993
137661083
137661134
137661302
137661491
137661582
137661649
137661731
137661784
137661790
137662333
137662743
137663076
137663622
137663630
137663721
137663788
137663895
137664014
137664193
137664268
137664651
137664805
137664825
137664880
137664923
137665148
137665201
137665297
137665329
137665879
137665971
137666096
137666110
137666136
137666167
137666179
137666279
137666498
137666641
137666649
137666679
137666681
137666853
137666862
137666969
137667137
137667484
137667925
137668401
137668406
137668410
137668489
137668607
137668751
137668885
137669078
137669236
137669249
137669387
137669548
137669558
137669604
137669640
137669710
137669756
137669929
137670038
137670063
137670163
137670196
137670459
137670538
137670629
137670729
137670732
137670832
137670862
137671025
137671316
137671574
137671641
137671798
137671816
137671833
137672117
137672285
137672348
137672422
137672769
137672952
137672988
137673031
137673130
137673208
137673383
137673787
137673921
137673984
137673987
137674267
137674275
137674286
137674535
137674893
137675250
137675659
137676042
137676051
137676117
137676326
137676357
137676700
137677061
137677733
137677885
137678015
137678667
137678981
137679797
137680840
137680913
137681006
137681271
137681454
137681806
137682292
137682307
137682503
137682522
137682530
137682609
137682693
137683233
137683334
137683902
137684056
137684217
137684313
137684389
137684691
137684795
137684936
137685362
137685371
137685430
137685431
137685506
137685656
137686165
137686218
137686623
137686645
137686719
137687077
137687250
137687542
137687691
137687899
137688160
137688249
137688336
137689197
137689314
137689523
137689764
137690466
137690961
137690987
137690991
137690997
137691130
137691541
137692136
137692468
137693245
137693268
137693276
137693341
137693427
137693639
137694042
137694119
137694176
137694581
137694688
137694697
137694730
137694798
137695403
137695463
137695791
137696030
137696506
137696781
137696982
137698499
137698718
137700047
137700197
137701056
137701352
137701505
137702050
137703211
137703959
137704559
137704743
137704779
137705131
137705520
137706214
137706340
137707214
137707924
137707944
137708022
137708710
137709023
137709072
137709668
137710017
137710914
137710976
137711141
137711522
137711537
137711886
137712771
137713038
137713554
137713606
137713945
137714273
137714410
137714496
137715023
137715797
137716361
137717731
137717975
137718152
137718170
137718405
137718843
137719071
137719774
137720254
137720705
137720822
137721321
137721760
137722154
137722202
137722247
137723563
137723597
137723610
137724203
137724464
137725376
137726297
137726560
137726784
137727589
137728983
137729087
137729154
137729575
137729639
137730052
137730281
137730461
137732255
137732267
137732548
137732692
137733029
137734038
137734049
137734198
137734381
137734678
137735260
137735658
137735818
137735877
137736030
137736321
137737623
137738940
137738967
137739674
137740263
137740447
137741414
137742175
137742329
137742572
137742675
137743482
137744083
137744155
137744159
137745196
137745551
137745591
137746048
137747521
137749003
137749123
137749472
137751821
137751932
137752249
137752574
137753104
137753632
137754741
137754800
137754861
137755175
137755514
137756786
137756988
137760096
137760105
137760805
137761103
137761337
137763194
137763523
137764214
137764301
137766545
137767056
137770260
137770625
137771830
137771895
137773274
137773898
137775176
137776192
137777310
137778622
137779343
137785106
137786367
137787407
137787959
137789483
137789785
137789939
137790575
137792383
137792396
137792748
137793394
137793458
137795712
137797496
137798344
137798435
137798728
137800618
137802245
137803064
137806209
137808300
137808674
137809365
137810317
137810544
137811772
137815268
137815807
137816978
137817796
137818762
137820302
137822086
137825528
137828175
137829754
137830344
137831527
137831583
137836356
137839249
137840162
137846366
137849951
137849955
137851094
137853926
137854753
137856240
137857062
137867113
137870713
137875913
137877405
137888560
137889950
137893013
137897028
137898729
137900654
137906149
137911510
137912492
137926623
137930774
137940612
137951771
137957730
137959739
137965456
137967693
137977174
137983170
137984811
137986773
138025038
138041809
138042144
138045377
138060093
138064323
138079655
138080079
138080953
138085194
138090362
138103569
138118205
138130613
138151113
138156932
138167159
138169711
138178637
138184132
138208827
138219572
138227915
138234275
138242061
138252183
138279823
138292169
138300153
138309810
138315093
138321056
138327234
138338127
138340482
138346033
138350422
138366853
138399107
138404143
138407088
138415756
138425272
138426432
138428997
138430192
138432032
138452524
138457243
138461184
138469781
138499080
138508430
138549789
138591341
138609395
138691876
138730153
138829494
138870925
138905335
138929057
139006444
139007236
139008996
139025774
139039794
139078027
139095696
139261140
139276430
139367308
139513740
139568330
139568734
139579988
139643436
139644505
139710666
139788497
139929809
139937237
139992300
140002941
140017842
140135241
140212344
140435224
140623643
140666613
140701121
140753129
140783878
140810188
140929014
140959096
140969271
141064663
141174641
141287220
141415198
141703163
141826722
142212131
142437542
142498137
142503485
142563523
142581628
142589625
142592720
142597369
142645807
142716201
142740351
142771203
142773115
142798938
142819170
142835323
142844178
142873461
142879230
142917523
142933408
142982193
143071266
143141298
143168391
143226412
143248181
143255241
143281192
143291306
143327943
143342246
143470523
143474448
143530274
143544850
143561613
143622785
143637916
143705556
143706217
143720962
143726082
143743887
143808823
143891019
144028393
144308719
144314619
144371985
144405659
144434567
144439830
144444186
144491174
144505462
144603156
144612093
144614939
144633172
144660522
144739826
144884014
144891586
144941703
144959052
144959900
145008637
145150864
145232946
145239453
145262117
145270500
145284004
145317101
145346050
145375995
145428306
145496255
145497063
145506284
145508413
145569670
145570372
145584780
145599290
145652008
145701320
145776931
145779208
145819216
145831413
145834207
145851595
145870735
145896594
145906533
145923853
145951642
146000666
146006191
146079375
146089380
146155947
146196456
146293332
146381246
146395705
146506260
146573940
146631079
146646437
146690874
146707701
146736891
146737949
146896807
146935049
146952304
146964215
146976957
147060272
147124780
147178313
147197134
147207470
147219304
147246088
147323785
147359746
147387463
147390168
147456672
147584386
147684437
147691538
147779946
147793379
147869462
148108099
148240447
148438864
148520181
148579066
148725753
148744868
148754275
148769548
148774330
148882559
148892287
148902668
148908893
148953176
148971193
149064362
149110323
149123321
149142314
149143283
149293916
149293945
149330492
149491428
149559801
149674514
149680031
149806079
149847640
149952134
149969228
150058623
150069511
150078793
150090794
150096077
150248901
150255650
150290644
150335727
150347928
150360162
150384095
150407869
150411405
150446034
150466914
150481340
150491618
150553975
150586196
150599894
150604672
150711372
150715416
150735188
150746720
150773558
150795738
150856334
150902729
150933107
150968891
150998539
151003915
151007367
151077564
151090019
151101939
151159654
151163246
151249270
151260263
151264176
151286805
151326682
151355938
151361617
151365563
151370157
151370397
151374852
151395801
151432936
151442967
151491930
151521936
151524011
151590109
151605147
151605403
151607897
151636404
151676990
151692310
151755323
151782373
151787791
151788681
151942645
151952674
151959915
151972345
151982827
151984029
152003267
152006018
152011654
152031928
152038108
152076463
152087567
152103262
152107805
152194102
152197833
152248303
152264552
152273222
152274728
152305057
152311509
152322110
152330819
152355963
152360352
152364248
152384736
152387282
152406525
152419673
152448815
152475736
152478147
152504810
152530143
152542657
152544424
152555698
152591155
152617825
152622219
152665133
152713242
152784876
152796920
152804863
152807694
152812998
152830146
152879011
152918855
152952875
153013005
153020949
153025722
153109746
153113711
153122259
153130232
153130744
153166135
153200221
153270051
153290075
153290228
153324952
153325737
153346935
153357591
153360045
153400555
153446774
153493277
153502117
153591101
153606970
153616008
153642780
153662565
153710955
153724179
153730123
153760248
153776957
153799197
153802986
153851134
153902101
153904468
153907662
153923966
153985595
154009896
154021795
154030404
154034480
154097554
154109573
154118015
154163285
154239689
154265704
154272193
154290923
154294752
154298380
154356982
154387962
154429702
154444510
154465692
154470711
154490573
154506011
154537511
154566314
154619907
154705384
154712538
154713862
154724208
154731135
154736966
154770392
154781744
154788030
154816373
154843658
154873476
154912911
154912915
154981741
155029846
155045181
155059314
155118611
155189540
155323670
155327819
155371999
155378776
155456251
155456432
155461764
155472218
155501342
155549658
155703303
155748302
155789468
155791587
155855837
155870708
155879550
155890596
155966859
155997550
156015833
156033090
156044909
156045952
156069929
156071996
156077392
156114114
156121296
156131691
156150726
156232585
156264083
156299542
156322660
156470993
156573609
156655543
156772246
156793225
156825014
156829252
156884456
156925761
157001009
157017550
157052197
157069317
157076002
157127119
157189646
157190233
157259272
157263458
157318178
157387883
157403899
157403936
157466518
157607253
157611970
157623421
157637559
157668520
157669386
157728571
157745817
157925154
157946459
158177389
158193369
158268239
158269822
158403386
158418032
158461882
158596737
158609403
158615485
158625373
158722251
158743983
158752846
158798710
158825156
158831305
158844494
158864916
158907172
158931591
158955293
158968384
158998764
159034962
159088141
159114538
159120723
159154681
159166138
159193186
159206172
159219109
159330176
159363598
159368720
159378795
159420528
159477239
159588087
159591670
159629925
159636616
159657137
159690571
159757346
159760419
159816612
159826380
159851019
159905837
159928434
159944120
159953948
159959771
159989502
160008047
160030991
160126595
160129199
160211005
160226944
160278703
160283691
160288950
160295673
160297345
160356348
160381457
160414842
160428078
160428239
160442289
160453383
160548398
160552292
160559576
160563210
160585353
160585651
160604285
160713001
160790199
160791216
160799841
160807407
160828979
160869757
160875209
160905708
160955327
160989984
161016946
161039129
161042292
161047394
161062995
161078617
161183466
161186600
161224002
161251861
161285865
161312988
161315015
161387807
161420922
161501279
161547727
161561545
161616789
161753038
161760370
161770531
161774234
161864408
161909809
161932209
161982836
161983299
161983342
161983580
161992111
162168492
162184862
162193862
162284001
162317351
162353918
162402743
162576219
162665150
162720249
162744722
162792106
163035107
163062065
163237716
163243668
163304725
163314846
163416682
163702017
163757922
163766551
163800826
164007130
164068930
164180111
164182225
164206400
164255402
164273219
164283069
164306193
164307046
164334528
164334989
164343954
164356285
164358101
164367208
164536002
164554505
164573104
164599969
164632799
164638872
164644583
164720788
164776342
164779195
164780480
164787790
164814678
164816224
164818022
165288736
165419000
165429257
165463826
165521924
165528817
165663088
165709132
165780246
165892164
166015669
166045785
166088758
166107446
166243465
166263945
166277833
166400449
166440428
166623279
166850495
166860080
167088229
167232271
167258071
167392482
167495032
167722891
167790208
167863143
167967325
168054985
168081865
168191221
168294402
168302144
168312184
168312192
168359427
168525020
168566343
168608494
168637563
168646997
168772704
168824609
168840030
168840900
168847433
168892616
168917333
168930003
169059956
169160008
169361639
169401309
169437988
169471419
169496930
169543104
169725812
169741370
169782257
169879249
169904424
169966580
170088738
170150347
170216726
170227083
170251694
170256691
170276370
170338053
170401295
170489985
170533929
170690330
170713615
170728836
170748226
170776355
170776565
170989898
171006623
171017202
171023535
171071196
171083260
171089947
171151819
171242490
171293521
171418865
171492602
171685076
171777070
171789628
171844633
171854439
171916423
171993671
172008008
172024196
172077099
172244455
172248825
172253565
172301930
172311983
172320154
172329845
172346961
172349209
172352745
172356470
172377221
172432818
172493097
172530144
172581948
172585693
172590533
172593677
172624160
172641253
172655820
172726204
172764809
172784015
172837089
172837848
172867807
172900470
172956152
173009213
173009701
173145798
173149266
173170521
173183986
173189800
173190732
173194550
173208306
173282494
173332375
173333020
173355948
173365562
173442936
173463494
173492581
173506143
173534053
173559468
173647596
173657902
173666657
173676663
173717044
173720412
173720653
173753098
173756984
173780213
173842848
173895696
173950191
173985007
174093534
174149164
174156808
174179497
174205932
174251967
174398776
174423732
174449097
174501006
174580538
174606284
174610140
174615673
174639540
174710611
174783649
174800158
174811105
174843182
174911969
174936003
174978439
175058419
175069648
175077464
175081382
175190182
175285580
175286184
175339547
175384812
175391231
175486975
175495494
175505687
175530071
175548154
175595646
175669871
175679778
175838501
175855890
175890089
175919275
175925097
175937079
175953846
175961886
175964821
175968654
176145727
176217114
176270260
176291920
176315251
176421117
176519524
176639724
176662305
176686382
176742453
176842655
176940196
176971833
176971848
177083678
177125998
177237364
177383127
177409459
177411891
177544475
177562762
177705872
177802284
177829096
177937473
178014215
178059360
178087006
178117767
178148820
178202155
178209386
178210876
178243567
178247866
178285766
178325932
178360262
178371237
178383047
178452343
178469533
178758393
178825549
178966724
178993532
179000644
179005567
179005581
179012896
179090530
179140820
179197316
179209734
179232213
179236259
179426496
179507924
179559759
179563586
179651872
179691737
179714159
179720557
179757212
179863885
179897552
179931966
180035389
180070603
180070726
180072652
180084502
180199832
180207946
180295081
180313395
180314171
180319500
180367120
180407625
180518144
180524544
180561909
180569139
180607716
180683008
180738332
180853408
180892184
180959272
181011568
181019116
181053622
181114919
181123407
181169176
181295187
181313716
181326875
181544770
181589897
181623616
181652383
181737815
181774760
181844954
181850803
181852719
181884145
181885806
182140301
182166794
182176207
182190243
182206337
182282000
182294361
182317654
182339897
182353973
182436242
182504480
182511260
182580890
182725091
182818586
182954171
183044022
183140234
183156444
183231094
183231794
183235291
183266780
183287114
183301864
183450027
183564162
183580927
183669529
183671438
183866794
183896776
183913276
183952679
183989771
184183387
184861070
184940479
184948042
185101122
185283070
185345243
185360659
185378283
185516955
185540941
185598958
185605443
185653289
185678950
185678999
185679198
185694264
185703867
185705844
185723418
185724900
185753675
185818083
185823121
185835642
185863627
185865889
185901029
185930823
185945303
185997684
186004385
186007390
186162928
186221276
186309091
186318733
186325912
186336448
186477123
186555211
186768533
186783080
186847807
186946717
187078133
187105793
187111506
187112356
187121833
187139770
187194260
187289390
187296941
187359711
187406565
187492226
187515499
187741075
187807357
188001533
188007185
188040206
188119581
188147297
188199148
188432654
188485546
188529580
188535849
188566518
188924912
188982223
188996215
189174516
189246027
189246069
189247988
189258396
189344922
189372692
189379637
189397769
189478013
189525333
189525922
189582153
189597938
189610516
189665542
189680557
189685966
189692447
189757553
190008119
190030318
190287313
190591100
190614950
190766667
190821375
190828296
190860182
190943323
190969280
190972933
191093475
191134154
191240478
191258864
191295467
191348045
191445823
191645000
191687744
191703926
191723401
191822313
191988499
192010184
192032960
192051336
192091270
192108113
192156585
192221241
192255189
192271205
192335639
192386348
192440229
192506342
192517214
192741556
192763501
192792926
192795125
192942651
192958728
192970027
193004576
193007163
193279668
193322066
193346320
193474578
193634085
193635616
193716858
193815379
193947924
194317777
194357913
194373781
194406162
194607567
194607654
194770235
194894920
195191245
195233709
195349845
195378467
196004456
196410815
196664978
196718301
196999147
197075739
197226769
197232832
197235884
197290185
197300447
197582952
197587562
197748894
197757169
197760964
198454575
198572906
198625024
198847167
199129006
199210845
199298448
199342774
199671967
199943299
200017786
200046023
200303399
200474644
200554051
200555877
200556588
200679412
200691157
200831055
201011097
201174909
201452268
201624315
201773446
201898715
202230008
202237033
202420630
202537641
202561510
202712547
203042738
203381979
203480708
203657811
203826911
203896074
204132465
204178220
204316576
204655643
204815511
205511085
205529356
206200049
206223338
206437012
206629007