2
4
7
8
10
19
155317
2695
3909
13331
26587
34574
48054
89942
136626
146389
278815
326604
343773
5956845
373
738
775
7043
7191
8336
11788
11836
12679
13225
16476
17241
18374
19333
21694
21702
21754
21982
22537
29644
29720
29932
49967
53740
61753
70989
77170
79730
80712
84508
97924
110179
129043
136144
137876
141895
156714
170149
187180
194684
206212
252105
267699
295992
312990
339854
373192
460235
461346
489341
571788
580747
592263
638971
718165
810936
972079
1015940
1022012
1049471
1084477
1183485
1242156
1247132
1254874
1276177
1396108
1406017
1421082
1426958
1514837
1525704
1541978
1670078
1677887
1688988
1883504
1988613
2158976
2372428
2426835
2457660
2513316
2559655
2612445
2811858
2976462
3124504
3127972
3141695
3282568
3305362
3338474
3527035
3615253
3679718
3682171
3691493
3752930
3944360
3949411
3960722
4248027
4283429
4306507
4381070
4984616
5027538
5105195
5666033
5902043
5963606
6362483
6769653
6884172
6920706
7313276
7456070
7556009
7562213
7636069
7778816
7787409
7872010
7887207
7910060
8071622
8130067
8133582
8285328
8554218
8726014
8855156
9454390
10233751
10358281
10519338
10519740
10621062
11023808
11032026
11494135
11621483
11695844
11736294
12359044
12489935
12580315
25922801
26797821
30542820
31266450
31352593
31937074
32455153
32629226
32883253
33477713
33639686
33831889
33997656
34713536
34924008
35772378
35914905
39219182
39553935
39733321
40537946
40613907
41046322
41076031
41750484
43007789
43162076
46421509
49180564
65313907
47
49
53
54
57
58
28961
108905
646708
2062412
3564691
31
33
43
302
307
328
507
554
557
578
585
642
670
690
871
923
931
992
1092
1332
1413
1556
1954
2114
2218
2277
2332
2362
2374
2381
2404
2421
2458
2504
2587
2601
2705
2706
2749
2758
2762
2798
2824
2831
2878
2888
2936
2983
2996
3090
3186
3208
3232
3255
3272
3308
3313
3349
3393
3489
3518
3520
3596
3616
3635
3656
3671
3681
3694
3773
3920
4199
4371
4383
4445
4638
4641
4780
4793
4876
5016
5070
5230
5232
5473
6208
6498
6929
6931
6941
7211
7286
7530
7986
8009
8113
8125
8239
8494
8506
8527
8534
8606
9120
9142
9185
9613
9860
10010
10163
10167
10296
10540
10570
10589
10762
10985
11090
11193
11258
11405
11498
11717
11867
11975
12002
12068
12096
12123
12334
12488
12559
12617
12627
12732
12767
12836
12856
12876
12895
12933
13339
13397
13726
13845
14085
14154
14395
14397
14423
14628
14651
14676
14745
14772
14773
14865
14875
15466
15515
16055
16381
16568
17019
17225
17596
17760
17877
17881
17951
17966
18013
18022
18130
18164
18337
18455
18513
18549
18584
18661
18812
18944
18962
18996
19029
19331
19435
19509
19621
19732
19924
20286
20296
20297
20340
21028
21060
21142
21218
21234
21315
21323
21701
21730
21874
22087
22197
22199
22717
23234
23409
23410
23580
23790
23916
24364
24587
25461
25547
25722
25962
25995
26078
26171
26244
26831
27032
27190
27229
27413
27521
27649
27661
27711
28033
28201
28266
28623
28823
29547
29600
29662
29754
29810
29836
29851
29988
30108
30337
30999
31362
31593
31820
32000
32294
32349
32642
32743
32822
32892
33057
33077
33135
33159
33230
33382
33598
33721
33775
33919
34107
34118
34496
34665
35393
35403
35523
35627
35706
35893
36088
36139
36169
36261
36471
36521
36534
36974
37238
37834
37927
38177
38502
38721
38764
39328
39519
39551
40586
40624
40659
40995
41328
41593
41684
41741
41813
41928
42315
42956
43113
43132
43481
43497
43569
43715
43871
43925
44336
44551
44599
45484
45758
45784
45882
45900
45982
46021
46085
46105
46151
46458
46494
47284
47297
47996
48151
48183
48362
48368
48587
48593
48638
49292
49380
49758
50405
50560
50639
51049
51086
51315
51423
51789
52084
52517
52980
52988
53153
53183
53270
53541
53577
53922
54005
54197
54539
54642
55635
55753
56932
57471
58214
59939
60059
60295
60711
61080
61153
61312
62293
62688
62878
63137
63267
63276
63641
63944
64165
65041
65119
65204
66336
66546
66607
66620
66666
66668
66726
66996
67149
67482
67872
68200
68256
68261
68321
68696
68867
68885
69186
69258
70064
70224
70669
70709
71428
71990
71999
72588
72757
72951
73849
73957
74094
74500
75119
75353
75387
75631
75738
75939
76128
76146
76745
76758
76775
76865
77446
78198
78485
78710
79291
79414
79867
80204
80555
81045
81074
81103
81558
81668
81813
81932
82129
82149
82206
82258
82611
82929
82932
82985
83007
84101
84305
84699
85097
85212
85458
85590
85747
86872
87537
88447
88482
88698
89842
90164
90632
90779
91418
92493
93416
93654
93724
93970
94108
94233
94281
94549
94941
95446
95491
95595
95596
95936
96147
96266
96298
96321
96788
96978
97027
97541
97810
97957
98110
98145
98670
98805
98849
98930
99085
99167
99494
99645
99707
100022
100325
100361
100812
101075
102635
103278
103334
103687
104091
105138
105192
105401
105438
106009
106079
106260
106466
107066
107068
107330
107341
107494
108037
108238
108654
108752
109140
109220
109241
109539
109785
109905
109983
110186
110201
110203
110236
110237
110319
110795
111004
111423
111648
111729
113058
113207
113223
114137
114591
115749
115916
116436
116510
116514
116515
116834
117176
117179
117188
118603
119023
119354
119425
120905
120928
121455
121486
121526
121858
122731
122752
122829
123230
124267
124305
124660
125135
125155
125385
125580
125840
126206
128690
128809
129544
130302
130765
131052
131879
132000
133088
133584
134257
134641
135548
135732
136853
137277
137642
139718
139911
139912
141435
142334
142667
142934
143428
143569
143872
143880
144788
144819
145219
145421
145481
146478
146987
147219
147338
147816
148167
148490
150270
151050
151209
152083
152400
154603
154900
154981
155051
155386
155462
155494
155533
155540
155657
156029
156200
156721
156818
156879
158382
159473
159967
160008
160331
160352
161524
162586
162751
162837
163050
163612
163720
163868
164090
164128
164198
164209
165108
165158
165646
165651
165987
166509
166773
167412
167448
167556
168184
168891
168916
168996
169240
169946
170280
170407
170870
170958
172105
173821
174303
175187
175409
175591
175664
176511
176596
176643
176791
177101
178446
178496
179628
179650
180012
180571
180607
180738
181173
181734
182080
182519
183058
183101
183187
183256
183385
183546
183587
183600
183602
183658
183702
183727
183759
183789
183817
183963
183970
184203
184283
184391
184393
185034
185348
185771
186623
187192
187793
187800
187837
187857
187951
187957
187973
188970
190067
190109
191043
191068
191077
192101
192966
193662
193800
197034
197252
197388
197562
197751
198089
198244
198448
199873
200882
201214
201288
201897
202306
203315
204480
205280
206091
206104
206154
206174
206217
206600
206704
206778
207517
207998
209865
209995
210472
211164
212444
213851
214206
214280
214472
216551
216882
218042
218319
218406
220432
221393
222943
226435
227183
228636
228797
229530
230542
230994
234570
235150
235582
237459
238401
239455
239549
243346
243427
243582
244053
244951
245179
245541
246816
248099
248119
248246
249012
249125
249977
251829
252654
252766
252994
255851
256212
256620
256701
257765
258483
258945
261698
261937
262239
262421
262810
263977
267242
269494
269622
270396
270905
270934
273200
273818
273842
273887
273889
273941
273946
273994
274735
275099
275293
275769
276480
276641
277980
278982
280742
281039
281355
284916
291857
293293
297367
300970
301502
301552
304470
304635
304726
305071
306177
306715
308470
308947
309612
309782
311074
314027
316123
322961
323461
323761
323854
324855
324952
328132
329084
332300
334695
334963
335118
335395
339337
340075
340142
343746
344082
346234
346516
347004
347384
347682
353321
353946
356021
357055
363140
363146
366856
369756
372981
375746
376653
378159
379924
380015
380123
381661
382490
383849
385404
387661
389664
389798
391421
391865
394217
394500
394686
396384
398123
398799
399721
401404
401443
402478
402535
403203
404180
404390
404867
406587
407573
407862
408033
408113
408374
409678
410277
410815
411562
412290
413433
414197
414518
414746
416099
418722
419364
421086
421220
423696
425699
427784
428862
429622
430495
431097
432906
433038
433708
434563
436032
437074
438838
441597
447874
450355
450679
451895
453601
453823
457561
459040
464362
465001
465128
465590
466076
467490
470054
470879
472428
473661
481765
482685
484074
484608
489837
490869
493617
496247
505175
506516
508930
513848
515371
518939
520306
522986
527491
530850
533914
535030
537755
540573
542800
544233
548658
549846
551953
554501
556495
561037
568227
570308
570572
572218
574179
575966
576207
577448
578431
586614
588540
589610
592863
594605
596260
597370
597447
598411
598526
599884
602090
604583
610896
610954
615349
617366
618774
619381
623151
623298
624862
630822
631389
631424
638314
648045
648186
649460
650853
653510
656415
657205
658289
659500
659579
659625
660121
660776
662324
663413
667067
667839
668399
670205
670473
670842
671916
675617
675914
676196
676752
677353
683738
686773
687174
687914
687988
691737
693188
693288
693735
693942
694067
696227
696747
699594
700113
700715
705200
707364
708034
710821
711062
712574
713996
718560
718625
720067
720075
721234
722636
723470
726134
726657
728136
728771
729252
730013
732375
735235
735377
740381
741420
744406
746091
746428
748537
748849
749650
754257
757530
758031
762092
762184
763743
765892
767355
770096
772149
774029
778515
784420
792623
794823
795014
797839
798516
798639
799553
800735
800746
805981
811166
811701
812384
812489
812836
813041
813052
813227
813246
814472
818357
820575
821171
821309
822758
823105
824797
826587
827167
829300
829708
833210
834228
840766
842535
842558
844681
847985
847990
848753
850659
851897
852900
858187
860206
860887
864226
864559
865066
867665
869106
881108
881906
882121
883111
884616
884651
884797
885261
890476
892807
893943
894536
895779
896801
898054
899068
899438
901203
901471
903884
905855
908583
908901
910446
911356
915619
918762
919398
919714
920393
921505
926787
928049
929109
932766
933944
933975
934054
934520
935148
936211
937023
937144
937184
939660
940561
940616
942730
947292
948872
955949
956001
958768
962745
962891
962954
966371
969308
969524
973381
973690
974127
974840
978993
983881
983915
985445
985857
992016
992971
994420
995317
997436
998397
999260
999648
1002622
1003881
1010293
1011662
1016906
1018631
1022884
1024596
1040472
1040644
1040987
1041775
1045166
1046273
1053641
1053977
1054084
1054695
1054907
1070396
1072947
1074662
1076855
1080547
1081966
1082839
1085346
1087944
1089114
1090617
1091002
1091846
1093193
1094838
1096460
1099419
1100535
1110157
1111965
1114708
1118899
1119821
1133599
1133806
1135752
1137236
1139802
1139803
1141418
1143266
1144384
1145431
1146820
1147672
1147949
1148288
1149349
1149537
1150510
1151322
1153190
1155401
1162433
1162854
1167049
1172070
1178407
1178713
1178974
1179004
1179495
1180474
1181491
1181495
1181526
1183196
1183302
1184173
1186048
1186703
1188165
1194563
1195346
1195939
1196937
1197665
1200013
1201087
1203333
1203507
1207746
1210108
1211837
1216680
1220957
1224313
1228700
1230644
1232978
1234703
1235633
1236215
1237823
1238008
1238468
1239011
1243055
1244060
1244135
1249245
1251730
1251789
1254589
1254869
1255644
1256309
1256694
1257187
1258589
1258966
1258984
1259491
1259773
1262637
1263048
1263492
1263803
1263893
1266935
1267707
1270822
1272937
1273340
1273369
1274025
1282194
1283732
1284309
1291068
1294691
1294791
1296301
1298155
1300656
1300718
1301481
1301663
1309570
1312659
1315826
1316824
1320127
1324119
1326440
1329957
1333390
1339749
1343930
1345887
1356852
1365429
1366222
1366270
1367725
1368689
1377365
1377606
1378111
1378422
1378704
1379625
1383626
1386183
1387052
1388580
1389994
1391709
1391747
1392242
1392303
1392705
1394948
1395110
1396285
1397098
1397550
1397572
1398589
1399472
1401031
1401274
1401500
1403461
1405423
1410433
1412347
1416469
1419021
1426348
1428347
1430533
1431799
1444393
1445083
1445973
1448320
1448708
1449319
1451572
1451706
1452021
1453833
1454962
1455486
1456072
1456774
1458163
1458239
1459800
1462107
1463471
1464544
1464593
1464777
1466339
1466653
1478559
1480660
1488084
1491111
1492004
1496447
1502524
1503122
1506397
1506755
1512679
1524633
1528400
1534003
1534992
1537862
1538537
1538925
1545143
1546359
1550899
1557863
1558914
1564269
1570240
1574662
1575274
1575730
1578694
1579285
1587868
1592080
1595456
1595980
1596348
1596799
1598234
1600943
1601153
1602110
1602731
1612758
1613831
1621177
1626263
1627299
1632726
1640086
1640990
1644405
1644737
1657292
1658108
1658662
1659551
1659818
1660929
1661627
1664835
1668561
1668986
1669102
1669902
1674315
1674659
1676777
1681536
1684464
1684929
1685188
1686199
1687939
1688381
1689761
1689916
1690015
1696733
1698114
1704728
1705291
1711774
1712474
1713530
1715026
1716417
1718000
1719776
1723075
1725902
1727541
1728061
1728626
1731643
1732264
1733408
1733654
1735371
1735646
1736294
1737839
1739605
1740911
1741152
1745613
1745749
1746248
1746443
1748101
1749835
1750981
1753282
1754194
1756516
1757317
1760304
1761680
1763740
1764017
1767701
1767866
1768962
1769057
1770918
1770944
1772189
1774091
1775918
1777096
1787394
1788145
1789545
1789791
1790618
1790990
1791347
1792993
1794101
1794716
1797352
1797884
1798975
1800314
1800775
1804845
1810597
1811619
1813598
1813730
1814611
1814792
1814899
1815712
1816067
1816291
1818422
1819312
1823170
1824206
1824384
1828908
1830061
1830968
1832134
1833924
1834305
1835146
1836613
1836918
1842115
1842293
1845444
1845527
1847499
1851857
1853166
1853901
1853993
1856433
1856532
1861222
1863171
1869093
1870300
1872036
1872163
1875309
1878369
1878521
1880363
1887628
1888885
1888931
1889727
1889759
1894044
1898727
1901772
1903198
1905092
1909064
1909672
1909807
1910641
1911083
1911726
1919233
1920257
1920829
1922358
1923121
1926253
1928995
1930076
1931883
1935407
1937513
1938381
1942473
1943162
1943838
1944912
1955872
1956358
1959009
1960560
1960612
1963103
1967555
1971748
1973727
1974300
1977196
1977803
1983240
1983299
1983615
1983623
1984109
1989337
1990845
1990983
1991402
1991541
1993059
1995828
1997717
2000369
2000460
2000585
2001363
2005439
2005574
2007378
2007832
2008396
2010817
2015638
2020433
2020530
2020826
2024491
2026105
2026729
2027692
2028406
2029241
2032023
2032573
2046523
2046550
2046865
2054512
2057830
2060289
2060428
2062547
2065724
2066639
2067196
2069484
2072554
2077201
2080511
2085288
2085537
2085633
2085873
2086115
2086288
2086980
2090463
2095607
2099446
2102164
2104229
2108211
2108536
2110235
2110299
2110505
2114106
2116499
2120513
2122439
2124695
2126822
2127799
2133130
2133614
2134395
2135505
2136488
2139501
2140500
2142060
2142233
2142623
2144883
2147031
2150821
2152926
2157069
2157432
2161300
2161424
2163947
2164668
2168007
2170126
2171194
2171327
2171514
2171537
2171616
2171739
2171864
2174116
2174173
2176757
2178943
2179167
2179820
2180026
2184748
2185485
2186866
2192852
2194271
2195302
2196040
2196531
2197696
2198160
2202814
2203694
2207481
2208145
2208666
2211621
2212610
2215676
2216250
2219441
2228010
2232026
2234292
2236125
2239781
2246198
2246675
2249196
2250335
2254291
2255052
2257353
2259605
2263480
2264413
2265914
2272142
2285261
2287406
2288255
2291652
2294811
2296004
2296028
2297018
2297140
2297356
2307018
2308364
2325092
2326059
2326269
2327612
2327741
2329817
2330540
2332063
2337662
2340802
2344712
2347962
2349514
2349917
2350403
2361897
2362672
2365215
2365479
2367789
2368713
2370757
2372967
2374399
2375424
2377817
2382785
2382803
2387805
2388947
2389099
2389657
2391001
2394993
2397551
2397913
2399087
2399308
2402491
2405742
2408985
2410336
2416632
2418333
2419281
2427671
2428067
2432578
2434508
2435332
2435915
2440991
2441331
2447603
2451285
2452742
2457811
2457922
2472868
2472908
2473378
2475256
2475460
2475856
2477203
2481563
2481983
2483739
2486714
2490888
2494392
2495827
2496430
2497580
2497833
2499406
2500984
2501671
2515101
2515197
2516427
2518792
2518879
2519253
2519390
2519434
2519619
2519830
2522022
2522092
2525160
2527546
2535158
2538482
2539950
2541669
2542595
2542659
2544214
2544679
2548316
2548629
2554457
2555957
2558093
2570633
2571303
2572931
2579333
2580691
2585952
2586274
2586328
2588835
2590556
2594100
2594942
2595240
2596946
2598731
2600288
2601800
2605838
2614777
2618228
2621186
2628343
2630096
2635316
2646517
2648240
2650007
2652266
2655649
2656080
2659904
2666530
2669354
2672842
2677998
2684904
2686266
2686846
2699597
2700776
2702742
2702948
2703594
2707091
2709322
2711516
2712772
2715748
2719125
2730074
2731302
2734774
2740544
2741053
2756335
2766411
2774012
2778330
2785076
2791429
2792639
2793141
2793686
2793846
2795986
2796586
2808350
2808934
2814200
2814253
2814520
2821953
2824463
2826176
2829591
2831683
2832123
2834241
2839466
2840612
2847135
2848336
2849750
2851979
2852032
2852350
2855767
2856447
2864506
2864808
2868677
2869013
2874523
2876286
2877085
2877651
2883895
2888922
2889994
2890279
2890569
2890737
2895729
2896040
2901872
2904847
2906707
2910702
2913186
2916363
2916882
2917461
2919786
2920014
2923609
2924639
2927237
2932400
2932500
2932607
2936672
2938939
2942202
2945716
2948071
2949826
2954050
2956893
2963616
2967560
2970964
2971544
2972859
2974700
2977111
2977655
2981486
2981992
2982027
2982802
2986512
2992038
2992300
2993206
3000164
3005425
3006385
3008063
3011984
3012005
3014742
3020304
3022438
3023812
3023902
3024820
3028414
3029483
3029673
3033488
3038115
3039102
3041147
3042328
3043540
3043951
3044880
3046081
3048264
3049395
3051484
3053233
3055906
3057949
3061527
3071031
3073371
3073890
3076141
3079818
3083730
3084035
3087868
3090112
3095439
3098892
3103629
3105394
3105897
3110189
3110807
3117225
3117484
3120787
3123550
3126868
3129087
3132968
3133547
3136312
3141588
3151138
3151407
3152600
3152854
3153825
3154223
3154716
3154828
3155281
3155499
3158319
3158717
3160829
3160872
3165744
3174343
3174757
3177777
3181949
3186482
3188030
3188653
3192483
3201063
3208790
3211351
3211836
3212244
3218177
3219722
3221616
3226242
3230975
3231348
3235410
3239224
3240501
3246381
3249347
3249688
3250868
3251629
3263323
3263812
3266204
3277253
3277473
3283803
3287443
3290687
3291606
3305084
3306133
3306658
3307455
3308449
3309457
3310818
3319545
3331056
3338768
3349288
3353242
3358300
3360955
3362188
3365008
3370233
3375151
3390841
3391772
3393823
3397292
3398027
3399196
3399783
3401480
3403118
3406594
3407662
3408827
3409553
3409585
3432783
3433644
3445929
3453742
3454708
3458978
3463755
3465227
3479213
3480409
3480468
3482050
3483726
3487741
3487776
3488034
3492444
3493350
3495574
3497989
3498671
3499780
3509469
3514678
3517738
3523609
3524057
3524410
3525148
3528200
3529733
3529915
3531165
3532640
3534161
3534468
3537717
3540416
3541896
3544721
3546846
3547771
3551793
3556369
3558090
3567361
3570171
3570179
3575010
3575422
3575676
3578709
3581860
3592736
3595502
3599592
3606053
3623995
3626162
3629347
3629600
3630125
3634631
3634824
3635273
3635590
3635752
3639413
3652975
3653026
3653561
3655325
3655553
3661655
3661921
3662185
3663986
3668191
3668725
3671069
3672373
3675664
3675730
3681046
3682285
3684413
3684866
3685771
3688323
3688574
3690585
3693071
3693236
3694522
3694858
3695366
3702409
3706642
3708016
3711159
3717351
3722576
3725929
3726743
3730702
3732786
3734361
3739114
3739122
3741205
3741984
3742222
3749276
3754514
3755281
3755759
3758907
3762732
3764106
3765084
3768412
3772676
3773481
3775211
3776365
3776549
3777095
3777651
3777739
3783780
3783937
3787762
3792816
3794059
3795331
3795492
3795535
3798406
3801300
3801675
3803038
3804138
3807925
3810664
3812323
3816459
3818109
3818871
3827387
3828232
3829942
3830122
3831407
3845130
3849147
3857441
3857964
3864794
3870369
3875285
3875314
3880268
3880461
3881976
3883955
3886006
3886428
3893517
3901950
3918594
3931966
3932923
3935143
3948586
3955752
3957683
3964931
3969142
3973775
3981307
3981635
3983342
3998757
4002528
4008324
4012194
4016826
4018046
4020888
4021890
4022017
4040782
4052355
4073670
4099162
4099958
4101136
4101437
4103535
4104683
4108489
4116483
4117042
4119188
4132203
4170365
4172661
4188522
4209654
4219842
4224656
4227386
4241915
4256697
4258107
4260365
4272421
4290179
4290776
4291801
4312188
4313386
4313495
4335894
4341655
4375120
4380808
4393003
4401078
4402494
4403172
4408932
4437535
4442865
4444884
4449753
4453381
4456623
4463730
4464023
4465395
4468495
4471474
4479366
4487505
4495439
4503508
4508442
4513679
4515878
4516385
4516579
4523747
4524167
4524867
4529537
4539595
4546703
4563859
4576500
4588772
4590290
4599839
4603947
4604229
4604509
4607874
4610220
4610555
4614570
4619016
4619450
4620498
4621834
4624009
4625298
4627070
4633628
4634663
4638126
4638630
4639656
4644738
4644777
4648127
4648881
4649353
4649621
4650168
4650487
4651049
4656484
4663187
4664500
4684969
4685170
4686945
4690770
4696659
4708257
4714499
4714983
4739279
4742964
4754341
4754984
4755547
4756648
4758996
4763478
4763681
4764841
4765088
4778490
4780969
4781331
4851027
4860674
4862894
4868381
4868840
4887478
4887619
4901108
4902397
4912428
4933085
4935899
4939905
4941783
4949600
4951359
4954035
4964049
4981031
4981101
4982915
4992712
4993534
4994470
5000056
5005208
5009944
5013499
5037608
5038375
5047445
5056794
5059792
5060318
5064565
5066215
5067450
5073275
5085502
5086638
5091326
5093491
5101809
5102689
5102801
5103280
5104163
5112550
5112999
5115431
5120696
5121136
5142000
5142608
5157539
5160004
5176661
5261362
5327504
5389659
5417360
5421785
5425511
5427597
5451310
5452949
5453772
5457088
5458642
5474924
5485665
5495699
5510044
5531821
5555296
5558373
5561502
5564085
5565276
5585229
5593438
5597053
5621137
5643427
5644408
5663392
5664306
5681758
5683192
5693669
5704723
5710115
5711025
5729322
5744047
5745696
5751551
5753211
5754702
5773545
5787977
5798846
5807021
5834890
5835111
5835746
5852966
5854284
5858847
5863101
5865305
5867901
5869971
5875913
5879417
5880134
5905372
5912600
5914086
5928617
5931388
5948633
5949671
5955304
5967623
5973293
5982448
5996248
5997646
6000504
6019202
6019891
6071380
6071703
6072070
6074752
6075784
6075801
6075868
6077532
6078189
6081918
6094344
6094410
6099230
6103195
6107377
6110842
6118683
6121574
6129505
6132426
6140025
6142620
6159554
6163697
6182086
6187325
6187395
6191414
6192404
6218498
6224268
6228739
6232222
6233014
6235071
6238155
6240072
6240778
6240969
6242402
6243365
6244980
6245192
6253513
6256607
6258076
6258208
6262487
6264987
6265687
6265997
6329813
6331314
6334591
6335293
6343011
6350546
6354862
6365695
6372622
6384301
6387942
6394805
6396914
6398336
6402512
6412589
6429169
6442393
6444377
6444645
6445782
6447985
6449829
6452138
6452237
6453299
6457293
6463143
6474180
6474904
6478092
6485730
6493459
6500375
6502372
6502692
6503390
6504581
6507160
6507721
6512850
6517997
6521823
6521948
6524690
6526852
6528962
6529482
6530599
6536912
6537122
6548392
6564522
6566961
6567242
6567485
6576152
6576928
6577439
6579210
6592400
6599377
6610982
6612377
6612387
6616463
6618100
6622746
6623871
6625864
6629177
6636673
6636836
6645443
6647059
6655277
6660328
6660771
6669525
6674272
6678021
6681026
6681121
6693370
6704512
6718964
6720688
6720773
6723231
6730503
6734803
6742088
6743953
6754763
6757697
6766671
6777774
6778001
6780948
6781001
6781110
6781577
6788983
6791740
6795187
6799546
6827226
6832004
6840560
6841803
6841927
6853763
6859551
6860680
6861293
6862993
6868166
6874141
6886896
6890826
6891214
6892708
6894783
6903413
6908194
6934239
6935509
6935584
6942079
6945497
6949934
6950678
6953697
6954152
6955261
6957330
6958432
6966868
6969380
6980883
6994938
7001746
7003410
7010983
7019612
7028792
7058205
7059990
7069434
7072711
7094786
7120690
7126974
7138389
7141731
7142093
7145898
7160041
7181057
7184150
7186362
7200333
7201072
7211406
7212029
7234084
7236981
7237237
7239467
7240410
7244752
7250525
7254166
7259702
7264243
7267879
7289624
7306403
7309150
7313254
7315597
7336783
7338571
7351837
7359103
7360948
7376719
7389913
7397061
7404509
7409215
7416920
7417548
7421377
7422448
7422597
7431354
7444361
7459050
7459877
7460188
7460251
7462329
7463242
7466592
7472685
7474197
7479156
7483577
7488794
7489271
7493714
7500710
7501394
7505901
7532035
7540341
7541087
7542821
7542996
7558876
7570357
7574124
7576424
7584328
7588253
7588744
7589455
7598142
7598376
7617497
7622546
7636084
7653835
7654652
7659390
7664902
7666992
7679533
7681324
7682268
7683566
7684327
7686762
7703895
7710515
7738782
7740866
7755015
7755197
7759868
7775855
7789206
7806641
7822793
7828472
7831535
7844792
7844948
7848238
7862399
7871125
7883378
7894521
7895484
7902018
7907606
7908435
7914926
7940620
7952127
7961096
7966025
7966943
7967110
7970227
7973840
7981032
7992139
7998911
7999805
8012979
8014083
8026047
8026167
8032365
8042264
8049505
8056030
8068977
8070832
8081155
8082275
8084342
8085620
8087630
8090894
8099198
8101580
8106536
8122602
8127366
8144663
8155969
8168115
8168646
8171413
8180490
8187297
8189465
8193847
8208838
8213474
8219350
8220742
8228506
8230671
8230734
8242951
8247594
8249934
8261979
8264514
8265906
8279330
8280098
8286002
8286455
8294678
8300033
8310751
8311516
8331617
8340104
8340571
8340863
8342297
8352737
8363101
8365910
8380012
8388977
8389536
8391370
8397139
8406198
8411342
8413606
8426865
8439127
8441095
8462650
8462821
8466538
8473431
8473591
8492539
8506283
8508640
8514877
8517652
8523961
8536706
8539123
8547004
8559673
8560114
8566383
8567391
8569749
8587589
8591384
8604921
8605107
8613214
8614097
8634380
8638078
8645738
8647935
8653500
8656733
8658223
8660995
8669757
8674934
8687702
8688704
8698386
8703133
8717589
8719266
8720350
8724432
8726499
8729298
8736171
8744363
8750877
8753115
8755556
8759869
8769870
8770617
8770923
8779602
8780114
8780731
8816979
8826332
8832039
8832243
8832400
8838241
8848507
8851304
8873479
8882563
8885945
8908280
8957080
8973817
8974779
8989666
8991901
9056363
9063453
9074808
9079383
9084529
9089969
9090679
9097624
9099373
9104069
9104808
9105867
9123082
9123633
9131515
9157192
9162625
9186370
9193248
9201164
9215381
9216902
9220969
9221760
9243317
9255737
9277597
9292659
9343386
9348410
9351595
9352130
9358255
9371826
9372036
9380881
9409010
9412712
9425032
9434747
9441501
9444952
9450074
9491341
9491469
9504743
9507867
9508098
9509466
9521059
9522543
9534060
9537415
9551297
9557071
9558577
9559221
9560770
9570193
9594874
9596586
9599748
9600520
9607450
9612456
9612511
9614206
9614662
9618932
9619178
9643693
9651635
9691752
9716587
9721181
9727433
9732480
9743154
9744606
9819637
9841989
9846553
9859690
9862616
9863029
9876900
9888047
9891618
9903201
9986029
10003676
10004166
10005229
10010759
10021173
10059574
10073398
10092377
10093595
10120888
10124207
10162110
10175283
10196820
10227743
10242186
10271419
10285107
10300958
10312875
10323781
10331215
10355428
10391846
10394541
10398181
10403292
10404566
10427226
10437116
10441523
10446736
10447143
10449196
10451229
10458182
10461551
10462649
10474562
10475900
10489133
10492316
10541522
10552973
10564298
10583541
10590415
10638678
10642821
10646552
10651774
10657435
10659429
10668050
10668769
10686725
10689636
10699955
10711080
10732212
10734442
10740337
10777834
10804124
10808782
10823886
10832535
10835013
10836606
10853173
10860481
10878418
10909808
10915412
10921750
10927601
10939608
10940319
10943947
10956443
10957640
10960546
10974157
10974600
10982075
10983402
10997249
10998641
10998890
10999506
11007508
11014563
11020488
11033994
11034702
11049147
11058497
11059923
11062074
11069120
11074235
11075938
11075944
11077778
11082464
11087268
11107475
11107528
11108671
11122827
11124683
11128164
11143495
11144275
11172678
11184409
11186973
11194152
11195819
11216484
11230705
11235223
11237971
11299028
11332214
11341140
11341250
11346904
11357560
11399522
11418263
11420330
11446734
11447676
11448477
11499937
11501485
11564506
11607649
11608992
11612545
11621316
11625827
11646713
11648552
11654454
11672812
11673933
11709124
11755237
11760782
11761876
11767354
11790019
11792490
11797615
11827507
11838240
11844039
11850526
11865959
11877963
11889050
11899606
11915575
11922129
11932728
11946816
11958181
11970679
11976907
11983391
11999633
12042988
12046307
12060068
12067843
12080545
12083376
12132801
12154402
12161202
12171113
12179216
12182563
12191376
12191390
12198260
12214773
12229935
12233372
12243246
12245509
12256958
12280872
12303646
12308062
12313062
12322251
12322390
12325431
12377216
12382840
12398982
12399109
12413019
12421217
12438776
12446425
12461095
12471741
12474411
12501006
12504833
12513990
12524065
12534521
12583746
12583961
12664278
12710607
12723272
12830488
12832821
13095252
13113884
13115766
13120896
13130870
13135134
13136972
13144134
13151370
13163993
13173674
13176718
13214608
13230477
13235395
13246001
13285951
13303875
13311055
13330079
13332178
13354693
13354715
13357351
13366997
13398387
13417672
13423067
13517154
13599396
13623491
13635984
13680961
13681950
13689993
13696719
13722914
13809180
13860845
13876195
13915531
13928905
13947923
13963291
13969309
14323234
14347997
14579664
15352639
15406456
15407336
15815598
15913043
16844505
16889717
17145769
17882042
18767400
18994674
19256912
19287973
20274558
20616784
21379216
21495452
21550404
21798078
21958999
22667280
22836062
22860098
23285236
23355887
23590107
23946120
23990069
24442922
24553973
24799850
25801326
26854174
27057524
27108547
27816849
28188701
28575403
29652767
30369236
30376106
30430826
30475561
30484138
30494127
30514877
30587821
30598072
30613943
30632014
30650898
30658547
30682499
30769871
30787315
30805175
30828210
30834720
30850189
30863449
30870866
30873597
30884985
30901216
30927054
30968576
30979330
30992518
31014508
31037244
31039404
31046793
31076701
31091063
31092993
31116041
31131279
31190264
31251411
31261592
31270152
31365776
31398760
31404406
31421172
31422462
31493287
31497323
31525796
31560946
31561778
31576111
31585355
31605704
31611963
31647869
31648181
31670759
31794546
31838709
31891835
31911518
31948895
31950915
31980488
31985694
31995844
32027646
32029887
32043037
32081117
32090043
32111235
32130127
32134961
32196596
32207695
32244221
32305707
32325635
32359981
32384035
32449072
32461413
32476323
32490031
32550094
32577387
32578615
32585165
32627162
32642914
32650680
32662229
32701919
32752095
32752322
32755291
32756744
32756946
32785069
32819270
32915302
32954997
33015821
33033706
33043830
33050266
33079170
33166443
33174533
33199463
33204949
33272035
33309605
33340998
33344160
33348179
33384697
33472341
33494959
33526295
33659473
33701983
33820287
33897020
33900214
33905573
33962457
33975148
34015607
34052044
34057082
34103140
34105975
34112434
34206611
34243318
34311145
34317081
34334911
34409606
34439962
34542700
34545962
34613086
34694861
34696208
34895002
34970905
35081074
35103345
35126463
35138186
35223153
35230609
35230686
35234102
35249267
35265723
35292507
35314651
35430954
35432837
35453230
35522282
35574918
35616393
35719753
35753102
35772770
35805857
35839729
35936233
35938990
35954376
35959324
35967236
35980710
36079618
36108700
36314531
36357826
36459832
36519188
36527939
36595737
36656931
36671646
36719581
36738159
36760003
36818971
36828273
36851490
36974948
37053762
37059802
37072776
37097075
37099072
37183801
37202687
37223764
37245180
37304847
37307557
37324521
37347444
37377713
37467442
37477656
37478547
37494416
37527372
37646264
37729402
37737162
37751814
37807741
37843761
37876655
37928503
37959082
38030955
38087865
38182932
38349641
38353417
38369952
38402654
38490925
38506595
38589192
38657189
38659353
38671107
38721520
38721735
38725709
38829261
38951162
38956358
39179823
39305746
39555318
39567272
39625639
39687437
39712056
39764141
39768966
39884563
39901458
39919687
39987067
40046595
40229177
40278118
40299036
40325445
40336766
40430985
40433093
40504017
40596263
40633803
40636028
40653026
40808533
40810676
40817057
40867921
41070098
41110696
41333332
41551133
41798353
41874527
41891882
41938665
41980975
42007127
42078896
42083491
42152510
42218270
42282110
42503106
42574431
42680780
43024122
43043217
43086685
43114780
43275680
43554554
43748412
43832976
43977282
44046845
44081167
44143347
44195068
44278137
44834601
45222920
45278901
45335022
45404199
45424911
45554844
45603730
45634801
45680382
45792543
45801674
46037341
46107623
46323509
46574777
46816114
47132986
47531565
47574139
47622948
47688824
47765572
47801323
47860184
47904494
47913008
48090086
48134374
48483274
48831294
48948997
49095762
49109258
49196597
49313581
49454709
49665216
49821393
50052726
50054371
50110257
50154389
50154839
50307239
51152128
51357288
51602885
51697530
51703311
51709661
51710081
51711306
51739603
51760103
51770531
51772414
51773966
51786307
51834918
51853262
52506485
52509476
52688205
52923324
52976733
53004333
53098568
53961612
54102518
55197602
55588558
55815387
56208559
56477207
56596239
56794206
57062038
57967786
58028777
58999530
59402305
60767103
60800467
60890990
62716160
63841236
63988888
63990623
64095852
64109185
64203479
64283244
64296397
65019957
67087406
288
868
869
872
3575
3595
14363
88458
1300364
2889957
3574886
3906812
5703419
33350614
7835
7858
8283
11096
15922
17068
20579
26701
34581
40565
45744
66055
83708
127574
140719
151577
151886
162153
176366
228327
238784
337684
345342
508926
653906
694093
723697
892665
928535
1026446
1124267
1332882
1391674
1537143
1660914
1965025
1978413
1983661
1990056
1997161
2092623
2153408
3566797
4337611
4377840
8365363
12034077
56265546
61589937
70
73
72999
78
245
246
248
259
264
278
289
294
303
304
306
318
330
332
333
335
342
345
346
348
349
352
355
357
366
376
379
384
386
387
388
390
391
392
397
400
406
408
413
418
419
420
421
425
431
437
441
443
448
450
452
456
457
461
464
465
470
475
478
480
484
485
487
492
511
513
515
519
522
527
529
534
540
542
548
553
555
560
568
584
588
597
598
603
611
612
617
623
626
636
638
640
643
645
649
651
657
658
671
673
675
676
682
686
697
703
709
711
712
714
715
716
717
734
740
749
750
751
755
757
762
765
769
770
773
776
777
784
788
792
796
798
804
808
809
814
823
827
828
835
838
840
841
844
847
851
852
854
855
894
895
899
903
910
912
927
936
939
946
953
960
1083
1197
1198
1200
1204
1207
1212
1220
1222
1233
1246
1249
1259
1260
1262
1275
1282
1286
1290
1303
1311
1314
1317
1320
1321
1324
1326
1327
1336
1339
1349
1354
1363
1366
1371
1380
1386
1387
1388
1390
1392
1399
1402
1403
1404
1408
1409
1411
1412
1416
1418
1419
1420
1424
1425
1428
1432
1433
1439
1442
1444
1445
1446
1447
1448
1451
1453
1454
1455
1456
1458
1459
1462
1469
1471
1477
1480
1481
1485
1491
1494
1708
1733
1968
2025
2091
2099
2297
2316
2395
2430
2439
2441
2465
2491
2512
2518
2595
2609
2636
2638
2659
2721
2727
2753
2848
2856
2916
2966
3032
3135
3146
3160
3179
3185
3224
3298
3334
3360
3376
3377
3380
3389
3453
3550
3576
3599
3601
3610
3611
3631
3638
3644
3817
3871
4006
4007
4378
4399
4415
4550
4590
4684
4790
5561
5871
5883
5907
5969
5971
6135
6178
6191
6210
6219
6271
6386
7117
7144
7516
7841
7915
7967
8003
8018
8025
8034
8036
8055
8081
8134
8295
8503
8517
8618
8856
9048
9062
9068
9109
9131
9965
9984
10018
10530
10560
10672
10877
11036
11092
11095
11185
11490
11938
11939
11997
12097
12111
12117
12374
12718
12759
12879
12948
13006
13156
13409
13603
13663
13714
13776
14309
14443
14631
14775
14780
14826
14842
14911
14952
15013
15053
15128
15310
15421
15558
15840
15906
16178
16235
16474
16606
17104
17409
17521
17787
17932
17978
17982
18061
18191
18202
18280
18474
18514
18531
18573
18590
18974
19384
19423
19434
19916
19932
19946
19954
20152
20191
20214
20316
20329
20665
20742
20751
20782
20842
20871
20892
20945
21044
21532
21574
21630
21653
21789
21832
21907
21950
22065
22071
22135
22195
22238
22459
22566
22578
22820
23135
23202
23326
23349
23374
23698
23819
24043
24093
24536
24558
24743
25165
25289
25297
25332
25346
25427
25495
25614
26030
26364
26538
26673
26936
27407
27409
27425
27544
28176
28336
28372
28641
28655
28679
28710
28809
28904
28929
29370
29451
29513
29525
29539
29578
29657
29702
29721
29764
29775
29794
29842
29875
29954
30020
30092
30188
30383
30696
31046
31090
31163
31180
31294
31517
31523
31552
31675
31698
32023
32468
32734
32832
32893
33602
33770
33962
34200
34401
34636
34693
34759
34792
35153
35445
35466
35474
35476
35652
36027
36105
36121
36144
36529
36544
36558
36563
36712
36721
36784
36924
37009
37213
37273
37435
37549
37872
37915
38131
38258
38357
38398
38613
38723
39530
40226
40344
40365
40626
40672
40767
40814
41196
41284
41378
41399
41442
41647
41805
41922
41952
41982
42092
42363
42395
42450
42838
42971
43088
43100
43101
43112
43121
43133
43178
43471
43526
43732
43755
43776
43843
43847
43951
44456
45314
45540
45905
45991
46034
46055
46790
46856
46904
47018
47053
47292
47336
47380
47402
47520
47528
47578
47810
47893
47962
47991
48003
48027
48031
48052
48085
48096
48128
48141
48229
48426
48710
48763
48790
48800
48850
49135
49271
49317
49491
49537
49705
50570
50584
50691
50864
50918
51702
52022
52051
52278
53369
53417
53709
54129
54274
54366
54532
55432
55446
56141
57555
58027
58762
59364
60434
60458
61043
62250
62329
62341
62930
63009
63450
63575
64276
64318
64626
64782
64868
64994
65570
65592
65600
65742
65808
66069
66197
66467
66591
66694
66845
67618
68117
68229
68444
68447
68587
68786
68790
69221
69902
70044
70347
70631
70639
70655
71026
71318
72029
72108
72578
72774
73101
73116
73265
73790
73828
74684
75179
75986
76315
76416
76782
76932
77382
77384
77387
77403
77405
77410
77988
78048
78078
78201
78326
79312
79527
79662
79788
80463
80580
81512
81544
82093
82386
82616
83181
83238
83334
83807
83958
84295
84391
84495
84706
84750
85413
85423
86147
86191
86620
87399
87672
87845
88393
88638
89826
89903
90459
91172
91312
91357
92224
92854
93104
93347
94134
94155
94792
94840
95470
95823
96052
96072
96110
96134
96153
96258
96328
96454
96470
96633
96861
96963
97078
97818
97989
98198
98218
98748
98875
99003
99032
99266
99273
99563
99640
99806
100061
100212
100364
100704
100787
101094
101104
101516
103047
103264
103490
103731
104348
105437
105487
105520
106806
106971
107114
107142
107304
107484
107530
107743
108246
108901
110197
110284
110388
110682
110915
111221
111293
111621
113536
114165
114670
114770
115471
115931
116318
116956
117271
117545
118934
119028
119237
119266
119468
119830
120894
121469
122388
122937
123403
123528
124719
124729
125527
126374
126517
126748
128388
128983
129526
129561
130522
130557
130953
131080
131604
131850
132178
132414
132556
132688
133235
133588
135152
135295
135365
135720
135774
137227
137230
137264
137315
137322
137366
137432
138714
139091
139819
140102
140295
141287
141320
141508
141793
141893
142970
143274
144169
144226
144500
145454
145621
145875
146910
146915
148682
148741
149267
149435
150109
150225
150252
150898
152094
152292
152898
153056
153348
154935
155341
155437
155475
155510
155511
155546
155969
157115
158328
158366
159051
159230
159255
159513
159926
160575
161127
162526
163138
163170
163313
163337
163587
163717
164525
165438
165597
165617
166410
166741
167292
167818
168029
168802
169008
169041
169098
170011
170017
170123
170414
171876
175339
176737
176831
177774
179981
182015
182652
183494
184669
185584
187000
187078
187492
187503
187512
187653
187667
189110
189268
190730
191023
191368
191425
193047
193324
193642
193647
193886
194424
194457
195253
196036
196722
197174
197442
198834
198839
199306
200029
200256
200935
200940
201851
202021
203694
204504
206100
206667
207962
208012
208676
208831
209117
209645
209808
210994
211589
212124
212641
213197
215703
216036
216570
217345
217770
218595
218817
219047
219062
219958
221026
221031
223832
225606
226434
226438
226938
226992
228294
232659
233661
233669
234542
235758
237831
238976
239450
240016
240303
240583
240746
241703
242062
243315
244288
245362
245425
246114
247533
249342
253379
253578
255928
256517
259465
259511
259553
260165
265106
267337
269639
273573
274425
277076
280832
283162
283539
283719
284262
285841
291074
291218
291887
292807
296872
299803
306245
306253
308090
309717
309758
311297
313214
314814
315048
315618
318683
321431
321979
324572
324717
325598
325618
326118
327160
327173
327953
329612
333135
333795
337169
337392
337644
339991
342881
346731
349768
352813
358389
360150
365661
367212
368058
376465
379915
381296
384754
386256
390020
393976
394128
394855
395587
401779
403469
405624
406735
408328
410412
411714
412762
414226
414523
415905
416690
416725
420385
425613
427844
430753
433343
433907
434739
438063
441994
444802
447564
450031
452601
452970
459415
464193
464312
468274
468314
469050
470549
473396
473751
476770
480085
488763
490915
497884
506595
506617
519150
520571
520587
531805
532653
541463
548615
555286
559556
562667
563256
567312
567802
568539
571146
575156
576792
586162
587011
588604
590131
590900
593333
593815
596955
598583
602647
604219
619153
620598
634553
642038
645418
647711
655914
659235
659320
660807
661757
666743
667442
675416
678805
693089
697837
698120
721853
722894
726656
731331
733508
739491
751002
754274
756566
769179
769378
771202
771518
775955
780867
789605
789660
791073
795946
798915
805039
805066
809006
812139
812228
812290
823892
825999
827295
828303
831377
833513
852031
855043
856999
857077
862522
863761
868953
881289
886623
895900
904670
913435
914200
915607
918197
921531
923220
924650
930774
931773
934053
934105
934147
934253
935145
940760
943780
945771
946110
951558
957811
960785
960939
963106
971978
973211
973401
977204
980151
988614
995151
1004355
1012232
1016329
1018775
1025203
1028334
1028680
1038252
1052667
1057097
1066278
1076455
1087631
1089232
1092347
1094225
1102471
1105972
1108031
1130531
1135455
1142895
1145495
1148232
1163646
1168427
1171910
1174205
1177102
1177117
1193611
1199126
1201321
1202195
1207343
1209083
1218755
1229154
1238086
1238665
1240073
1245387
1248199
1250124
1259917
1261541
1263813
1270894
1279004
1283363
1283649
1284315
1290149
1296873
1302403
1306692
1316543
1318779
1343792
1346191
1347269
1351261
1368220
1371225
1384264
1385120
1390400
1394890
1395241
1395438
1395969
1397363
1397588
1397726
1399246
1399487
1400254
1404493
1419848
1426647
1428513
1428703
1429825
1432224
1442966
1444629
1445089
1445363
1448256
1449798
1451598
1453402
1453814
1463635
1464873
1466473
1482292
1539362
1540399
1541503
1546109
1546672
1547743
1549952
1558360
1560370
1561928
1571651
1592860
1594263
1594302
1594456
1594620
1597283
1620858
1622498
1623802
1642363
1643242
1644921
1650620
1657769
1667013
1681888
1682567
1688985
1690982
1691416
1692524
1694930
1695085
1698473
1708218
1709867
1724554
1726780
1750876
1750989
1752339
1762739
1763300
1763673
1780495
1787542
1790432
1793214
1796840
1810727
1815119
1826065
1828045
1830512
1833812
1836660
1840191
1840595
1842000
1847884
1850629
1861498
1863453
1865479
1870167
1871226
1878493
1885212
1894706
1908264
1920640
1922364
1925908
1931827
1932471
1933662
1942726
1942834
1958309
1959548
1965036
1970577
1973271
1974581
1976148
1983786
1986755
1991614
2001440
2019680
2024503
2029229
2034276
2063304
2069183
2073159
2078127
2088266
2088564
2092132
2098403
2101186
2101883
2112736
2145683
2146060
2157437
2161404
2178878
2183232
2184529
2187190
2188406
2189905
2195272
2205532
2211957
2214041
2214215
2220835
2231254
2231708
2234975
2246104
2246986
2249016
2249947
2253376
2257660
2273852
2289993
2297624
2304376
2308935
2320048
2323500
2326362
2343653
2350397
2358400
2360874
2362015
2375831
2376157
2376655
2378446
2379200
2385750
2388476
2395201
2396845
2408696
2410191
2428546
2430557
2436481
2445974
2449262
2449493
2464314
2467202
2473172
2500836
2502805
2504025
2508113
2534185
2542657
2547826
2568421
2589322
2600562
2600798
2620189
2626315
2635908
2636001
2638348
2639821
2650625
2654834
2656794
2663902
2678697
2685714
2703308
2716134
2724073
2725306
2749636
2752670
2767252
2782805
2788669
2801637
2808650
2819450
2822712
2837251
2840250
2851371
2872631
2895592
2895929
2897317
2906922
2918774
2939827
2940814
2944859
2948188
2958856
2985684
2997948
2999847
3027826
3028699
3029104
3036015
3044976
3045024
3050685
3053762
3075782
3119932
3121224
3136945
3144151
3155044
3157508
3160742
3171658
3174420
3180630
3183487
3192704
3192864
3196522
3219336
3231671
3264916
3266087
3285447
3299560
3319488
3335308
3358460
3386910
3396610
3403520
3406889
3409867
3427852
3429764
3454595
3454911
3474094
3514912
3519111
3524974
3569641
3579224
3586354
3593260
3597418
3601103
3622779
3623737
3632835
3642095
3645728
3652392
3653813
3664468
3674645
3685409
3688042
3703998
3704704
3727205
3735559
3751123
3768829
3770389
3774360
3774947
3779286
3794379
3801969
3814109
3814321
3819078
3830109
3838414
3838761
3858816
3861503
3888282
3925908
3929142
3940975
3946569
3972113
3976408
3981065
4004949
4018259
4021825
4110581
4111447
4118630
4118952
4138957
4192892
4242693
4257731
4262247
4313745
4397759
4397928
4426016
4434146
4449467
4485410
4488783
4504751
4508255
4523059
4525034
4577296
4599649
4634933
4644056
4650699
4656271
4656834
4662748
4688545
4692487
4702448
4725296
4756230
4757360
4762373
4762914
4764784
4775133
4779915
4825315
4878518
4929535
4961030
4976320
4989386
4994527
5041400
5054507
5057251
5103661
5103667
5107851
5128460
5136725
5141105
5155044
5161612
5170668
5335941
5399394
5450151
5450442
5502871
5540548
5543451
5548418
5681810
5688565
5700908
5711076
5712299
5747646
5751527
5759025
5766952
5840592
5859412
5904386
5971820
5971869
5973186
5978956
5983347
6071373
6089765
6112696
6137563
6145228
6167874
6168062
6175771
6175910
6181843
6194989
6195054
6202189
6251937
6253790
6297203
6313213
6376733
6406183
6411942
6445115
6458179
6463604
6464720
6475252
6507363
6516282
6516872
6518987
6529102
6553103
6555242
6577316
6588897
6591880
6599541
6600587
6643301
6655449
6660786
6671796
6687950
6693072
6729772
6764939
6790269
6805242
6825363
6837099
6852794
6860244
6864835
6919887
6966388
6970379
6978174
6987958
7144962
7153123
7187303
7196395
7212114
7218648
7331276
7341234
7375692
7398322
7398797
7404301
7456009
7456341
7479536
7527755
7535726
7565880
7568460
7576384
7586424
7601255
7639106
7644212
7665514
7696662
7757017
7757569
7831560
7832703
7885484
7897012
7898344
7907226
7944049
7949113
7951255
7954852
7964450
7981572
7992764
8013467
8103022
8141384
8145042
8168371
8227417
8277544
8295419
8329877
8330962
8342830
8344677
8357749
8391104
8417958
8436516
8444866
8454306
8516246
8543196
8554445
8583608
8708517
8723694
8737513
8741077
8776528
8830843
8872617
8942384
8992574
9066021
9159399
9159473
9169458
9188562
9188612
9215521
9256942
9306430
9336747
9382116
9481007
9488623
9561521
9561594
9570170
9570704
9570716
9571539
9574701
9592484
9601386
9625399
9644528
9885444
9984653
10034253
10041303
10046217
10161564
10220103
10229845
10235033
10267435
10341000
10346596
10390673
10401070
10452771
10597903
10625661
10659753
10665008
10710676
10745903
10751350
10753551
10928123
11065169
11098177
11109657
11150340
11202223
11239207
11260997
11261921
11369246
11409096
11418523
11438782
11499447
11527435
11529422
11544454
11603307
11638454
11675416
11827116
11858850
11861753
11977154
11993747
12022405
12040061
12202982
12206378
12317926
12362152
12368588
12457003
12508727
12514135
12573425
12657333
12760392
13150444
13182617
13283448
13296393
13342744
13416547
13634035
13654717
13672477
13749999
13829207
13905205
13975848
14093943
14178054
15240668
16651926
16745215
19364419
22821029
24015783
24624481
24733563
24847205
27985824
27991997
30351929
30357525
30423989
30462225
30619190
30628408
30648813
30703846
30717177
30717645
30723046
30787377
30894041
31012919
31091418
31136580
31556346
31577441
31862992
31908094
31972073
32032791
32049052
32090803
32093489
32227823
32485810
32507880
32670718
32672916
32971174
33175376
33215218
33254167
33583515
33654553
34065657
34588918
34597387
34882595
34969840
35067097
35100239
35156375
35543163
35568829
35579052
35619674
35717045
35719712
35726423
36030526
36030840
36802206
36893777
36910608
37782816
37803982
37919974
38042040
38502639
38554764
38635810
40416000
40850048
41135873
41228729
41785553
41790802
42239110
43919888
43950832
44315428
44856733
44911026
45582962
46909545
47099933
47164147
48418723
48584847
48732676
49203412
49551369
49551697
50095617
50209627
51707614
51750602
51755455
52318970
52371285
52449125
52604867
52946964
54281791
54971252
55000215
56014843
59187814
59280645
63389147
64356588
148
118635
1004
1029
1031
1039
1041
1050
1053
1102
1106
1113
1116
1121
1124
3079
3870
8510
11514
15344
15964
19022
19328
23534
24522
25476
28646
32936
36718
47661
47949
50185
52293
68112
71536
73029
85359
87129
95028
113483
130654
159025
172032
193600
200961
227065
302354
312441
335946
377392
414186
430844
544689
577184
584518
666594
687628
703665
714792
718159
729407
859080
907621
960386
977055
1070840
1149174
1178682
1218660
1294274
1323477
1614488
1652466
1901559
1958135
1989593
2132145
2232995
2312031
2483703
2580406
3216791
3294649
3773597
4126359
4225812
4281236
4490264
4516410
4536608
4563661
4636978
5984058
6298378
6389809
6538328
10532769
10849290
11141300
11767684
12204728
12458834
12483916
31419010
32385247
33147415
38784173
40766171
46189086
46868791
231
234
268
277
283
300
301
311
102
108
109
129
150
1561
1570
2259
2262
2276
2308
2312
2682
2723
2741
2763
2823
2855
2956
3171
3214
3294
3344
3373
3692
3962
4328
4414
4524
4690
5500
5962
5995
7872
8202
9153
9273
11726
13125
14866
15232
15831
16253
16345
17408
17679
17819
17898
18114
18125
18213
18253
20224
20728
21026
21476
21606
22390
23340
24771
25242
27437
27462
28462
29629
33848
34069
34465
34589
34702
35022
37479
38814
40519
41115
41776
43280
43837
46703
46898
46913
47027
47095
47205
47267
47976
48004
48704
50632
51020
55826
57419
59216
59567
63295
63434
64574
66094
66966
72104
78115
83264
89325
91504
92229
97791
98379
114332
145918
154916
158803
163739
169373
181392
307520
889944
1245444
1929684
2448507
2744858
2816759
2981789
3903725
6472096
444
1587
1780
2336
2428
2519
2557
2611
2637
2836
2880
2941
2999
3089
3136
3188
3240
3288
3532
3607
4598
5099
5172
5470
5584
5916
6170
6215
7575
7604
7629
7736
7981
8057
8074
8457
9073
9114
9931
10108
10115
10676
11268
11457
11700
11963
12113
12231
12521
12577
12743
12866
13651
13732
13925
14186
14821
14921
15254
15316
15661
17040
17121
17643
17906
17946
18358
18709
18825
18993
19085
19972
20051
20367
20436
20542
21257
21375
21629
21669
22066
22187
22830
22982
23397
23415
23425
23525
23891
24523
24684
25188
25369
25474
26205
26878
27183
27284
27559
27974
28073
29132
29535
29609
29670
29863
30315
30800
32024
32379
32691
32897
33052
33256
33885
34092
34446
35639
36538
36542
36582
36750
36752
37193
37227
37638
38031
38372
38921
39283
39350
40382
40784
41574
42449
42888
43184
44073
44442
44479
45456
46068
46914
47235
47868
47938
48030
48167
48561
48594
48643
49334
49708
49953
49978
50740
52205
52921
53152
55596
56484
57414
59235
59378
62850
63010
63433
63479
63908
65033
65109
65601
65827
68090
68557
68895
69126
69230
69401
70186
70417
70653
70858
71389
73628
73679
73729
78712
78743
78977
79350
79732
80059
80312
81540
82531
83456
84338
85018
85675
86716
87365
87387
88378
88480
89606
89915
90028
91940
92217
92812
92924
93279
93637
93758
94589
95105
95195
95786
95897
96197
96200
96449
96863
96872
97086
97481
97681
97830
98650
99969
100940
103313
103823
104852
105729
106306
106494
106664
106691
107050
107261
107338
108367
108403
108908
109197
109419
114261
115028
115492
115543
116494
117409
117944
121104
121546
125466
125526
127331
128196
129739
130593
132143
132581
132900
133535
134500
134628
134875
135216
135437
135634
135692
136059
136119
136307
137023
139272
139287
139790
141948
142003
144606
145485
146105
146432
146978
147660
148053
148898
149352
149993
151705
152190
153268
154312
154496
154582
154790
155138
155384
155806
155965
157152
158495
160580
160646
160938
162282
163019
163126
164194
164572
164718
164953
165151
165316
165668
166531
167289
167699
168131
168686
169151
169767
169953
170292
170374
170409
171180
171904
172923
173222
174031
175037
175870
175940
176792
177040
178583
178714
179793
179814
181106
181122
181160
181396
181819
183358
183456
183989
184072
185063
185699
185894
191218
192382
194666
195947
196873
196926
196985
197092
198056
198790
199134
199352
200249
200305
200625
200908
201798
202116
202749
202815
203407
203642
204980
206639
206784
207041
209459
213329
216018
219064
219545
220048
221037
221366
223917
227212
227264
228811
228900
230116
230672
231617
234628
234740
235534
235941
242938
246812
250740
253221
253390
254434
254613
259883
262223
267137
267376
268430
273973
275105
278496
278726
278991
279291
283227
285053
285396
285718
288664
288758
289031
289223
291386
293845
294162
295741
298272
298983
299370
301243
303749
305978
309440
310025
312754
313741
314678
316519
318515
319357
319944
320754
322381
325348
325875
327309
331548
335652
336016
340401
340704
342765
343155
343512
343794
344087
344821
347672
350945
360143
364643
367539
370044
377044
379324
383092
391608
392689
394921
395547
395935
395986
396947
397559
401155
403326
404715
405476
407742
407903
408422
408982
409974
421211
421236
421965
424642
427975
429278
429720
436971
441631
442085
446781
449447
452844
458030
472364
480891
485795
493020
493309
497116
497676
500785
501754
502419
502510
505514
509043
511562
529691
532463
532610
533307
533942
561778
563480
563744
564486
567735
572196
573970
576470
577342
587797
594573
596970
601261
615539
617796
619028
619266
622444
622460
624386
625121
627910
631098
636718
637370
638259
640186
640836
642076
647406
651069
656877
657969
659499
660051
664073
667191
668415
671834
671940
675031
676232
678751
682464
685649
693723
700089
703798
704074
706109
706502
707126
711692
724778
728945
732136
733580
735512
736393
743139
746075
747135
752134
759773
761126
763133
769974
780093
784226
791259
792366
793043
803884
804050
811648
816576
821640
821661
824344
824693
826562
826905
831878
839325
841859
847283
854691
854921
860221
877180
881047
883455
884617
884709
884818
884854
884875
885232
887146
896538
901867
908199
913294
913974
916369
918931
923853
925155
926368
927850
930141
933508
933950
936480
942106
944252
948262
951370
961391
961715
962900
963110
963410
963996
968687
973178
974090
980758
992214
992243
997679
1002452
1005075
1010540
1011537
1012382
1012716
1015136
1017115
1018428
1022076
1032249
1038970
1040666
1041139
1044129
1050608
1063292
1071155
1071413
1073266
1074401
1078060
1081014
1085306
1087607
1087753
1089147
1089642
1099972
1104237
1116578
1124799
1131183
1131585
1136886
1154485
1155892
1156616
1161620
1161889
1165279
1167775
1179991
1206668
1211195
1217669
1218342
1228717
1230060
1230415
1236456
1237520
1241154
1243019
1250879
1256542
1259694
1262137
1263637
1264224
1275089
1282113
1283683
1285388
1294663
1296236
1296302
1299021
1303025
1308187
1313579
1318754
1322040
1330707
1331456
1350536
1351141
1353990
1366792
1374477
1381032
1382282
1383458
1385504
1390492
1391203
1392830
1393174
1394107
1394228
1394857
1395823
1400965
1404644
1408064
1410471
1411030
1417252
1424319
1426280
1428943
1434286
1436598
1439082
1441268
1443384
1446132
1446376
1448212
1453822
1456738
1458869
1459036
1459595
1460959
1461544
1462525
1463558
1464519
1466153
1475251
1484585
1494830
1496198
1498724
1515321
1520617
1520790
1529915
1536687
1541700
1548666
1554961
1556914
1558553
1560734
1565812
1587241
1592482
1592573
1596014
1601039
1601077
1604098
1605815
1606685
1615056
1621509
1628937
1634871
1644016
1647469
1651743
1654878
1657995
1658619
1661069
1661947
1662950
1668616
1671170
1682452
1692080
1704045
1705967
1710101
1710125
1716114
1716243
1717621
1721546
1722311
1726025
1726243
1728670
1736164
1740749
1742787
1745001
1749044
1754512
1754833
1757920
1758252
1769236
1769724
1788005
1788775
1789976
1790449
1790578
1791691
1792084
1792139
1794433
1799118
1799285
1802719
1804517
1806551
1810033
1811752
1814982
1818950
1820660
1822726
1824278
1827075
1831296
1832215
1832686
1832708
1834599
1834601
1836687
1840429
1844417
1845736
1848370
1848692
1848819
1849466
1857317
1862970
1867407
1867431
1874934
1876160
1887107
1887545
1888342
1892814
1893752
1895876
1902813
1903189
1911769
1917538
1921043
1923498
1927120
1929072
1932033
1933686
1938164
1938834
1939124
1942972
1951234
1966671
1970357
1976278
1977235
1977912
1980200
1981351
1981452
1990213
1996408
2002672
2004341
2004551
2015938
2017585
2018002
2021088
2021275
2024470
2024483
2027396
2030200
2030350
2030438
2032331
2037631
2041543
2047389
2053758
2061729
2065211
2070599
2071932
2081408
2081571
2081871
2088962
2096340
2103421
2127652
2128934
2133610
2133692
2133904
2139522
2142558
2143037
2144411
2145900
2157378
2160815
2161625
2177659
2178919
2180316
2186645
2187484
2190358
2195319
2197497
2198787
2204070
2205404
2207635
2208456
2210797
2214507
2217594
2220390
2221539
2225489
2226950
2230291
2230885
2236146
2244741
2244961
2247956
2250304
2251285
2253792
2257691
2259489
2262916
2273068
2277707
2278888
2287371
2293399
2293829
2294267
2294331
2294790
2295572
2295714
2307602
2321348
2322873
2323199
2325041
2326805
2328596
2330959
2334841
2336860
2340370
2340905
2344759
2351293
2351458
2351489
2354893
2376617
2387304
2390646
2393576
2396248
2401435
2403130
2403453
2404736
2405798
2407423
2409149
2412570
2420848
2422973
2431153
2431720
2448346
2454011
2472404
2475008
2477117
2478784
2478907
2479485
2485103
2486901
2496303
2512689
2513254
2513616
2514205
2514350
2515921
2523590
2523964
2524270
2526963
2529641
2531148
2535832
2536033
2536536
2541397
2547176
2547450
2548905
2551180
2557182
2570237
2591622
2595301
2595880
2600239
2607318
2610566
2623709
2624751
2629560
2635956
2637907
2638108
2638337
2647334
2657983
2689099
2702434
2715776
2720268
2721233
2721809
2761521
2779812
2782570
2788605
2793223
2794946
2822875
2822878
2833615
2836779
2842841
2850156
2850213
2851730
2854520
2855579
2855691
2859386
2860295
2862556
2862768
2862997
2865676
2869793
2870868
2872036
2872391
2878878
2887466
2889593
2890485
2899006
2900804
2902425
2902795
2904550
2912292
2912974
2914422
2915722
2918628
2940712
2944387
2952469
2956107
2965307
2972150
2979719
2982091
2983422
2997707
3010980
3011133
3011478
3011546
3012885
3021213
3022431
3034892
3034912
3036723
3044004
3050278
3051572
3051814
3052808
3053232
3053310
3054295
3071289
3076672
3085614
3097293
3100329
3113134
3115030
3115243
3120454
3121811
3123414
3127246
3138221
3148199
3150214
3156152
3162253
3163075
3163108
3165815
3172534
3174709
3175500
3177256
3182797
3187438
3219264
3224081
3226174
3228736
3229161
3229423
3236291
3246135
3246866
3251434
3256924
3258780
3262323
3273282
3275473
3279480
3288079
3294639
3295994
3299741
3303999
3306650
3309345
3315298
3322165
3322448
3330622
3344534
3359816
3364144
3364756
3370013
3371370
3374143
3381211
3385313
3390826
3391123
3393132
3395115
3404625
3406028
3407437
3411908
3423890
3436888
3437199
3441608
3452043
3452618
3461237
3464982
3465365
3473415
3473676
3476906
3481266
3483653
3484760
3487552
3487730
3494468
3505467
3508135
3509141
3517885
3518635
3519899
3521248
3525488
3532704
3533244
3538969
3539322
3540813
3547625
3548424
3552532
3568661
3575155
3584166
3585713
3591059
3598214
3599887
3610098
3610981
3616595
3618486
3620230
3622912
3626224
3630461
3636225
3636891
3638769
3645175
3645736
3653087
3660172
3662031
3663166
3668820
3679126
3681503
3681655
3682312
3686228
3694774
3696694
3698227
3703923
3704799
3720742
3722789
3731534
3735359
3746736
3746844
3747741
3757329
3757550
3764156
3769501
3769649
3777395
3777616
3785512
3788235
3791540
3808216
3810522
3810773
3821146
3831962
3844152
3864434
3885483
3887141
3888263
3889899
3895096
3901110
3921270
3924782
3930527
3945216
3947079
3959955
3962133
3966302
3967362
3976176
3982737
3982926
3983577
3996902
3999152
4001809
4002918
4013970
4015159
4016589
4018097
4023413
4034448
4036264
4043403
4053850
4074916
4075706
4088780
4097166
4100487
4108339
4116285
4189757
4219971
4221701
4228863
4270418
4280449
4282292
4294987
4303113
4303190
4309149
4337993
4341321
4376939
4391465
4398710
4425478
4431348
4438064
4453592
4464706
4471206
4483509
4487473
4510594
4511480
4513128
4516277
4520798
4521897
4534384
4536352
4540535
4588237
4598709
4605830
4607674
4612622
4616913
4617289
4622205
4624208
4629737
4631072
4646040
4656169
4658384
4658621
4688146
4689694
4701566
4709539
4724022
4738531
4739335
4744040
4752906
4756627
4761374
4765200
4849450
4862617
4868967
4883778
4887860
4894549
4909424
4922900
4932811
4942122
4944516
4947646
4947875
4953795
4970238
4983055
4997838
5007267
5009322
5013455
5013527
5040213
5045491
5049611
5065121
5065140
5068576
5081431
5087506
5091072
5091606
5094785
5101839
5102212
5107602
5116883
5141861
5164211
5170500
5328586
5374548
5376960
5405691
5420705
5421370
5450208
5452214
5454379
5527257
5546774
5548082
5552783
5558012
5559414
5618022
5634735
5635276
5665143
5681165
5702224
5713315
5714578
5734820
5737552
5749857
5751534
5769465
5786025
5795472
5817474
5827963
5854259
5874584
5925988
5939830
5941205
5950443
5955660
5959253
5960695
5972477
5972641
5982756
5986543
5996515
6002145
6011770
6071690
6078243
6088360
6095452
6098137
6105255
6105527
6121991
6124428
6139502
6152608
6194030
6195377
6196054
6201208
6210918
6217310
6223761
6227616
6233189
6233922
6235143
6236552
6239902
6244372
6251461
6255244
6255346
6257386
6259523
6267444
6280060
6296615
6337869
6366341
6369062
6372111
6431842
6448968
6452059
6452472
6458209
6475287
6482412
6482459
6483555
6502156
6506473
6510126
6515451
6518848
6523073
6526799
6527558
6531234
6550561
6561177
6564442
6566786
6582141
6590145
6600978
6618772
6619837
6635732
6670795
6686584
6703430
6721988
6732070
6741341
6744321
6754963
6757178
6766482
6791926
6800498
6831314
6839207
6853595
6896155
6898064
6913481
6918334
6941632
6958784
6968873
6971066
6996241
7002124
7011569
7011957
7027403
7040151
7044840
7075868
7114565
7150638
7213803
7214708
7224731
7234627
7236175
7238505
7252284
7259566
7280044
7285355
7292580
7297580
7299501
7300845
7302640
7311853
7325841
7336099
7340940
7351487
7359676
7359750
7372005
7394673
7404183
7433038
7443902
7445678
7446845
7491361
7511874
7525623
7544442
7553083
7553883
7582134
7582196
7585882
7600836
7618166
7625317
7636658
7645585
7671753
7742102
7746590
7758147
7790301
7818855
7826809
7828242
7839246
7882585
7890175
7895951
7904435
7908747
7929112
7948452
7993154
7993436
8025555
8027187
8042060
8059053
8095449
8097568
8099756
8136493
8138258
8149071
8164260
8167942
8173266
8178392
8185819
8195798
8237323
8238801
8279670
8298158
8303584
8308839
8328896
8379755
8405189
8523511
8543891
8551291
8595339
8616060
8650375
8659548
8661235
8671172
8705691
8709502
8717743
8734346
8744205
8745227
8753648
8765040
8820557
8856895
8919050
8956351
8959910
8962329
9037668
9207914
9220967
9248111
9304296
9304920
9311508
9341034
9341741
9378566
9384766
9389030
9389914
9413444
9510265
9511064
9531360
9561555
9563679
9597853
9611015
9723068
9889366
10105873
10116140
10137809
10171770
10187357
10210580
10239686
10247526
10391439
10393847
10403006
10427235
10431108
10440631
10521074
10537701
10638497
10643431
10732963
10816026
10828164
10856511
10969611
11004249
11007502
11009281
11036499
11070344
11088306
11109223
11184915
11193534
11208375
11247005
11265913
11289393
11298500
11308548
11374262
11500560
11528099
11698134
11710380
11829976
11955990
12013414
12034760
12048681
12180639
12286496
12367014
12785223
13106125
13135952
13216543
13280194
13287435
13629467
13856343
13928516
112
3161
3404
3650
6221
8969
17364
17554
18751
19658
26107
28240
34851
40930
43707
45331
63160
67544
68461
72447
84327
103938
106499
137287
148521
151418
169500
178424
183221
190392
212413
213894
216884
245918
252106
317079
317284
349306
398563
561241
580607
594417
656763
763867
802287
828732
853948
945318
951772
1039076
1056141
1185584
1194228
1226910
1260210
1263037
1296190
1457687
1562563
1578901
1595552
1598306
1654748
2037606
2041471
2131186
2347988
2368591
2480608
2574467
2688883
2818557
2912115
3022965
3030618
3117545
3188318
3251939
3331278
3454607
3481765
3511542
3547382
3568525
3587118
3718940
3750596
3798465
4503926
4615830
5076745
5115019
5392831
5687089
5809193
5850273
6002023
6071320
6442150
6645515
6734191
6786913
6818749
6835908
7023753
7126495
7147917
7147946
7257458
7367713
7519281
7633850
7648569
7868562
7900089
8006287
8074798
8715208
8847685
9435102
9614711
9664835
9717189
10524840
10588774
11400190
12006245
12022418
12680434
12698457
13236935
13328257
13636870
13638854
16485086
25490125
29962046
31677847
31945899
32917456
32947550
34272118
34662889
34787709
41787202
42559880
43848182
46613275
51741877
58276476
142
144
500
896
1865
1965
2343
2370
2400
2460
2472
2585
2618
2635
2698
3006
3027
3193
3205
3264
3289
3353
3464
3561
3621
3633
3649
3677
3741
3860
3886
4058
4506
4549
4631
4635
4680
4902
5587
5709
5723
6331
6429
6431
6453
6457
6821
7048
7069
7247
7293
7489
7580
7668
7885
7940
7974
7982
8062
8073
8102
8206
8973
9026
9261
9387
9655
9718
9848
9884
9956
10150
10292
10411
10577
10809
11255
11270
11459
11629
11745
11959
11961
12118
12254
12575
12686
12735
12737
12745
12826
13082
13105
14017
14294
14425
14614
14626
14753
14781
15376
15497
16326
16500
16642
17026
17045
17063
17146
17733
17800
17804
17833
17871
18075
18124
18282
18421
18422
18756
18919
19000
19061
19202
19337
19392
19408
19448
19511
19771
19840
19842
19979
20079
20242
20347
20577
20799
20824
21180
21370
21373
21505
21612
21751
21764
21855
22069
22076
22622
22747
23170
23236
23339
23403
23694
23881
25034
25198
25270
25288
25358
25451
25493
25499
25739
25956
27464
27491
27672
28199
28339
28637
28789
29344
30044
30063
30609
30776
30953
31155
31449
32672
32909
34413
34490
34602
35493
35696
35700
36040
36063
36447
36552
36669
37418
38185
38649
38698
38767
38769
38916
39031
39124
40485
41775
42428
42731
42904
42991
43214
43396
43814
43913
44098
44295
45315
45682
45713
45953
46126
46653
46762
46872
46873
47275
47326
47342
47462
47484
47612
47850
47894
48664
48687
48715
48781
48838
49169
49594
50320
50846
51159
51653
52739
53334
54117
54291
54334
54992
54995
56161
56378
57108
58188
59277
59350
59947
60185
60256
60757
61820
61957
62518
62610
62649
62790
63795
63949
64964
65202
65270
65413
65430
65698
66240
66650
66669
68050
68419
68645
68758
68813
70025
70617
71337
71338
71363
71519
72946
73048
73095
73155
73169
73234
73987
74389
75307
75803
76103
76331
77024
77435
78261
78785
78842
79023
79150
79426
79876
79937
79959
80583
81410
81511
81711
82222
82520
83508
83588
83816
84357
84498
84999
85672
85745
86179
87001
87118
87160
87924
88470
88794
89067
89555
90402
90637
90805
91072
91476
91564
92059
92273
93290
93479
93501
93602
94628
95044
96589
96593
97158
98414
98507
98611
98904
98957
99310
99644
100990
101212
101551
101720
101952
102794
103328
103388
103406
103693
103734
103735
104318
104531
104614
105432
106534
107002
109570
109727
109991
110645
111001
111385
111815
112332
115302
115558
115808
116010
117366
117461
117462
117794
119335
119467
119488
119649
119794
123198
123512
123670
123888
124225
124435
124793
125267
125362
127128
127631
128130
128409
129848
131037
131849
132115
133442
133891
134148
134966
134969
135405
135756
135817
136361
136659
136921
137139
139011
139500
140164
141264
141669
142728
142849
143467
143657
143905
144050
144657
144660
144703
145749
146186
146535
146550
146998
148483
148488
150456
150696
150791
151636
154380
155362
155373
155406
155416
156863
156906
157292
157476
158490
158921
159146
159563
159565
159918
160188
160855
161453
163726
163746
164808
164914
165109
165394
167362
167480
168364
169615
169657
169842
170289
170369
171090
171171
171750
172709
173980
176109
176307
176446
177003
177576
177937
178058
178179
180034
181543
182615
182762
182993
183072
183240
183423
183650
183694
183709
183745
183777
183842
184003
184165
184216
184219
184287
184330
187141
187592
189216
189250
190247
190340
191059
191078
193084
194740
195801
197959
198032
198087
198901
200573
200834
201635
201755
201922
203108
203604
203618
204476
205738
206248
206287
207372
209806
210465
211686
211794
213324
215673
216312
219928
220684
220784
226533
228311
229956
230006
230109
231932
232667
233298
233501
236623
239670
240221
241250
246929
250409
250503
250739
251742
253256
254804
254942
257157
258029
258137
258357
259032
262964
266046
269689
271193
275534
275700
278085
278803
279346
279717
281819
282137
283721
298204
298548
305082
305098
305187
306385
309108
309721
312667
317154
318595
322876
331429
336116
340404
344643
347094
354861
354868
355133
356127
358811
361361
368294
370603
375176
375461
376621
377419
381044
386968
390349
392318
399168
400597
401679
407017
412547
416668
420231
428499
429031
429232
437190
439771
440705
444825
461091
471731
475475
476228
484548
493067
493942
514489
526626
531548
533031
538326
546857
547363
560761
561137
565362
566735
567972
570083
571421
576529
577253
579942
602414
611079
615892
623373
630293
642648
648594
650258
652756
657351
658285
659229
660203
660578
666899
670401
671290
677704
677910
684063
686472
689638
693601
698795
701392
705823
706627
708195
710415
723144
730123
734242
734860
735218
747042
747817
756188
757364
757863
783661
790484
790488
797613
800014
810704
811550
814521
832284
845634
850226
855051
865250
883520
884061
884507
884801
898277
915100
920441
930471
930505
933731
933877
934542
936854
939855
946983
947125
950878
957734
965073
975030
979135
981924
984283
989911
993286
994371
1012879
1013743
1017291
1017312
1017692
1019351
1026114
1028029
1031534
1033666
1036282
1036739
1054318
1059127
1076914
1083866
1111390
1115707
1127409
1135765
1142248
1143029
1146746
1147295
1149468
1149568
1152963
1154576
1165860
1170773
1182365
1187049
1220111
1229302
1230047
1247491
1248484
1249740
1250164
1252681
1254976
1255323
1256292
1258645
1261618
1267359
1269273
1275068
1276623
1279155
1281410
1285213
1290250
1297561
1297885
1302372
1304503
1312431
1316390
1316827
1324355
1326915
1330867
1331589
1334442
1336542
1339083
1343585
1381367
1387441
1387832
1393755
1394779
1395923
1401505
1401522
1409606
1418394
1422077
1422821
1426724
1427376
1435456
1442929
1450285
1454332
1458479
1459107
1465780
1466052
1528167
1541938
1545640
1554867
1559959
1561575
1569221
1577189
1592929
1593841
1594249
1595656
1610066
1610486
1614458
1630636
1631250
1644270
1644932
1645731
1656350
1662962
1667611
1674413
1679665
1693546
1694316
1699495
1705362
1705753
1708238
1712021
1721030
1726249
1727491
1739238
1751408
1752905
1755294
1762734
1769239
1770522
1772660
1774946
1776009
1789908
1793934
1795154
1797616
1798771
1800394
1803635
1807604
1809475
1813827
1817104
1818672
1821411
1822218
1822232
1826134
1827211
1831237
1833806
1834923
1837964
1838790
1839088
1845808
1845986
1857078
1857654
1866288
1869311
1870982
1877863
1885237
1885256
1908916
1910887
1924480
1930024
1935151
1937524
1952910
1965044
1967414
1989545
1996598
1999697
2008035
2009046
2011309
2020739
2023558
2024929
2027993
2028968
2042693
2050390
2064584
2072597
2089584
2097713
2107829
2108668
2110723
2114449
2120976
2130041
2137309
2155494
2160377
2161993
2173887
2184067
2185221
2192401
2195706
2204308
2223776
2224692
2236578
2244172
2251299
2252672
2262436
2268989
2271040
2276672
2292605
2296629
2306231
2313223
2322579
2330623
2360241
2373683
2377691
2406031
2406734
2408022
2409796
2430733
2448018
2456442
2457901
2461784
2473156
2488161
2510362
2519206
2519426
2520522
2524103
2540492
2553600
2556135
2562536
2566309
2578251
2591764
2594956
2601862
2603124
2603958
2604165
2609507
2615112
2620998
2638376
2643678
2646602
2648376
2667215
2712178
2714992
2720722
2728108
2757412
2774778
2782153
2788988
2801885
2814602
2831829
2831850
2840813
2856162
2859764
2863504
2869242
2876128
2876992
2878458
2895303
2896851
2897483
2899300
2908075
2916854
2928127
2946087
2950800
2951928
2954113
2959300
2966501
2967122
2974861
2975202
2975602
2979114
2982103
2985230
3010998
3027183
3031517
3034720
3040015
3040362
3042218
3042430
3046719
3054148
3069642
3076172
3091170
3097379
3099953
3113067
3135929
3141781
3174943
3181629
3183791
3187142
3199002
3255220
3276466
3314874
3354890
3356830
3358462
3370847
3378930
3398836
3443452
3444290
3446345
3453795
3467982
3482417
3488100
3504627
3534543
3540338
3549372
3585633
3598052
3601286
3608791
3619641
3622887
3630255
3654698
3666408
3667987
3694772
3695242
3715871
3730396
3730521
3756134
3757961
3775745
3776041
3787175
3794015
3846697
3877642
3877923
3924101
3942279
3957836
3960343
3965275
3978553
3983868
3997962
4003801
4023496
4029122
4046514
4074856
4089324
4267182
4298345
4340307
4386704
4410864
4411102
4436440
4446596
4450516
4459248
4486568
4515700
4558632
4589709
4631364
4632717
4634821
4635398
4636003
4650359
4652232
4670002
4684925
4686793
4696847
4708429
4722175
4736220
4762923
4780188
4781786
4907087
4912508
4948089
4970547
4973292
4997391
5006178
5013457
5040074
5075200
5080758
5105253
5116077
5126021
5290764
5452386
5455670
5457609
5465547
5472999
5497409
5552789
5592256
5622417
5646855
5681915
5683026
5683115
5765816
5783329
5817266
5828937
5835818
5860119
5861942
5877573
5879125
5958935
6071714
6072275
6075837
6110301
6136317
6147680
6149337
6192471
6193512
6202670
6231934
6248977
6310927
6388110
6458925
6463999
6500470
6508759
6514927
6535088
6538670
6546528
6565142
6576585
6597648
6609765
6620511
6651586
6655929
6915384
6917585
7246723
7295120
7345937
7561454
7691256
32029
45757
81246
305795
145
208
436
473
474
491
947
989
990
1008
1194
1270
1325
1340
1342
1352
1499
1591
1640
1651
1706
1739
1763
1770
1771
1797
1870
1905
1941
1955
1956
1992
2029
2047
2058
2068
2121
2241
2261
2299
2302
2311
2339
2366
2372
2378
2389
2391
2406
2433
2444
2448
2468
2531
2561
2582
2593
2641
2655
2660
2664
2667
2674
2694
2696
2700
2729
2735
2736
2744
2770
2809
2821
2879
2885
2904
2913
2931
2932
2940
2946
2968
2991
2994
3001
3004
3009
3018
3019
3040
3046
3049
3070
3087
3088
3092
3096
3102
3112
3116
3117
3120
3122
3124
3132
3138
3139
3143
3144
3155
3170
3195
3206
3215
3241
3259
3274
3286
3315
3324
3332
3341
3351
3352
3371
3383
3394
3400
3408
3411
3414
3415
3416
3423
3426
3428
3443
3450
3458
3460
3477
3488
3497
3505
3516
3521
3563
3567
3602
3606
3609
3613
3619
3620
3622
3646
3658
3665
3680
3689
3697
3718
3854
3934
3961
3967
4004
4017
4036
4042
4062
4073
4095
4096
4108
4112
4115
4141
4149
4177
4188
4247
4264
4297
4298
4360
4397
4418
4429
4439
4453
4490
4496
4519
4532
4541
4545
4546
4553
4558
4568
4587
4589
4604
4606
4608
4626
4630
4647
4650
4659
4667
4682
4700
4725
4730
4733
4735
4747
4751
4752
4753
4781
4801
4812
4822
4894
4960
5132
5135
5140
5268
5351
5545
5549
5569
5662
5686
5710
5830
5869
5878
5912
5931
5973
6070
6075
6089
6091
6107
6128
6132
6179
6218
6238
6242
6246
6251
6258
6359
6442
6471
6481
6503
6690
6717
6769
6788
6791
6801
6805
6854
6865
6937
7075
7095
7167
7168
7173
7239
7248
7263
7320
7343
7453
7501
7568
7583
7590
7631
7652
7704
7745
7834
7840
7852
7867
7877
7908
7921
7960
8006
8012
8021
8029
8031
8033
8038
8059
8061
8079
8092
8120
8135
8146
8158
8159
8160
8264
8300
8311
8314
8342
8343
8398
8556
8605
8667
8669
8675
8678
8741
8755
8802
8827
8898
8945
8946
8947
8954
8967
9044
9052
9077
9080
9086
9111
9130
9140
9182
9289
9479
9521
9525
9528
9723
9751
9753
9779
9788
9836
9843
9883
9888
9896
9925
9928
9944
9945
9954
9959
9962
9971
9987
10006
10038
10052
10075
10097
10103
10110
10321
10561
10574
10623
10650
10654
10683
10752
10772
11034
11039
11199
11215
11240
11248
11269
11282
11318
11446
11466
11485
11500
11549
11574
11579
11585
11603
11604
11609
11614
11643
11680
11691
11742
11764
11837
11858
11890
11918
11922
11923
11944
11953
11973
11987
11992
12017
12019
12025
12026
12027
12032
12046
12052
12055
12058
12059
12070
12091
12094
12100
12112
12208
12314
12376
12429
12486
12504
12524
12533
12534
12573
12604
12653
12666
12707
12726
12730
12744
12766
12780
12781
12832
12855
12937
13030
13032
13036
13037
13043
13058
13062
13071
13080
13089
13096
13109
13112
13118
13131
13139
13208
13216
13243
13267
13310
13318
13358
13384
13414
13416
13470
13532
13536
13608
13640
13677
13755
13768
13833
13881
13890
14016
14060
14086
14160
14260
14275
14346
14352
14410
14469
14477
14733
14750
14829
14830
14848
14854
14877
14886
14905
14910
14920
14933
14943
14964
14977
14988
14990
14999
15008
15044
15046
15137
15154
15176
15242
15250
15252
15253
15262
15269
15284
15320
15383
15396
15494
15611
15638
15695
15697
15701
15744
15802
15807
15862
15909
15947
15952
16024
16026
16034
16065
16093
16109
16111
16193
16259
16265
16279
16310
16363
16382
16412
16422
16432
16502
16570
16621
16655
16664
16735
16738
16830
16904
16929
16980
17042
17050
17073
17080
17087
17094
17102
17118
17257
17276
17398
17602
17745
17759
17782
17796
17817
17829
17832
17840
17845
17878
17882
17908
17921
17926
17976
18007
18010
18034
18039
18074
18081
18087
18100
18142
18145
18146
18154
18160
18162
18165
18176
18208
18212
18228
18243
18261
18277
18289
18313
18340
18351
18383
18395
18428
18432
18448
18454
18470
18480
18487
18521
18537
18548
18551
18556
18571
18580
18592
18602
18634
18640
18670
18688
18689
18691
18694
18706
18720
18733
18742
18754
18785
18791
18807
18823
18841
18854
18857
18874
18878
18891
18901
18903
18920
18926
18927
18934
18958
18969
18984
18985
18986
18992
18999
19001
19003
19017
19020
19058
19076
19171
19175
19194
19201
19262
19264
19296
19316
19319
19336
19346
19542
19581
19640
19653
19696
19710
19731
19761
19767
19769
19787
19795
19797
19803
19807
19817
19845
19853
19856
19880
19895
19896
19914
19922
19936
19948
19978
19998
20076
20153
20163
20260
20280
20281
20335
20374
20392
20399
20422
20432
20435
20466
20507
20540
20564
20596
20659
20685
20783
20812
20864
20867
20868
20882
20917
20995
21021
21106
21132
21205
21340
21346
21381
21384
21424
21447
21468
21500
21509
21703
21745
21783
21820
21865
21871
21882
21903
21953
21972
21979
22024
22049
22073
22081
22179
22198
22211
22257
22270
22489
22528
22590
22625
22644
22737
22797
22828
22870
22925
23039
23169
23178
23254
23296
23310
23322
23324
23332
23334
23336
23342
23354
23376
23455
23507
23522
23536
23552
23555
23563
23570
23579
23583
23610
23612
23632
23668
23670
23683
23785
23919
23936
24101
24195
24223
24244
24347
24395
24429
24434
24486
24506
24514
24559
24567
24612
24630
24657
24733
24783
24805
24814
24857
25140
25141
25247
25292
25296
25326
25334
25418
25437
25526
25527
25597
25602
25610
25613
25630
25677
25688
25693
25744
25834
25853
25908
25926
25965
25970
26094
26155
26192
26199
26240
26261
26288
26351
26371
26423
26433
26451
26463
26504
26508
26554
26611
26712
26799
26962
27109
27301
27302
27389
27411
27412
27422
27433
27435
27475
27480
27497
27616
27653
27676
27701
27726
27729
27735
27771
27831
27843
27915
28121
28131
28137
28242
28245
28404
28469
28531
28669
28687
28765
28934
28962
28966
28992
29001
29087
29161
29173
29240
29334
29349
29406
29411
29423
29435
29444
29446
29482
29501
29520
29554
29558
29570
29579
29613
29626
29660
29663
29665
29675
29707
29709
29724
29748
29749
29755
29774
29795
29815
29846
29864
29869
29895
29907
29921
29926
29928
29948
29951
29953
29975
29979
29985
29989
30002
30006
30018
30096
30103
30124
30179
30206
30208
30256
30257
30319
30418
30470
30605
30607
30789
30944
30964
31004
31039
31088
31105
31133
31197
31245
31247
31249
31320
31353
31367
31376
31384
31431
31448
31619
31833
31846
31868
31933
31973
31977
32032
32044
32053
32075
32083
32195
32237
32282
32322
32381
32414
32685
32699
32720
32777
32823
32830
32831
32836
32864
32929
33113
33197
33238
33261
33286
33320
33414
33418
33428
33542
33614
33626
33627
33672
33681
33774
33828
33855
33913
34001
34030
34188
34214
34238
34268
34408
34438
34531
34573
34599
34607
34627
34647
34710
34719
34741
34754
34811
34818
34920
34933
34945
35047
35075
35121
35139
35247
35294
35334
35381
35396
35405
35422
35426
35428
35455
35456
35468
35473
35483
35492
35499
35505
35507
35518
35577
35586
35587
35592
35620
35662
35664
35709
35716
35717
35719
35750
35753
35762
35771
35790
35792
35944
36004
36119
36166
36173
36233
36292
36299
36388
36433
36457
36490
36497
36533
36539
36565
36571
36573
36584
36594
36598
36605
36625
36629
36632
36683
36699
36705
36707
36731
36734
36736
36751
36790
36791
36796
36798
36811
36855
36867
36937
36955
37019
37041
37074
37096
37155
37166
37383
37451
37526
37528
37691
37714
37721
37748
37876
38035
38183
38359
38370
38381
38524
38589
38629
38676
38682
38693
38695
38699
38703
38710
38738
38742
38743
38778
38796
38805
38810
38991
39048
39088
39128
39187
39196
39197
39238
39262
39298
39324
39466
39470
39482
39593
39627
39702
39961
40321
40340
40383
40439
40510
40538
40606
40634
40753
40806
40827
40848
40929
40942
41020
41023
41113
41205
41236
41272
41313
41321
41338
41353
41433
41478
41550
41567
41582
41592
41766
41783
41795
41821
41826
41853
41855
41863
42048
42081
42305
42345
42358
42365
42369
42380
42385
42387
42422
42431
42452
42453
42480
42486
42529
42533
42543
42562
42569
42598
42648
42678
42685
42707
42791
42792
42807
42832
42892
42944
43031
43043
43062
43066
43156
43175
43180
43186
43235
43244
43338
43488
43592
43602
43709
43710
43727
43743
43747
43760
43784
43791
43798
43812
43848
43868
43894
43917
43926
43969
44009
44025
44087
44097
44099
44267
44333
44354
44355
44384
44415
44513
44521
44544
44573
44621
44682
44764
44784
44897
44908
45268
45323
45364
45461
45688
45749
45760
45772
45803
45821
45880
45893
45930
45947
46000
46057
46077
46097
46150
46173
46271
46340
46355
46358
46361
46500
46692
46753
46759
46760
46870
46926
46927
46934
46955
46967
47038
47050
47066
47123
47136
47153
47199
47327
47332
47335
47358
47395
47408
47426
47430
47441
47496
47564
47635
47643
47675
47686
47734
47741
47777
47845
47895
47899
47946
47953
47960
47990
48021
48041
48060
48076
48080
48088
48089
48093
48103
48113
48132
48138
48149
48165
48189
48234
48293
48296
48354
48403
48408
48413
48415
48417
48442
48476
48491
48499
48511
48616
48619
48622
48713
48750
48821
48839
48852
49118
49120
49123
49127
49136
49157
49235
49258
49269
49272
49438
49492
49546
49621
49723
49729
49802
49893
49914
49927
49975
50011
50055
50162
50261
50457
50522
50595
50638
50684
50924
50926
51072
51171
51188
51256
51298
51321
51331
51335
51623
51734
51739
51781
51921
51945
52298
52346
52368
52441
52442
52467
52473
52551
52826
52924
53055
53063
53066
53435
53436
53437
53491
53543
53545
53556
53583
53591
53595
53635
53687
53721
53722
53776
54099
54173
54191
54217
54238
54248
54293
54491
54578
54723
54736
54754
54801
54814
54855
54872
54906
55004
55095
55116
55178
55245
55270
55291
55319
55409
55425
55459
55472
55574
56151
56260
56345
56488
56743
56748
56762
57050
57260
57413
57484
58036
59222
59246
59282
59392
59538
59582
59814
59851
59953
60020
60152
60169
60172
60188
60210
60287
60438
60568
60715
60754
60785
60787
60809
60879
61063
61211
61238
61239
61266
61399
61450
61562
61704
61796
61810
61920
61924
61982
62086
62116
62143
62146
62148
62159
62207
62216
62261
62269
62288
62334
62368
62533
62606
62720
62771
62848
62892
62942
62969
62982
63012
63070
63157
63198
63294
63311
63405
63431
63440
63447
63452
63552
63568
63577
63634
63668
63670
63783
63791
63832
63889
63926
63974
64098
64105
64145
64212
64231
64356
64451
64549
64564
64613
64631
64642
64652
64707
64876
64938
65057
65092
65111
65174
65200
65347
65386
65447
65495
65534
65610
65620
65695
65714
65731
66061
66073
66090
66092
66102
66149
66150
66155
66157
66172
66180
66181
66182
66186
66213
66234
66332
66379
66533
66572
66615
66687
66696
66698
66700
66703
66705
66744
66746
66753
66953
67077
67112
67342
67408
67416
67435
67453
67569
67720
67793
67879
67891
68077
68092
68094
68113
68126
68129
68152
68154
68164
68179
68208
68233
68285
68309
68323
68337
68345
68346
68535
68558
68578
68601
68605
68608
68643
68685
68700
68744
68787
68804
68870
68874
68875
68943
68976
69122
69237
69244
69246
69276
69284
69396
69560
69611
69686
69736
70228
70229
70363
70480
70512
70779
70826
71230
71262
71345
71351
71354
71367
71433
71555
71567
71762
71902
71993
72000
72050
72051
72077
72192
72208
72241
72248
72423
72464
72515
72634
72690
72760
72902
72923
73030
73120
73244
73358
73394
73549
73552
73642
73650
73669
73811
73855
73897
73956
74031
74037
74040
74261
74264
74278
74328
74371
74404
74411
74412
74554
74686
74769
74790
74824
74841
74855
74920
74943
74947
75121
75276
75381
75392
75419
75428
75562
75798
75874
75968
75971
76113
76171
76312
76330
76438
76441
76520
76597
76611
76636
76644
76672
76682
76701
76733
76755
76821
76866
76923
76937
76982
76989
77183
77419
77421
77468
77789
77808
78042
78080
78096
78101
78102
78163
78181
78336
78416
78505
78615
78679
78717
78791
78997
79201
79219
79236
79260
79267
79413
79435
79607
79924
80047
80119
80122
80324
80492
80517
80518
80541
80558
80560
80593
80594
80662
80799
80867
80874
80968
81178
81203
81286
81443
81449
81536
81555
81579
81654
81660
81671
81685
81712
81720
81729
81785
81786
81792
81802
81910
81945
81949
81977
82119
82124
82276
82316
82345
82395
82420
82421
82612
82664
82672
82685
82745
82759
82805
82986
82988
83038
83096
83128
83146
83280
83309
83341
83343
83420
83424
83453
83491
83513
83593
83597
83633
83646
83670
83700
83765
83791
83806
83810
83836
83867
83993
84077
84080
84082
84198
84226
84375
84393
84506
84515
84818
84866
84881
84889
84891
84947
84955
85141
85146
85178
85230
85268
85270
85383
85454
85609
85683
85698
85726
85731
85787
85827
85956
85981
85995
86025
86132
86198
86340
86341
86412
86491
86578
86608
86921
87065
87127
87142
87158
87159
87161
87355
87357
87374
87385
87471
87573
87710
87865
87870
87909
87918
87922
88179
88220
88606
88630
88641
88645
88653
88684
88871
88928
89025
89157
89261
89407
89420
89422
89475
89757
89765
89896
89904
89908
89927
89949
89970
89975
90030
90181
90493
90700
90813
90964
91142
91144
91163
91278
91302
91383
91384
91530
91545
91612
91849
91923
92073
92077
92122
92144
92180
92228
92240
92255
92373
92452
92516
92655
92734
92806
92905
92919
92943
93035
93123
93207
93234
93243
93339
93365
93369
93669
93735
93943
93974
94068
94224
94235
94336
94449
94534
94564
94698
94755
94896
94930
94942
95056
95264
95479
95490
95515
95604
95662
95748
95771
96010
96016
96071
96082
96097
96141
96143
96146
96152
96173
96215
96221
96320
96396
96405
96514
96537
96553
96559
96601
96648
96708
96783
97050
97064
97068
97071
97105
97173
97194
97322
97363
97382
97442
97597
97655
97698
97748
97778
97785
97819
97842
97861
97878
97901
97904
97910
97911
97936
98017
98069
98111
98196
98358
98366
98395
98539
98546
98728
98740
98747
98750
98751
98786
98799
98881
98928
98938
98950
98992
99081
99188
99296
99332
99341
99352
99360
99396
99527
99546
99552
99595
99663
99704
99785
99821
99857
99908
99978
99979
100045
100089
100129
100177
100216
100287
100303
100314
100326
100359
100365
100398
100513
100536
100612
100630
100833
100850
100919
100945
101026
101099
101101
101111
101158
101235
101257
101455
101497
101548
101675
101769
101900
101918
102246
102253
102294
102295
102309
102360
102375
102411
102469
102589
102633
102668
102745
102748
102799
102824
103089
103116
103194
103293
103373
103374
103399
103405
103417
103420
103431
103433
103479
103489
103650
103705
103722
103805
103834
103863
103871
103902
103939
103948
104187
104303
104370
104651
104904
104926
105025
105119
105159
105160
105211
105318
105424
105512
105554
105591
105605
105692
105721
105872
105925
106067
106118
106238
106266
106292
106312
106333
106397
106402
106426
106452
106475
106484
106487
106501
106587
106683
106759
106768
106831
106832
106952
106955
107042
107145
107155
107163
107164
107168
107189
107191
107221
107222
107264
107345
107363
107400
107556
107709
107761
107966
108044
108088
108137
108269
108278
108352
108362
108476
108556
108563
108571
108622
108663
108686
108689
108691
108700
108816
108894
108926
108944
109093
109156
109163
109278
109289
109341
109349
109392
109457
109494
109521
109577
109580
109691
109813
109844
109907
109935
110126
110185
110188
110198
110216
110252
110253
110454
110537
110563
110663
110719
110757
110771
110878
110946
110997
111007
111073
111215
111279
111499
111574
111687
111809
112061
112097
112101
112105
112303
112322
112372
112376
112436
112915
112961
112988
113049
113054
113171
113219
113575
113671
113703
113711
114118
114145
114224
114248
114335
114492
114590
114596
114683
114684
114790
114823
114875
115078
115300
115301
115454
115455
115629
115630
115716
115880
115940
116081
116229
116286
116287
116324
116362
116396
116427
116469
116561
116588
116674
116752
116762
117108
117397
117490
117513
117547
117628
117766
117786
117787
117936
117987
118071
118090
118442
118509
118763
118994
119005
119010
119140
119227
119271
119374
119392
119481
119601
119841
119932
120033
120053
120375
120517
120555
120610
120629
120944
121002
121208
121352
121514
121661
121747
121935
122024
122086
122193
122203
122333
122339
122509
122932
122971
123062
123138
123175
123214
123438
123524
123690
123712
123954
124214
124226
124413
124560
124692
124919
125050
125147
125150
125210
125274
125536
125694
125761
126018
126084
126120
126470
126527
126550
126589
126652
126707
126810
126861
126914
126915
126998
127026
127166
127182
127256
127355
127386
127445
127731
127740
127778
127849
128189
128345
128349
128541
128638
128761
128894
129233
129489
129540
130244
130322
130386
130567
130599
130760
130844
130941
131009
131430
131470
131536
131662
131772
131813
131819
131907
132134
132255
132330
132381
132611
132886
132890
133039
133390
133398
133413
133422
133475
133477
133551
133893
133984
134287
134332
134629
134656
134671
134724
134755
134861
134870
134892
135109
135183
135309
135595
135637
135649
135717
135739
135927
135966
136029
136030
136204
136315
136342
136396
136451
136595
136608
136609
136667
136689
136784
136786
136787
137101
137121
137141
137158
137214
137220
137291
137309
137335
137343
137402
137445
137457
137614
137634
137740
137782
137854
138075
138240
138368
138375
138376
138611
138676
138697
138841
138898
138913
138955
138999
139284
139285
139339
139508
139545
139570
139710
139860
139900
139914
140067
140074
140272
140397
140590
140646
140647
140924
141014
141373
141379
141590
141611
141762
141866
142148
142166
142181
142330
142331
142340
142432
142585
142727
142982
143050
143060
143163
143237
143241
143253
143333
143347
143363
143429
143587
143863
143873
144029
144172
144266
144292
144350
144446
144536
144721
144881
145035
145236
145411
145435
145700
145798
145801
146063
146112
146113
146262
146345
146367
146394
146510
146511
146780
146784
146861
146907
146921
146986
147123
147279
147472
147686
147708
147737
147808
147907
148392
148394
148443
148543
148885
148948
149029
149064
149268
149330
149485
149765
149859
149897
150176
150241
150331
150366
150399
150699
150861
150893
151033
151038
151051
151138
151514
151555
151556
151574
151656
151665
151689
152289
152349
152423
152816
152954
153136
153307
153967
154195
154234
154243
154469
154643
154739
154802
154927
154971
155117
155316
155318
155328
155379
155383
155403
155442
155477
155517
155520
155606
155629
155656
155676
155728
155750
155852
155861
155889
155926
156147
156198
156271
156330
156337
156339
156362
156403
156615
156658
156685
156702
156785
156853
156922
156975
157249
157457
157590
158153
158189
158278
158593
158992
159064
159065
159068
159076
159166
159414
159460
159551
159904
160091
160242
160312
160315
160318
160326
160329
160351
160405
160422
161023
161039
161046
161547
161820
161856
161990
162034
162073
162444
162710
162772
163018
163108
163157
163223
163356
163396
163442
163480
163506
163533
163575
163586
163592
163598
163632
163635
163662
163663
163695
163703
163741
163784
163866
163920
164027
164072
164189
164201
164255
164349
164376
164405
164582
164694
164742
164758
164872
164926
164951
164996
165031
165112
165137
165162
165170
165231
165352
165378
165491
165632
165688
165906
166023
166032
166033
166138
166405
166414
166434
166510
166598
166602
166625
166764
166907
166955
166985
166987
167065
167118
167122
167318
167326
167401
167429
167510
167634
167650
167670
167714
167733
167788
167833
167884
168416
168458
168511
168560
168704
168714
168760
168773
168843
168873
168878
168879
168881
168929
168944
168946
168990
169029
169215
169349
169364
169370
169407
169463
169630
169752
169808
169959
170015
170040
170347
170398
170400
170411
170630
170632
170637
170860
170974
171036
171087
171380
171580
171647
171649
171871
171879
171889
172048
172218
172243
172307
172502
172690
172784
172902
173686
174208
174243
174794
175210
175295
175385
175496
175515
175771
176080
176315
176417
176431
176436
176565
176625
176703
176735
176799
176850
176952
177087
177288
177588
177700
177732
177747
177762
177766
177775
177983
177998
178009
178022
178071
178079
178123
178168
178200
178244
178331
178397
178469
178523
178526
178584
178587
178649
178659
178696
178719
178720
178726
178953
179228
179375
179395
179795
179980
180043
180135
180184
180195
180230
180289
180510
180513
180599
180791
180802
180897
180933
180954
180989
181018
181077
181180
181185
181204
181318
181338
181417
181437
181525
181546
181706
181709
181716
181718
181753
181898
181932
181938
182028
182045
182088
182275
182299
182322
182419
182537
182729
182897
182966
183076
183339
183360
183488
183924
183952
184260
184494
184646
184658
184926
184989
185084
185111
185122
185161
185190
185200
185411
185425
185434
185479
185562
185585
185678
185710
185760
186262
186270
186468
186475
186487
186597
186776
186822
186934
187528
187634
187710
187734
187743
187827
187844
187956
188137
188695
189043
189094
189245
189368
189989
189990
190004
190105
190129
190218
190258
190266
190397
190754
190858
190949
190995
191002
191073
191084
191198
191283
191722
191817
192520
192625
192670
192928
193273
193506
193628
193641
193805
193808
193815
193828
193936
194131
194169
194198
194243
194304
194507
194660
194839
194846
195420
195435
195729
195795
195908
196841
196866
196967
196993
197675
197748
197966
198064
198097
198113
198194
198256
198347
198380
198744
198753
198841
198983
199186
199301
199396
199416
199501
199648
199859
199900
199955
200033
200108
200318
200673
200693
200733
200758
200846
200863
200970
201163
201530
201823
201942
201958
202176
202210
202972
203100
203170
203219
203382
203473
203933
204762
205055
205121
205154
205197
205226
205605
205940
206033
206295
206359
206638
206905
206954
206974
207224
207351
207574
207693
207817
207890
208264
208304
208314
208429
208461
208521
208556
208598
208616
208722
208781
208786
208889
209087
209114
209125
209135
209161
209164
209354
209504
209561
209584
209619
209644
209683
209745
209766
210195
210219
210295
210337
210478
210681
210891
211001
211411
211609
211651
211975
212033
212282
212299
212608
212634
212879
212918
213001
213145
213192
213287
213322
213465
213692
213713
213777
214058
214071
214074
214079
214326
214390
214438
214635
214794
215464
215758
215809
216027
216188
216191
216212
216379
216484
216680
216725
216841
217351
217494
217670
217972
218013
218216
218268
218355
218393
218420
218516
218898
219026
219065
219414
219462
219657
219990
220031
220202
220343
220609
220658
220772
221225
222042
222380
222506
222599
222845
222922
222964
222991
223027
223034
223037
223352
223364
223379
223399
223570
223611
223828
224490
224510
224637
225871
225899
226106
226285
226304
226948
227006
227054
227132
227528
228001
228014
228223
228827
229651
229858
230054
230114
230261
230282
231397
231743
231912
231928
231974
232029
232045
232292
232309
232380
232721
233034
233533
233549
233658
233662
233682
233741
233793
234154
234174
234206
234310
234411
234479
234752
234820
234934
234968
235084
235123
235480
235493
235495
235783
235900
236167
236378
236517
236797
236806
236925
236974
237020
237348
237651
237772
238176
238186
238250
238331
238888
238900
239259
239290
239645
239677
239749
240422
240517
240617
241270
241424
242213
242243
242296
242360
242890
243064
243069
243616
243691
243783
244087
244120
244363
244598
244709
244827
244937
244962
244975
245251
245531
246193
246222
246824
247414
247439
247620
247651
247666
247871
247933
248872
248899
249089
249103
249143
249461
249497
249729
249918
249921
250392
250402
251208
251273
251376
251669
251704
252216
252239
252292
252326
252808
253078
253562
254083
254252
254630
254894
255138
255376
255591
255700
256300
256353
256492
256736
256771
256982
257294
257766
257860
257882
258088
258095
258098
258190
258266
258425
258480
258564
258567
258577
258653
258819
258976
259036
259415
259542
259545
259697
260175
260361
260414
260512
260659
260783
260903
261201
261259
261261
261346
261582
261713
262137
262408
262455
262692
263119
263132
263507
263529
263538
263653
264037
264310
264335
264449
264561
264635
264836
265389
265510
265588
266045
266770
266910
267142
267360
267389
267583
267656
267843
268285
268390
268984
269493
269821
270334
270439
270443
270649
270723
270840
270890
271248
271254
271630
271922
272030
273008
273388
273426
273673
273856
273869
273907
274295
274442
274991
275603
275980
276120
276156
276212
277800
277866
277993
278264
278463
279705
279723
279860
280272
280406
280808
281766
282126
282244
282286
282325
282332
282337
282341
282469
282565
283501
283635
283733
284516
284658
284830
285214
285902
286118
286666
286793
287713
287975
287991
288127
288839
288899
288935
290651
291188
291303
291411
291678
291784
291948
292000
292143
292288
292351
293035
293297
293402
293691
294033
294812
294959
295743
295887
296071
296436
297113
297452
298498
298572
298714
299076
299104
299305
299581
299739
300702
300863
300963
300968
301121
301142
301219
301390
301692
302200
302369
302571
302744
302875
304727
305030
305062
305396
305750
306047
306200
306792
307567
307890
308073
308095
308195
308274
309439
309982
310167
310506
310665
310673
310779
310906
311316
312537
313704
313753
314060
314112
314209
314374
314653
315176
315303
315390
316758
317939
318073
318234
318320
318849
319266
319810
319837
319913
320263
320502
320713
320911
321403
322028
322105
322278
322771
323235
323251
323345
323496
323801
323982
324756
324966
325108
325367
325472
326121
326484
326919
327005
327376
327924
328287
328405
328543
329111
330190
330733
331384
331745
331893
332042
332106
332556
332961
333317
333571
333635
334185
334476
334507
335109
335875
336078
337673
337745
337759
339101
339137
339142
340315
340681
341019
343058
343100
343301
343397
344641
344980
345278
345833
347106
347234
347645
349124
349219
349296
349437
349514
349548
349776
349942
350337
350369
350920
351922
352131
352501
352618
354587
354813
355318
355428
355823
355925
356165
356621
357209
357521
357539
357545
357546
357988
358301
358535
359289
359465
359561
359811
359933
360484
360939
361299
361379
361391
361409
361729
362301
362468
362768
362772
364190
364650
364653
365553
365692
365701
366375
367132
368668
368684
368741
370188
370445
371169
371253
371368
371653
371739
371830
371904
372021
372080
372124
372243
372659
373148
373380
374241
375077
375955
375958
376662
376854
376882
377241
377991
378150
378269
378329
378376
378971
379579
380016
380238
380696
380780
380927
381487
381517
383112
383950
385456
385748
385769
386046
386441
386558
386895
387081
387607
388768
388773
388824
388917
389318
389839
390350
390818
391712
391799
392002
393003
393168
393259
393268
394560
395256
395854
396136
396648
397076
397166
397487
398294
398943
399388
399787
400721
401195
401230
401592
402996
403040
403109
403609
403833
404017
404860
405016
405119
405372
405769
406698
407285
407509
407516
407832
408377
408699
408865
409057
409466
410633
411125
411263
412252
413093
413190
413498
413596
413635
416110
416363
416747
417039
417167
417744
417963
418281
418869
419275
419376
419880
419946
420076
420159
420181
420434
422196
423138
423363
423464
423812
423821
424245
425626
425901
426513
426605
426622
427028
427339
427644
428117
428432
428536
428836
428973
429168
429309
429887
430399
430451
430974
431148
431469
431764
431894
432023
432532
433048
433996
434238
435270
435595
435750
437628
437710
437750
439009
439078
439087
439153
439563
439873
439970
440535
440990
441228
441776
442023
442140
443162
443595
444130
444186
445781
447337
448379
448389
448599
449276
449384
449910
450876
452088
452454
452819
453225
453236
453314
454298
455379
456256
456488
456626
456954
457670
457839
457893
458916
460051
460124
461310
461420
461447
461675
462371
464092
464374
465795
467038
467315
467461
467898
469749
470101
470744
471778
472755
473829
475476
475986
477237
477247
477925
479273
480452
480906
480914
481511
481578
481834
482815
487314
487646
487775
488940
489356
490121
491421
493216
493436
493665
494507
494688
496171
496497
496950
497859
498058
499243
499352
501475
501621
504040
504225
504334
505723
507480
507494
509918
511171
511861
512248
512509
513265
514685
514860
515187
516327
516567
517560
517758
518233
519334
519688
520414
520596
521765
521773
523617
526403
526586
529223
529282
532781
532879
533869
536431
537306
537421
538688
539744
540361
541276
542328
542463
543149
543598
544441
544667
544898
544925
545249
546070
547545
547744
548369
548391
549409
549543
550321
550345
550903
551498
557509
558046
558127
559733
560755
560762
561539
561943
562321
562438
562533
563375
563511
563519
564070
564139
564280
566373
566752
567535
569391
570246
570715
570947
571092
572069
572644
573542
573649
573880
574633
576626
576848
577467
579672
579906
581106
581644
581665
582427
582642
584429
584562
584728
585180
585206
585957
586432
586471
587265
587573
587844
588281
588897
589753
589769
589791
591402
592008
592511
592751
593816
594021
594338
594647
595674
596039
596560
597035
597136
597466
598910
599657
600122
600605
601319
601819
601828
602750
602817
603117
603460
604299
605382
605492
606603
608148
610331
610384
610651
610791
610861
612024
612712
612907
613468
613490
615530
615866
616482
616994
617070
618329
618581
618697
618734
620055
620811
621003
621355
621586
622165
622216
622792
623546
624066
624336
625539
625614
626529
627532
627917
628004
628486
630257
630298
630373
631168
631937
632196
632305
632542
632577
633656
634579
636547
637771
638091
638504
638958
639731
640044
640181
640205
640675
641676
643141
644887
645162
645828
646400
647245
647737
649323
649450
649758
650120
650419
650464
650622
650787
651110
651382
651570
652738
653814
654281
654875
656060
657780
658954
659762
659788
660109
661787
662315
663913
664134
664527
665471
666802
667514
667608
668162
668327
668600
669613
670094
670238
670866
671516
672714
673144
673536
673876
673958
675876
675987
676179
676817
678176
678551
678678
679308
680007
680203
681832
681910
682321
682713
682852
683291
684925
685300
685434
685882
686649
686842
687139
687935
687941
688018
688243
688891
689091
689963
690024
690505
690518
690531
691623
692252
692477
693696
693859
694053
694328
694897
696092
696209
696648
696900
697798
697990
698333
699542
699655
700834
701923
702521
702771
703130
704839
705818
706166
706204
707051
707384
707597
708351
708626
710191
710479
710714
711778
711972
712371
712744
714899
715542
716151
716757
716857
717108
717702
717826
717955
718179
719493
720783
721021
721121
722408
723361
723570
723916
725048
726308
726677
727206
727629
727998
728021
728640
728721
728920
728984
729114
729625
730850
731049
733032
735082
735660
736038
736164
737774
738958
739037
739493
740362
741378
741747
741752
742366
742609
742748
742758
743160
743331
743458
743654
743689
743793
744083
744314
746170
746762
746995
747220
747390
749689
749961
750104
751193
752601
752931
753206
753663
754123
755256
755845
756868
758012
761968
763092
763810
764868
765092
765895
766844
767215
767361
767697
768767
769845
770255
770571
770640
771371
771692
771774
773573
775320
775573
776322
777737
778548
778966
779141
779493
779845
780427
780717
781744
782172
782968
786484
788271
788506
788959
789362
789528
789655
790485
791404
791535
792066
793225
794751
795107
796285
797656
798050
798052
799024
800258
800659
801368
801716
801774
801782
801988
802074
802336
805033
805778
805900
806342
806406
807027
807908
808095
808713
809468
809877
810920
811706
811893
812025
812140
812619
814362
814460
814640
815083
816596
818343
819098
819752
819759
820027
820456
821933
822092
822918
823064
823344
823523
824337
827071
827083
827618
829093
829559
830046
831950
833025
833672
834887
835221
836603
836765
838513
840584
841180
844252
844473
844975
845064
846230
847176
847260
848024
849121
849570
850575
852229
852331
852336
852578
852979
854000
858095
859061
859686
861635
862009
865793
866175
867060
867264
867302
867353
867527
868936
868983
869152
869372
870618
871419
872104
880803
880820
880887
881057
881217
881340
881512
881615
881941
881948
882250
882279
882479
882495
882549
882583
883108
883280
883367
883402
883468
883823
884148
884149
884246
884320
884510
884697
884725
884737
884827
884838
885302
886043
889890
890368
891029
892334
893628
893634
895096
895429
895719
897347
897481
897498
897515
898253
898436
898998
901334
901538
901648
902148
902545
903430
904166
904639
904724
904776
905370
906203
906711
910595
910976
911319
911465
911761
912159
912383
914380
914822
914854
915392
916364
916399
916451
916474
916553
916626
917792
918971
920046
920486
920641
921910
922592
923126
923294
923739
924451
924782
926000
926629
927785
927880
928193
928907
928973
929017
929572
930191
930499
930956
931223
931587
931948
931977
932380
932405
932550
932575
932762
932860
933578
933742
933749
933819
933847
933914
933936
933956
934164
934195
934325
934334
934337
934341
934575
934861
934877
935325
935779
935908
935911
936244
936606
937393
937694
937801
937849
938041
938307
938954
939733
939826
939861
941248
942444
944567
944794
944995
944998
945965
946404
946535
946646
949991
950828
951524
951811
952373
953375
953393
953494
954202
954303
954369
955138
955294
955359
956646
957853
959451
959564
960368
960611
961077
961188
961427
961771
961853
962103
962691
963103
963999
964343
965118
965260
968594
968656
970323
970603
970904
971118
972180
972558
973227
973282
973379
973412
974152
975363
975736
975765
976255
976796
977246
978083
978481
978487
979612
980283
980429
980621
983110
984247
984370
984413
986144
986647
988004
988893
989327
990030
991401
991576
992095
992539
993367
994393
994845
995575
995595
996062
996276
996334
996431
997390
997564
997684
997697
998553
999680
999750
1000318
1000320
1000370
1000775
1000931
1001202
1001575
1001986
1002056
1002121
1002931
1003642
1005107
1005159
1007865
1008288
1008376
1008623
1008875
1009261
1011992
1012293
1012353
1012681
1013030
1014787
1015142
1017545
1018956
1019425
1023350
1025457
1025804
1027071
1027203
1027702
1028079
1028459
1030364
1031089
1031476
1031541
1031887
1032398
1033248
1033280
1033419
1033744
1033974
1034766
1035848
1036179
1036969
1037342
1037392
1037601
1038364
1040695
1040894
1043480
1044763
1044962
1046314
1046781
1046950
1050203
1051720
1051789
1052126
1054345
1056051
1056383
1058774
1060008
1060742
1061276
1061517
1061672
1062153
1062872
1066549
1067136
1069885
1071985
1072136
1072535
1073016
1073281
1073597
1073951
1074091
1075104
1077189
1077446
1077961
1078739
1079196
1080508
1080630
1080985
1082303
1083321
1085087
1085825
1086020
1091705
1091725
1092006
1092373
1093800
1094624
1095850
1096741
1097437
1097981
1098191
1099227
1101020
1101202
1103361
1104197
1105285
1105289
1107095
1107677
1108044
1108274
1108514
1108660
1110269
1110637
1110671
1111315
1112361
1112724
1115721
1115799
1116593
1116686
1116801
1119117
1119779
1121787
1121894
1123658
1124657
1124745
1124800
1125864
1129138
1130236
1130343
1131829
1132783
1132943
1133191
1133192
1134090
1135274
1135576
1135688
1136599
1136628
1137405
1137916
1137962
1138353
1138798
1140520
1140765
1141978
1143045
1143124
1144421
1144522
1144769
1144771
1145812
1146376
1146517
1147087
1147812
1147935
1147976
1148749
1149510
1151673
1151979
1152191
1154067
1156711
1157220
1157756
1157912
1158072
1160580
1161340
1164008
1164329
1165249
1165307
1166152
1166577
1168067
1168240
1168294
1168513
1168569
1168849
1169251
1169947
1170965
1172963
1174286
1175380
1175737
1175892
1176138
1177165
1177204
1179687
1180802
1181390
1181443
1182428
1182915
1183281
1183887
1184125
1184696
1184869
1185776
1186477
1188376
1188910
1189128
1189381
1190383
1192769
1193188
1193497
1193748
1195651
1195900
1196243
1196661
1198489
1199585
1199598
1199638
1199799
1199991
1203881
1204832
1204997
1205745
1205945
1207264
1207320
1208199
1209700
1210014
1210241
1210554
1211809
1212339
1212467
1212561
1212615
1212886
1213083
1213561
1213615
1213810
1214545
1217076
1218141
1219130
1220670
1222306
1222942
1223584
1228820
1229566
1229646
1231642
1233201
1234121
1234169
1235799
1238152
1238910
1240942
1243693
1246058
1246741
1247048
1247820
1248202
1248918
1249773
1251563
1253331
1253727
1254072
1254279
1254514
1254637
1254653
1254686
1255097
1255310
1255333
1255736
1256203
1256256
1256841
1257343
1258347
1258356
1258480
1258930
1258950
1259096
1259172
1259523
1259830
1259861
1261293
1261542
1262796
1263524
1264556
1264701
1264733
1265546
1265688
1265924
1266005
1267489
1267697
1269782
1270053
1270827
1272174
1272182
1272636
1273696
1273778
1274353
1274385
1274462
1274570
1275687
1275980
1276786
1277756
1278382
1280563
1280662
1281605
1281888
1281969
1282099
1282620
1283006
1283111
1283299
1284385
1284420
1284496
1284744
1286694
1288571
1290277
1293501
1294761
1295819
1295956
1296618
1296749
1297881
1298184
1299933
1300390
1301530
1303246
1303762
1303916
1304255
1304422
1304476
1305009
1305735
1306141
1306344
1306357
1306527
1307789
1308995
1309138
1312720
1312796
1313156
1313509
1314575
1314824
1314834
1315036
1315687
1315852
1316339
1316403
1316853
1317080
1318087
1320123
1320380
1321207
1321650
1330548
1331410
1331604
1332826
1334486
1335054
1336454
1337707
1340080
1340289
1340555
1340696
1341662
1341785
1343822
1344159
1344260
1346972
1348552
1348900
1353522
1360626
1361454
1363645
1363877
1364674
1365155
1365470
1366132
1368911
1369844
1369950
1370507
1370559
1370690
1371066
1372644
1374604
1376539
1377291
1378139
1379108
1379487
1381323
1382033
1382283
1383334
1383817
1384884
1385812
1387211
1388805
1389452
1390000
1390028
1390132
1390647
1391715
1391906
1392501
1392792
1393049
1393459
1393890
1394769
1395097
1396020
1396030
1396158
1396683
1396688
1396731
1396835
1396921
1397211
1397576
1397720
1398161
1398325
1398382
1398609
1398673
1398865
1399853
1400033
1400168
1400269
1400483
1400496
1401406
1402914
1403405
1404656
1405014
1405417
1405543
1406032
1406718
1406802
1408793
1409425
1410733
1411712
1414374
1414745
1416259
1418437
1418464
1420240
1420559
1420654
1421637
1421701
1424001
1425133
1426320
1426505
1428566
1428903
1429949
1433224
1433631
1434883
1436805
1437297
1441914
1442511
1442963
1443047
1443175
1443849
1444088
1444791
1444908
1445147
1445676
1445704
1446444
1446541
1447913
1448280
1448397
1449140
1449185
1450194
1450308
1450824
1451192
1451328
1451497
1451877
1451931
1452390
1452495
1452612
1453773
1453799
1453823
1454732
1454736
1455430
1458814
1460500
1461330
1462788
1463034
1464275
1464473
1464506
1464816
1466130
1466412
1466936
1467173
1467235
1470358
1471483
1474732
1476477
1476656
1476976
1479622
1479676
1480358
1480404
1480541
1481852
1482214
1482988
1483843
1483977
1484394
1484416
1484982
1484984
1485730
1486980
1487177
1487291
1487429
1487792
1487953
1488377
1488662
1489231
1489341
1490487
1492535
1495063
1495358
1495498
1495555
1495685
1495914
1497734
1498770
1500656
1502719
1504640
1505786
1506348
1511397
1512743
1513384
1514623
1515372
1516133
1525290
1526044
1527499
1529253
1534362
1534710
1534848
1535020
1536351
1538794
1540099
1540423
1541165
1541351
1542632
1542767
1543937
1544137
1545361
1545488
1546266
1546591
1547257
1547817
1548371
1548479
1548536
1548802
1549198
1550621
1551590
1552328
1552941
1553520
1554250
1554878
1554939
1555738
1556619
1557188
1558847
1559426
1561482
1561561
1561840
1563907
1564888
1565757
1568726
1570167
1571030
1572489
1574910
1575430
1575590
1575935
1576261
1576768
1577695
1577969
1578001
1579614
1580026
1580035
1580164
1580411
1580568
1583284
1587286
1587608
1589796
1590239
1591248
1591312
1591619
1591760
1591813
1592081
1592316
1592631
1594193
1594437
1595880
1595940
1596627
1597138
1598013
1598136
1598213
1598602
1599182
1599332
1599587
1599760
1599999
1600016
1600965
1601082
1601552
1601675
1601782
1601859
1604453
1608567
1609389
1610622
1611433
1614477
1614702
1616367
1617280
1617291
1618983
1620853
1622941
1624097
1628996
1633543
1633705
1634011
1635897
1638322
1639155
1642761
1643215
1643340
1644128
1646783
1650057
1653915
1654130
1655533
1656772
1658486
1658885
1659392
1660135
1660177
1660737
1661536
1662824
1663376
1664063
1666414
1668832
1670466
1671498
1673095
1673391
1673701
1673821
1674219
1674297
1674985
1676244
1677490
1679185
1679971
1680307
1680551
1680815
1681055
1681884
1682120
1682572
1682760
1683542
1684319
1684394
1686289
1687996
1688473
1688919
1689459
1689535
1689865
1692477
1693035
1693090
1694116
1697122
1697661
1698523
1700381
1700938
1701633
1701685
1704717
1705526
1705572
1707345
1708041
1709273
1712576
1713360
1713433
1715599
1715800
1717017
1717064
1717601
1720998
1721720
1722437
1723117
1724053
1725226
1725452
1725805
1726209
1727802
1727875
1729243
1729318
1729752
1729896
1729946
1730626
1731307
1731900
1732710
1734506
1734887
1735005
1735093
1736981
1739598
1740704
1741465
1743274
1744452
1744714
1744849
1746093
1746109
1746715
1747456
1747655
1748338
1748756
1749130
1749286
1750138
1750679
1750982
1751119
1751397
1751596
1751685
1751831
1752122
1752520
1753875
1754034
1754260
1754699
1754726
1755516
1755713
1756027
1756040
1756189
1756473
1757749
1758046
1758325
1758449
1760427
1761643
1761861
1762769
1764020
1764145
1764420
1765006
1765165
1766196
1766364
1766845
1766856
1768458
1768765
1768984
1769467
1770516
1771393
1771868
1772713
1773949
1775106
1778165
1780093
1782497
1784216
1786488
1787210
1787326
1787951
1788087
1788238
1788543
1789994
1790068
1790185
1790812
1791205
1791220
1791533
1792487
1792584
1793729
1794727
1796481
1796506
1796721
1797571
1797816
1798159
1799015
1799018
1799072
1799073
1799362
1801048
1801562
1801758
1806040
1806466
1806660
1807778
1809180
1809370
1809412
1810996
1811038
1811207
1811596
1812091
1812463
1812632
1812713
1814511
1815812
1815988
1816177
1816964
1817266
1817830
1818471
1818499
1819337
1819529
1819835
1820015
1821208
1821267
1821278
1821837
1821892
1821986
1822138
1822324
1822807
1823334
1823401
1823984
1825266
1825531
1825612
1825944
1826084
1827010
1827252
1827712
1828326
1828904
1830154
1830585
1832545
1832884
1832999
1833117
1834050
1834886
1834922
1835565
1836358
1836448
1836668
1837637
1840120
1840547
1841537
1841667
1841689
1841850
1841878
1842438
1843580
1843796
1843966
1845695
1845794
1845919
1847803
1847877
1848479
1848524
1849165
1849728
1849782
1849843
1849897
1850039
1850140
1854781
1854995
1855257
1855573
1857848
1859201
1859267
1864650
1865164
1865208
1865631
1865843
1866533
1869305
1870513
1870983
1871438
1871536
1871545
1874083
1874160
1875221
1875702
1877136
1877259
1878557
1879981
1879986
1880883
1881163
1882061
1882160
1883018
1883345
1884771
1885145
1885423
1887573
1888114
1889421
1890895
1891289
1891498
1893073
1894011
1894559
1894639
1897549
1897673
1897726
1900479
1904537
1905142
1907486
1907729
1909370
1910134
1910771
1911601
1912178
1916440
1917187
1917596
1917643
1918759
1919210
1920075
1920622
1920878
1921493
1922352
1922797
1923012
1923065
1923278
1924090
1924212
1924634
1924986
1927443
1928125
1928424
1929587
1929895
1930810
1931533
1932292
1932360
1932701
1934302
1935157
1935412
1940901
1941516
1944733
1945338
1945727
1946486
1946652
1947256
1949248
1951336
1952098
1952709
1952717
1953007
1953581
1954366
1955385
1957116
1957224
1957864
1958150
1960160
1960279
1960837
1961060
1961949
1963562
1963733
1965219
1966138
1968649
1969905
1970530
1970555
1971227
1971271
1971890
1974640
1975310
1976843
1977370
1979096
1979136
1979531
1980879
1981034
1981477
1982175
1983368
1983710
1984300
1985423
1986917
1989124
1990547
1990968
1991375
1991649
1992234
1993271
1995121
1996470
1997113
1997190
1997736
1997774
1998677
1999087
2000880
2002488
2002968
2003590
2003850
2005748
2005845
2006710
2007975
2008909
2009991
2010215
2012040
2012490
2012582
2015171
2015538
2015660
2018600
2018602
2018713
2019670
2019987
2020392
2020656
2020875
2022265
2022381
2025841
2026140
2026364
2026473
2027196
2027830
2028757
2029089
2029139
2029406
2030280
2031377
2031960
2032760
2035568
2037756
2037976
2037988
2038187
2038440
2038936
2039478
2040593
2041667
2041773
2043011
2044504
2044559
2044597
2044856
2045069
2045117
2045286
2045335
2045339
2045587
2047253
2047575
2047747
2051162
2052236
2052798
2052837
2053011
2054763
2056607
2057583
2057663
2057908
2058379
2058549
2058963
2059678
2059688
2060959
2061069
2061642
2062759
2063123
2063322
2063982
2064055
2064373
2066354
2066399
2067171
2067690
2068315
2069936
2072208
2072965
2073132
2073896
2074005
2076298
2077142
2080476
2081407
2082679
2086906
2087882
2088000
2088485
2088680
2089468
2089711
2090306
2091515
2093115
2094914
2095730
2095841
2095954
2097138
2098236
2098495
2098658
2100609
2102646
2102695
2105084
2108616
2108953
2109552
2110547
2111958
2112977
2113149
2114050
2115092
2115514
2115688
2116059
2116273
2118486
2120256
2120606
2121129
2121570
2122329
2122575
2123371
2124766
2126052
2126066
2127064
2127639
2131980
2132322
2133265
2133903
2134589
2134707
2135312
2137468
2140984
2141174
2148237
2149097
2149220
2151620
2152382
2152639
2153058
2156465
2156697
2157042
2157473
2160267
2162283
2162633
2162798
2164064
2164216
2165351
2168488
2168599
2168651
2168998
2169398
2169970
2170149
2170972
2171067
2173415
2173493
2174503
2177050
2184258
2184605
2185749
2186418
2186515
2186906
2186950
2187166
2187244
2187914
2188239
2188608
2191458
2192013
2193066
2194542
2194618
2195007
2195753
2195958
2196243
2196303
2196449
2196861
2197541
2197605
2199191
2199944
2202075
2203056
2205931
2206088
2206627
2208034
2208322
2208676
2209437
2209655
2209769
2210029
2210284
2211749
2211751
2213204
2213389
2214476
2217113
2217592
2218145
2218562
2218627
2220257
2222117
2223167
2224551
2224568
2226449
2228507
2228703
2230601
2232306
2233592
2233634
2233710
2234166
2234470
2234549
2235312
2235345
2238794
2244098
2244143
2245807
2246601
2248669
2249234
2250105
2250203
2250273
2250669
2252601
2253168
2253637
2253710
2254769
2255016
2255874
2256009
2256527
2259186
2260907
2263768
2265176
2265732
2269247
2270063
2270112
2270968
2273396
2274488
2274822
2277741
2278654
2283361
2283601
2285369
2285941
2287238
2288624
2290643
2291745
2293408
2294126
2295343
2296016
2296548
2296727
2296941
2296975
2297062
2297634
2297734
2298173
2298342
2299725
2299919
2300120
2302424
2303242
2304183
2305013
2305936
2306845
2308910
2310231
2313261
2315575
2316584
2317570
2317620
2318973
2319310
2319317
2322553
2323665
2326483
2326532
2326620
2327516
2328192
2329171
2329568
2330538
2333060
2333494
2333587
2334644
2337272
2338411
2339249
2339949
2342159
2342789
2344194
2346010
2346899
2347147
2348881
2349827
2350299
2352882
2353126
2353885
2354555
2355676
2357709
2358632
2360485
2361948
2362475
2363023
2363034
2367099
2368000
2370094
2370597
2370907
2374922
2375359
2376811
2378116
2379211
2379562
2380595
2380656
2380996
2382240
2382838
2382918
2383870
2383925
2385560
2387566
2388346
2388562
2389276
2392158
2392958
2394392
2394489
2397106
2397451
2397640
2399530
2399602
2400717
2400813
2400917
2401017
2401167
2401520
2401760
2402977
2403144
2403490
2404696
2405376
2405665
2405996
2406828
2408858
2409207
2409535
2409806
2410025
2410070
2410589
2411091
2411545
2411833
2412905
2413220
2413239
2414176
2416349
2418361
2422968
2424092
2424246
2427099
2427234
2427367
2428040
2428653
2430000
2430331
2430942
2431291
2431303
2431859
2433036
2433346
2434413
2437344
2439344
2439465
2441285
2442982
2448299
2448495
2448501
2449133
2449778
2449923
2450022
2450822
2450850
2451613
2452613
2452636
2454048
2455102
2455998
2456835
2456891
2458482
2459628
2459964
2462057
2464276
2466402
2468139
2468305
2468733
2469366
2469402
2470159
2470960
2472537
2473551
2474184
2474691
2475264
2475876
2477379
2477663
2478137
2479494
2481550
2482259
2482612
2484821
2484863
2484946
2488611
2488936
2489134
2489163
2489188
2490204
2491375
2491895
2491973
2492123
2492410
2492679
2495356
2495416
2495574
2497574
2498177
2498450
2501334
2503338
2505867
2507024
2507399
2507927
2510208
2510592
2510907
2511084
2512344
2513947
2514621
2516449
2516896
2517777
2518953
2519565
2520206
2520932
2521975
2523046
2523116
2523954
2524416
2527290
2528356
2530013
2530223
2531019
2531414
2531497
2531670
2531675
2531701
2531765
2531900
2532402
2533013
2533834
2534314
2534358
2535427
2535785
2536777
2536969
2539488
2539593
2541090
2543463
2544984
2545133
2546549
2547116
2547495
2547916
2548834
2552988
2555236
2557490
2558039
2558777
2559336
2560041
2560657
2561168
2562901
2563104
2563337
2566794
2569752
2570514
2571195
2571538
2571769
2572643
2574738
2574869
2575525
2575658
2576181
2576441
2576543
2576867
2577159
2578358
2578963
2582425
2584255
2586604
2586644
2586909
2587470
2587704
2588577
2588650
2588801
2589676
2591049
2591364
2592183
2592830
2592842
2592960
2594103
2595813
2596934
2597301
2598144
2598354
2598489
2598805
2599012
2600155
2600481
2601931
2602274
2603037
2603826
2605840
2606940
2609404
2610730
2611269
2613654
2614802
2616385
2616970
2618973
2621473
2622944
2623001
2623375
2624107
2624419
2624595
2625425
2626621
2626840
2627153
2627345
2627422
2627941
2628568
2629237
2632793
2634222
2634561
2635910
2636681
2637098
2638083
2638831
2639072
2639308
2640296
2640530
2641144
2641302
2643702
2646029
2646092
2646337
2646665
2649022
2649205
2650749
2654890
2654970
2655116
2655910
2657989
2658016
2658559
2658568
2658614
2660206
2661034
2663489
2666842
2669654
2670151
2675993
2676969
2679513
2685433
2685449
2686756
2687377
2687863
2688081
2689762
2691817
2692466
2697060
2697827
2700891
2702286
2705694
2710410
2714033
2714372
2714827
2717479
2723919
2724188
2726405
2726438
2728662
2729097
2730930
2731941
2735581
2736418
2736730
2737071
2743282
2746170
2748004
2748088
2751275
2759296
2760483
2762033
2762264
2762611
2763297
2763593
2764230
2767435
2767566
2770082
2771572
2775790
2775983
2777801
2778120
2778230
2780944
2781780
2787325
2787605
2787818
2789703
2789781
2790783
2791665
2792104
2792276
2792436
2793856
2793882
2794917
2794950
2796396
2801669
2802997
2803888
2804394
2805232
2806913
2807373
2808108
2808612
2809715
2809748
2809881
2809898
2814220
2814498
2815778
2816315
2817221
2818550
2821686
2821961
2823451
2826079
2826104
2827249
2833568
2834141
2834788
2834989
2835026
2835779
2836513
2837400
2838502
2840701
2842972
2845234
2847853
2848814
2849824
2850928
2851191
2851981
2852651
2853681
2853762
2854032
2854458
2855115
2862699
2863034
2863343
2864675
2864841
2864987
2867286
2868473
2869128
2869394
2870162
2872137
2874820
2875856
2876525
2877619
2879632
2880522
2881459
2882204
2882274
2882496
2882523
2884136
2887401
2888544
2888686
2891339
2891742
2894547
2896303
2896511
2897281
2897494
2897832
2897981
2898919
2899875
2900171
2900570
2901291
2901421
2902362
2902404
2902771
2902802
2903655
2904304
2905304
2905649
2907297
2907776
2910868
2913322
2914209
2918191
2920390
2921768
2922560
2924883
2926629
2927121
2928056
2930549
2930749
2936279
2938640
2939147
2940331
2940780
2941152
2941516
2942385
2942951
2944415
2944541
2947472
2947712
2947996
2949490
2949985
2950308
2950898
2951063
2955700
2956811
2957221
2958904
2959916
2960286
2960295
2960803
2962431
2966818
2967667
2968306
2970023
2970444
2971626
2971775
2972128
2974021
2974234
2975671
2976975
2977693
2978309
2980816
2981090
2983851
2985582
2987024
2988239
2992143
2995258
2995929
2997217
2997406
2998275
2999427
3003706
3003914
3006432
3007844
3008569
3008627
3009552
3009718
3011128
3011150
3011380
3011545
3012017
3013542
3013547
3016472
3016524
3016610
3016661
3017042
3021796
3022232
3022270
3026156
3027900
3027957
3029573
3030777
3031017
3031138
3031508
3032333
3033045
3033693
3035542
3039311
3040281
3040445
3040950
3041790
3041966
3043199
3044285
3046829
3046897
3048217
3048230
3048473
3049490
3049744
3050749
3050972
3052337
3052815
3052900
3054261
3056595
3058291
3058915
3060766
3064535
3064877
3065069
3065092
3068678
3069895
3070632
3072417
3074297
3074947
3079394
3081237
3082121
3084995
3085269
3091162
3091932
3092736
3093671
3095323
3096829
3097443
3098099
3101179
3102375
3102551
3103531
3106645
3107327
3107408
3109654
3112218
3112460
3114891
3116413
3117021
3119278
3120628
3121699
3122863
3123131
3123413
3124099
3124438
3125290
3126722
3127667
3128553
3129847
3130182
3132849
3133011
3134261
3134371
3134541
3135618
3135858
3136500
3138724
3139662
3139995
3142969
3143352
3144672
3144761
3144900
3145033
3145437
3145547
3148103
3148226
3148794
3149337
3151340
3152132
3152519
3154230
3154382
3155537
3156091
3156346
3156468
3156612
3159306
3160772
3160922
3161524
3163423
3165529
3165756
3165790
3166656
3167109
3167521
3171660
3173237
3173444
3174402
3174431
3175047
3175224
3176958
3177100
3177151
3177369
3179158
3179415
3181191
3181402
3183441
3183593
3183679
3184802
3187435
3187494
3189155
3192665
3199961
3204588
3206587
3209231
3210307
3210652
3211959
3212056
3213449
3213769
3217369
3220547
3221020
3221624
3222021
3223649
3224924
3225261
3225500
3228317
3228551
3230313
3230748
3231231
3231537
3232718
3233597
3236389
3236559
3236607
3238789
3239968
3240895
3243099
3243918
3245335
3246227
3250296
3252014
3253983
3255318
3256423
3256609
3256627
3257397
3258747
3259543
3260144
3260262
3262938
3264994
3267591
3271151
3271552
3271670
3272060
3273954
3275614
3276488
3280441
3281517
3286010
3288373
3288562
3292911
3293501
3293624
3295243
3295782
3295841
3296600
3297697
3299082
3300515
3303185
3303589
3303742
3304049
3304752
3307020
3308482
3309943
3311681
3311913
3314503
3314872
3315259
3315454
3316132
3316306
3319434
3319863
3324590
3325023
3325514
3328481
3328582
3331695
3331791
3333022
3334202
3335987
3336318
3336456
3337539
3339732
3339812
3341823
3342872
3344057
3345749
3347188
3352365
3353365
3353727
3353739
3353841
3356178
3357121
3358049
3358536
3358639
3358933
3359748
3364311
3366000
3367859
3368637
3370457
3370753
3370788
3371919
3372119
3372421
3374267
3374282
3376214
3377884
3378354
3378751
3379151
3379209
3380109
3381966
3385849
3387802
3390104
3390205
3392490
3392642
3394088
3398540
3399185
3399367
3399391
3399816
3400305
3400825
3403307
3405705
3405928
3406692
3408218
3408331
3408535
3409629
3410775
3410978
3411434
3412976
3413077
3415457
3416566
3417996
3419685
3424269
3425113
3426166
3432683
3437085
3439431
3442370
3446513
3449326
3450862
3451239
3452221
3452847
3453241
3453561
3454339
3454430
3454481
3454993
3455256
3456984
3458395
3458694
3458799
3460356
3464255
3467550
3467821
3468595
3469049
3472830
3475919
3475926
3479397
3481820
3482687
3483664
3486605
3488241
3489780
3490389
3491221
3493152
3494775
3495481
3495779
3496589
3496742
3498318
3502297
3504450
3504745
3504801
3505651
3505657
3507507
3508828
3510975
3511234
3512832
3515705
3515840
3518351
3520648
3521304
3523384
3523704
3523748
3525531
3528151
3528920
3531173
3531314
3532019
3532139
3533889
3533982
3534473
3535489
3536724
3537358
3538120
3538616
3539555
3540229
3540760
3541291
3541730
3544163
3547045
3551759
3552373
3552550
3552566
3555818
3557305
3557979
3560551
3561775
3564381
3566232
3566986
3567961
3568024
3568330
3569881
3570559
3571602
3572744
3572944
3576046
3578160
3579264
3581094
3582137
3583276
3584198
3585797
3589593
3591668
3591884
3596250
3597593
3597649
3598161
3598616
3600081
3602246
3605448
3615336
3616535
3617052
3617063
3618631
3618868
3619360
3621069
3621988
3622504
3623166
3623226
3626464
3627521
3628867
3628883
3634221
3636678
3638352
3638365
3639820
3643570
3644230
3651834
3652228
3652561
3653144
3653279
3653660
3653786
3654355
3655931
3658789
3659920
3670103
3670497
3671121
3671165
3672395
3673866
3674112
3675279
3679712
3680489
3681679
3682533
3687665
3687788
3688049
3688872
3692893
3693537
3693722
3695028
3695704
3697692
3708732
3709184
3709903
3714264
3718058
3719367
3719613
3720967
3723703
3723966
3728508
3731676
3734690
3734985
3738211
3740569
3741144
3742083
3743617
3746156
3746664
3750138
3750696
3755176
3756455
3758517
3759537
3759566
3760692
3762133
3762163
3762239
3762310
3763912
3764493
3764830
3768069
3768581
3771077
3771672
3771758
3771861
3772362
3773260
3773914
3774813
3775318
3776208
3776298
3777819
3779168
3779343
3781023
3782459
3786880
3791220
3792496
3795035
3797294
3798726
3801979
3802116
3803339
3803669
3804014
3805237
3806506
3807225
3809416
3809544
3813573
3815977
3820455
3821811
3822299
3824279
3829229
3831049
3835169
3837132
3837962
3841711
3845752
3846703
3847143
3847173
3849063
3856388
3856561
3858150
3859092
3861411
3862604
3864736
3867695
3868318
3870522
3878262
3879216
3880220
3880647
3881861
3882147
3883921
3883962
3886321
3887342
3887349
3888127
3890354
3893993
3896740
3905112
3905713
3906535
3906577
3906602
3909422
3911397
3911652
3915518
3921689
3922124
3923328
3924074
3928195
3928233
3934812
3935679
3935935
3942115
3942980
3944516
3950996
3952041
3954637
3954995
3955178
3956263
3956712
3959501
3960891
3966956
3973937
3974162
3974790
3977464
3978212
3983578
3984765
3985998
3988082
3993188
3996727
3998884
4000853
4002013
4005445
4007336
4009910
4014519
4015120
4015594
4016091
4016893
4018040
4018940
4019393
4021904
4022778
4022904
4025511
4028491
4029016
4035182
4036353
4038314
4039074
4046491
4051963
4052035
4058983
4060342
4068034
4082346
4088976
4090158
4092287
4093023
4094186
4100769
4105070
4106522
4111054
4117238
4117353
4118892
4121342
4123399
4189499
4191693
4192862
4194877
4199483
4201681
4219327
4226678
4227230
4227361
4229148
4234302
4247448
4250988
4252798
4258635
4259815
4260938
4261259
4268110
4272360
4282853
4283255
4284042
4284272
4284514
4285279
4285369
4285880
4287562
4289605
4290108
4294231
4294548
4295485
4298595
4299997
4303068
4306601
4311285
4312819
4313562
4314080
4317167
4335020
4335755
4342122
4350405
4370493
4380471
4386537
4392911
4393454
4393542
4394105
4396354
4397338
4397582
4398828
4398998
4401285
4402228
4403015
4403762
4405020
4408512
4411676
4414653
4423150
4425498
4427786
4429209
4430161
4431326
4432447
4432477
4432830
4432863
4440613
4441120
4445007
4445326
4445539
4445643
4446734
4447499
4454729
4457396
4457406
4460495
4460980
4461676
4463050
4464354
4464733
4465705
4465945
4470583
4472435
4472445
4477042
4478238
4479096
4484428
4485666
4485909
4486063
4488905
4492294
4493634
4495510
4508044
4511105
4512008
4512290
4513173
4517753
4518273
4518474
4521310
4522804
4524451
4524835
4526730
4526933
4527484
4530538
4531170
4534548
4536322
4561367
4564577
4566556
4571529
4576640
4577858
4578575
4588340
4590515
4595202
4598893
4599806
4615593
4620175
4625031
4628585
4629034
4636568
4636770
4636961
4637284
4637396
4638330
4641287
4641334
4642993
4647102
4647317
4647593
4649468
4652163
4656077
4657381
4662790
4662831
4664056
4664689
4667754
4669847
4672754
4673156
4674036
4674791
4683433
4684926
4685679
4688082
4688091
4689431
4691728
4692187
4699074
4700549
4705452
4713520
4714565
4714779
4723821
4727146
4734557
4736448
4737436
4739863
4742952
4744154
4745093
4747648
4751905
4753759
4754284
4756351
4759889
4760301
4761660
4763416
4764498
4764635
4765961
4767186
4769890
4772833
4774380
4778491
4782947
4784138
4825651
4846759
4847453
4851448
4858965
4867007
4877772
4878946
4878948
4879949
4880649
4885377
4886883
4889234
4889849
4892538
4899940
4901131
4908280
4908990
4909245
4923893
4927155
4935434
4940933
4943130
4945094
4956718
4960742
4963457
4966336
4974217
4975508
4976558
4990070
4996886
4998169
4998195
5005735
5008427
5013485
5013489
5015780
5022299
5029385
5030759
5031831
5031835
5033353
5034171
5036134
5036772
5038239
5047195
5063257
5065553
5066134
5066883
5071993
5073068
5073196
5073254
5076451
5078774
5080854
5081441
5081680
5090030
5092713
5093460
5100988
5102135
5108207
5109879
5110173
5112317
5114180
5122077
5128204
5130354
5134748
5136774
5147461
5152308
5157747
5163168
5163595
5165695
5204083
5213633
5233290
5236691
5265381
5266181
5299296
5300037
5322782
5331049
5333953
5337099
5348466
5377578
5391461
5392417
5406946
5416162
5428414
5430757
5440435
5448181
5450056
5452158
5452479
5452716
5453022
5454389
5454841
5455087
5457126
5459296
5466618
5468810
5469800
5476061
5480638
5482172
5502615
5509815
5525666
5526376
5528548
5548771
5555720
5560134
5568732
5569226
5584709
5604556
5604928
5638378
5639543
5647279
5664029
5665155
5669242
5681868
5683609
5684269
5684977
5687748
5689421
5696059
5702790
5705567
5711111
5715420
5720743
5722620
5725467
5729018
5735210
5743688
5744387
5746343
5752042
5754791
5755031
5756591
5758246
5765465
5766764
5767035
5773158
5774782
5776763
5780912
5796976
5800698
5805061
5806257
5826960
5845212
5845415
5858990
5865114
5865325
5895448
5905254
5930336
5939530
5939763
5945169
5945639
5945688
5948481
5948905
5953169
5956066
5965303
5972228
5978673
5982061
5982231
5982526
5984668
5998356
6012658
6014631
6021205
6068309
6072228
6072455
6075751
6075959
6077335
6077531
6081556
6084320
6090231
6091709
6094128
6095483
6097888
6100216
6103298
6108710
6110635
6119922
6120876
6121240
6123450
6125181
6128477
6130284
6135160
6135973
6146990
6147232
6153268
6156821
6163343
6165195
6174757
6176582
6178183
6181370
6181828
6182518
6185163
6187773
6189708
6192568
6192898
6199822
6202536
6204745
6210719
6218025
6223169
6223711
6224385
6225549
6226214
6226849
6227606
6232880
6233736
6235348
6236976
6237453
6241001
6241947
6248614
6250272
6255181
6259018
6260220
6260451
6260656
6261559
6263186
6268465
6277682
6286137
6295826
6298127
6323420
6323547
6325840
6331114
6334324
6337052
6337660
6344218
6352964
6359426
6366726
6374616
6379786
6384372
6389182
6395374
6400033
6405347
6406546
6407571
6412928
6415672
6423698
6425042
6425430
6427748
6431196
6431248
6439484
6444482
6450051
6457280
6457916
6459781
6462278
6463188
6464983
6467831
6474853
6477875
6481524
6482468
6499410
6501296
6502436
6505086
6505372
6512971
6514452
6521880
6529843
6536953
6540548
6543958
6546405
6552352
6553372
6553394
6553506
6554291
6554601
6555793
6555859
6562800
6565644
6566706
6568460
6568865
6577639
6581220
6587479
6588102
6591627
6598695
6602456
6610724
6611279
6611638
6614630
6619390
6621375
6621904
6625009
6635375
6640579
6645025
6650147
6651500
6656406
6664156
6666078
6669208
6673823
6676472
6685198
6689291
6690391
6693307
6699837
6704754
6704967
6705145
6713299
6718695
6719000
6727679
6728880
6730821
6733381
6735071
6735634
6735710
6739601
6743972
6744634
6751444
6752715
6757037
6758476
6761026
6762161
6766015
6770548
6771521
6781604
6794328
6796624
6797582
6801392
6802742
6805817
6809423
6809582
6813159
6816927
6817578
6822320
6823048
6829845
6833365
6833725
6843928
6854377
6856141
6858926
6868459
6877374
6881505
6884417
6889752
6896772
6901508
6906536
6911848
6914809
6918536
6920867
6921344
6925841
6926487
6929038
6929685
6932147
6952420
6953277
6953282
6953430
6954252
6968716
6970441
6972017
6972308
6973386
6976739
6984345
6990731
6993694
6997295
7003162
7008551
7009281
7012227
7019083
7019531
7019878
7024840
7038229
7038574
7038632
7045095
7045283
7047558
7054759
7056389
7059006
7062099
7065075
7069156
7077707
7090280
7099170
7104193
7125464
7125719
7127403
7127971
7132763
7146260
7161336
7167440
7177346
7177481
7177576
7180670
7215195
7224060
7227226
7229087
7230632
7235356
7244734
7255498
7257104
7264499
7276815
7283458
7284697
7291185
7292786
7300712
7306655
7309057
7311794
7318274
7319244
7321101
7326317
7329914
7333118
7344464
7348609
7376101
7379614
7384459
7384747
7387610
7398436
7399458
7403907
7406960
7407768
7409233
7415597
7416927
7419426
7427123
7427859
7440625
7441168
7442222
7456062
7459156
7467136
7470893
7471969
7473325
7482265
7489015
7504719
7504772
7513378
7515666
7517604
7530137
7533485
7541109
7542649
7545148
7545537
7548403
7553272
7553569
7560997
7561623
7561825
7564218
7565136
7566507
7566569
7568143
7575321
7580396
7585955
7595141
7602024
7626104
7631542
7631897
7634005
7636585
7640422
7651187
7651628
7653401
7659811
7674909
7683156
7684711
7684917
7694532
7695560
7697701
7705592
7708202
7716255
7719705
7722985
7725113
7733777
7739272
7753060
7753611
7754818
7762154
7769201
7770769
7777428
7794281
7796548
7803955
7804594
7809150
7815263
7819727
7828952
7831356
7831526
7837482
7842210
7856611
7858452
7890218
7895858
7900194
7902542
7902981
7922996
7924516
7929214
7935376
7938293
7939671
7942399
7951945
7954512
7958268
7979429
7985108
7990720
8009234
8016444
8028865
8037300
8037783
8041078
8045525
8057219
8057427
8069452
8072047
8080144
8083030
8083859
8086238
8095085
8121850
8131877
8144214
8146830
8153587
8168370
8169462
8171384
8188164
8200634
8205497
8208114
8232146
8242331
8244972
8266029
8270606
8270910
8277073
8277148
8285465
8294432
8296861
8300306
8314411
8315703
8315928
8326595
8331099
8331462
8333267
8338365
8340505
8355153
8357377
8364106
8364845
8366445
8368376
8370850
8382474
8383347
8390394
8391409
8391415
8393917
8402108
8420432
8428041
8429122
8435829
8439451
8442487
8447522
8448410
8454417
8458095
8470786
8473318
8491692
8492587
8494864
8500923
8504766
8510994
8523870
8533306
8540601
8547379
8553292
8574836
8584971
8591038
8592775
8619953
8621834
8635446
8643534
8646156
8659493
8670941
8683230
8686119
8686867
8701077
8704819
8706953
8713503
8714962
8716723
8717163
8740557
8740834
8744017
8751659
8755785
8762766
8765162
8765215
8765720
8766095
8773529
8779656
8796216
8801970
8814091
8816265
8824569
8829935
8832044
8832154
8855251
8856062
8888217
8892695
8932121
8962948
8987704
8988534
8996970
9028971
9034309
9043458
9050413
9066676
9069835
9069895
9076546
9089952
9095786
9123612
9125158
9126965
9131616
9158537
9164645
9176790
9182495
9189860
9189898
9198970
9206504
9208322
9209525
9215617
9224485
9225659
9228047
9246534
9248753
9288036
9289339
9289494
9298129
9299546
9299632
9316137
9316308
9327694
9334077
9334967
9335619
9336456
9344479
9348347
9350095
9353991
9358187
9375142
9379101
9409097
9410100
9417124
9429526
9434050
9449320
9498229
9521484
9529503
9532934
9533542
9548063
9550958
9570681
9571077
9572376
9579951
9581747
9600129
9600781
9627465
9628948
9637869
9642406
9669925
9673672
9693918
9710239
9716505
9717416
9724271
9741138
9744252
9770990
9772840
9776754
9782388
9832009
9901863
9973621
10001517
10003345
10004446
10007047
10007390
10008183
10010357
10012780
10019873
10031610
10036029
10059224
10063651
10076613
10101819
10103699
10111903
10116338
10117324
10127078
10133500
10165464
10173348
10174418
10180160
10185090
10202104
10202536
10205208
10223178
10227045
10234105
10235891
10240477
10241789
10243143
10264244
10273177
10286472
10298027
10306427
10318507
10323189
10332158
10340285
10343402
10351912
10357642
10361372
10364720
10401563
10406241
10418132
10419888
10439956
10447844
10448544
10450969
10469999
10488825
10510925
10515865
10518208
10529489
10539415
10574370
10579121
10588082
10588858
10605280
10609018
10616501
10622336
10625549
10627724
10632989
10633855
10637577
10640524
10647847
10660283
10666012
10674515
10695822
10696701
10697148
10701401
10707988
10712470
10714032
10732555
10740288
10748799
10780125
10790897
10792787
10794051
10796381
10833022
10836166
10845171
10846263
10855113
10857039
10858912
10878857
10894838
10914872
10932599
10940399
10944627
10959940
10971072
10982332
10985873
10989289
10989526
10997484
11005856
11006373
11008484
11011200
11020088
11020814
11032367
11057162
11059112
11059587
11060004
11092497
11109175
11124236
11129313
11131197
11131509
11143065
11143619
11145963
11168743
11175449
11191570
11192936
11193004
11209264
11214921
11218588
11219982
11234155
11248979
11268273
11277546
11291598
11295813
11297229
11298229
11301738
11316042
11324389
11326912
11345121
11354864
11357561
11386170
11392211
11420471
11425764
11428566
11437264
11504408
11511943
11526551
11557349
11570542
11570857
11579662
11588176
11588729
11598383
11609333
11615908
11619695
11635648
11635728
11660826
11671946
11702071
11703412
11707825
11754631
11790907
11794572
11799110
11815579
11817528
11820139
11825117
11844283
11855067
11857530
11866428
11869174
11871133
11876179
11882722
11899530
11900675
11909926
11909976
11920914
11922671
11925243
11925935
11962528
11973787
11975547
11981470
11989357
11997239
12010414
12010982
12022644
12023415
12024535
12060918
12065817
12094373
12096944
12113245
12125180
12131165
12150528
12170543
12182441
12185959
12196784
12196950
12197782
12224243
12224892
12226634
12240967
12262306
12276245
12282840
12288380
12293879
12295784
12297063
12312305
12332993
12338068
12356962
12363292
12374543
12399741
12401561
12413376
12425631
12428664
12452787
12455822
12468008
12469640
12473282
12490189
12492086
12493290
12506812
12516279
12516857
12518658
12519738
12524158
12525768
12544311
12545028
12562134
12602576
12614767
12619107
12641037
12655522
12659001
12673672
12677584
12691703
12694814
12785817
12787936
12790663
12793246
12803122
12830070
12835534
13094254
13110623
13117578
13163682
13187945
13202326
13230319
13230424
13234372
13253240
13275917
13281549
13281767
13282206
13290603
13311000
13319322
13320814
13326394
13359020
13362662
13366487
13382949
13386192
13394668
13403144
13453008
13461069
13520981
13595019
13600515
13623604
13623971
13649859
13656265
13670026
13674645
13679373
13684405
13684918
13689015
13829742
13896279
13934954
13947229
14124813
14195290
14296390
14348578
14370796
14408749
14423863
14557055
14754317
14782818
14783051
14923334
15006530
15068837
15490171
15888810
16573630
16702429
17620904
17690892
18278809
18311915
18585192
19006341
19074411
19255019
19272548
19433119
19442585
19463780
19731880
19738754
19748785
20510303
20911423
21217950
21406793
21595061
21595328
22168247
22754399
22909488
22918773
22927941
22958520
23150866
23235514
23339549
23474514
23600708
23892517
23907120
24010094
24286711
24290144
24310270
24513376
24583955
24620835
24656064
24674825
25438146
25854349
26239866
26331047
26608326
26817178
26950140
26974016
27349489
27814323
27817458
27959173
28167669
28175228
28208851
28824837
29060964
29215775
30008211
30367339
30368570
30370455
30375025
30378231
30385576
30391474
30412517
30419495
30440186
30452746
30490754
30494344
30497793
30501809
30513628
30531152
30544486
30568668
30581946
30596704
30611443
30645694
30646729
30658586
30681049
30699894
30709874
30711331
30719881
30720241
30722218
30747896
30776278
30780815
30790222
30837050
30838253
30842322
30855098
30867737
30869796
30891667
30894321
30929456
30933163
30952163
30957586
30958726
30962743
30994700
30999563
31008945
31016121
31050633
31057324
31083625
31113807
31133706
31147753
31157952
31194479
31213409
31213438
31219402
31221288
31247659
31265712
31287289
31294820
31302376
31308075
31332449
31365995
31369935
31390508
31404507
31446568
31456295
31461647
31462218
31463616
31528911
31545380
31547806
31558424
31559338
31570095
31574277
31584051
31592797
31616392
31657637
31672829
31683203
31683349
31725713
31738451
31803599
31817936
31866195
31876024
31889154
31907725
31914954
31919744
31938850
31974427
31979039
31979607
32004446
32008637
32054137
32061294
32075806
32081200
32084654
32094282
32129614
32161544
32170937
32170987
32176014
32196835
32211776
32217732
32220447
32239028
32262089
32354519
32379693
32379975
32414652
32416185
32465404
32473804
32477719
32487022
32491118
32502751
32505347
32507654
32514747
32555887
32556387
32582904
32584473
32585382
32610839
32620312
32622813
32687019
32692333
32752193
32774582
32851917
32861792
32876835
32880212
32886091
32946565
32981730
32981945
32993890
32997672
33020012
33033370
33056574
33202063
33210469
33238461
33247642
33254251
33266144
33275460
33279901
33290170
33304575
33379607
33391765
33444691
33548954
33564442
33572290
33576547
33585715
33612699
33624284
33639712
33670068
33689894
33735732
33775810
33858015
33956701
33973445
34031698
34047553
34061441
34081780
34098590
34106893
34120463
34131244
34137289
34139342
34228058
34245550
34308630
34316351
34352284
34367078
34379135
34409060
34422906
34450111
34455193
34482182
34539059
34580726
34609919
34612573
34647706
34737599
34757350
34797370
34807332
34807567
34808994
34810589
34850557
34866200
34874512
34918311
34959886
34972694
35057500
35067127
35069938
35075357
35094605
35106927
35163918
35204057
35245115
35247648
35411900
35421144
35435646
35437857
35451090
35461802
35482377
35502402
35523527
35540279
35585815
35649457
35677660
35684919
35689048
35704433
35718214
35799829
35868905
35871335
35923667
35929168
35964902
35966367
36002627
36006750
36032307
36038998
36044592
36048292
36069417
36116084
36162287
36182197
36185928
36203854
36232133
36248297
36250544
36304317
36318445
36383968
36524366
36573844
36596681
36600469
36630878
36639229
36717153
36748365
36774125
36777423
36853823
36946968
36956892
36963269
36983844
37077646
37108745
37176254
37218787
37243377
37266091
37364207
37369198
37389401
37395385
37439703
37455488
37456583
37524432
37567584
37592025
37632211
37753124
37755489
37760515
37764452
37793037
37834959
37853565
37882280
37898693
37924725
37947217
38046951
38055573
38089808
38143922
38168902
38202886
38207603
38232694
38243272
38306889
38335868
38426719
38429552
38486944
38494476
38523873
38525671
38644396
38648065
38664984
38719978
38757500
38841020
38946637
38951425
38954901
39042172
39044877
39064808
39071599
39109436
39127772
39150554
39186377
39228058
39229495
39358790
39408020
39446106
39562922
39582031
39595709
39643472
39647793
39688274
39756017
39783174
39794411
39805822
39821712
39859513
39889681
39892794
39905406
39959669
40038043
40152410
40205620
40253783
40316660
40340672
40431082
40465057
40523462
40654859
40683977
40731773
40745140
40768605
40776968
40858937
40926719
41037231
41051407
41076399
41076408
41097596
41098901
41102521
41114949
41156824
41276649
41294893
41315230
41357442
41421472
41486196
41566849
41614916
41787321
41795249
41930204
41941303
42162134
42175419
42213038
42242219
42274992
42303914
42326895
42404717
42476710
42549338
42621539
42655445
43020035
43040654
43066224
43189636
43235464
43333302
43456976
43500033
43530558
43788616
43813858
43965719
44157807
44188392
44293397
44349880
44350594
44397734
44407758
44656042
44701677
44921934
45041997
45077696
45158550
45272176
45277844
45372270
45441874
45566939
46081519
46215762
46250253
46425057
46430459
46434254
46462675
46607354
46636062
46710898
47407578
47770772
48054086
48124821
48388301
48515517
48521369
48587747
48730399
48790748
48812209
48937803
48939650
49005458
49010457
49040301
49056035
49182756
49201596
49618797
49715257
50052853
50053639
50153967
50154229
50154230
50154274
50220354
50290372
50719166
50798087
50801496
51706558
51714576
51720103
51762345
51766856
51775244
51867594
51869870
51886068
51900233
51993129
52134595
52139102
52146110
52479029
52489821
52991989
53505580
54457828
54516302
55201079
55704429
55737541
56345944
56523578
57080491
57403742
57867892
57916076
58641941
59014337
59278465
59799511
60483817
60505643
60677074
61229058
61391372
67616342
2354
4454
8568
31021
43026
65721
73933
79534
97189
159235
179971
232771
254753
304108
335431
381934
674829
713352
1319933
1376928
1451964
1537204
2653364
2999811
3462143
3873923
3884641
4245787
5965674
7200970
10661658
18442678
33854591
34593580
35155449
36193779
1953
4450
5536
9078
16547
19393
23085
23330
29997
31048
35745
37632
63367
87144
92174
92546
93920
109374
116598
148432
409464
1680970
1769053
4664641
5805052
8922150
8522
16742
33217
40789
53820
137367
1705391
1957185
6345057
175217
6247700
11507780
216
1732
1977
1990
2050
2415
2466
2738
2764
3083
3297
3623
3699
4456
5032
5096
5413
5728
5856
6090
6389
6711
6995
7140
7155
7586
8203
8260
8533
8961
9886
10090
10104
10118
10633
10867
11223
11458
11660
11712
11956
12103
12164
12377
12520
13052
13167
13485
13740
13795
14439
14668
14701
14849
14876
14984
15007
15091
15959
16688
16731
17654
17802
17965
18030
18382
18570
19407
19657
19700
20180
20418
20693
21528
22190
22635
22808
23333
24012
24202
24305
25447
25568
25756
26503
26657
27007
28690
28943
28958
29289
29504
30012
32455
32664
32681
33992
34727
35012
35273
35421
36780
37262
37858
38380
38681
38782
40406
41139
42383
43148
45647
45848
47090
47108
47268
48101
48207
48787
50425
50934
52218
52995
53266
55153
57483
59523
60860
60909
61528
62430
63407
63580
65117
66074
66106
66196
67148
67550
67784
68729
69747
69879
70559
71506
71581
71926
72004
72372
72577
73181
73915
74134
74399
74479
76532
77189
78510
78933
78951
79015
79085
79881
79888
80584
81678
81730
81984
83534
84029
84570
86370
88212
90476
91627
92271
92338
93062
93892
96074
96182
97956
98096
100854
101377
101454
102363
102779
104082
105207
106316
106718
106800
108477
112315
112745
115714
118056
119014
121925
127867
128977
129949
131384
133556
135346
135638
135804
136567
136802
137134
137267
137278
137991
138152
138308
145010
149041
153227
153359
154842
155411
155608
156522
156686
156859
162302
163478
165431
166004
167378
168890
169363
177836
181050
187747
188838
192300
194009
195891
197357
198818
198898
202201
204659
206403
208403
213255
214572
220156
223236
235044
236240
239747
252670
257326
257392
262804
266386
268099
268443
270654
271224
286125
300747
300750
303470
303479
306234
314392
316644
323855
325133
325364
325365
341561
346144
347463
348780
353497
359532
365311
385412
409924
421933
425022
425896
431460
434485
436299
450224
468547
476845
498703
517877
539651
556992
567877
572129
581191
582730
597229
609026
621903
683457
687376
718349
723968
733928
782599
785213
785324
808046
819599
822324
827805
832341
834355
846286
856863
857362
862896
864921
868483
927536
934586
935909
944273
950994
982239
1003089
1061973
1150046
1167074
1197059
1201184
1213012
1219066
1221854
1254656
1263717
1282500
1297344
1351073
1364773
1377916
1393595
1393609
1404952
1453918
1454809
1462465
1465156
1488553
1503204
1539584
1562020
1601148
1654185
1688243
1711148
1821415
1827437
1831921
1840606
1843937
1855468
1861691
1876877
1944627
1979811
1983920
1999533
2033430
2043908
2064423
2074351
2150059
2196792
2249170
2263353
2311955
2331595
2373277
2375391
2380468
2396394
2410942
2522543
2553111
2576709
2617281
2625225
2656273
2767345
2907003
2941877
2952155
2978159
2981618
3160880
3280246
3288389
3308559
3321657
3391005
3517188
3570544
3620964
3650804
3677347
3754573
3822086
4259935
4469435
4488621
4667158
4739635
5058095
6073773
6189343
6246428
6269880
6801385
6833853
6934103
7482008
8052757
8250941
8815985
9046501
9368082
9568377
9629294
10003464
10257743
10277045
10879746
11990822
30576450
31832375
3888
3972
4763
4958
6446
7615
7874
8252
9071
9136
10690
11740
13101
16017
17755
17948
18906
20784
20837
24079
25599
27414
29531
29561
29733
31015
31140
34745
35635
41777
42076
44210
48091
50483
61826
62744
63569
67293
71445
73021
76408
80561
83404
85682
90210
90972
100046
106773
110214
110225
111246
113017
129577
130428
130614
139623
146413
158306
164501
165387
166984
167495
212503
223331
249088
290822
298688
313912
323236
342853
469000
598282
731065
731740
824143
852994
937547
1127753
1179266
1398559
1601827
1869470
1918749
1964831
2237327
2378612
2637184
3392590
3862779
4298079
4694594
4970641
6536347
6656054
6675824
6778079
6846776
6892729
7284434
7486482
7634308
8288608
8931534
10004639
11332042
13348009
21438561
32064631
32746150
856
9364
23557
26900
50240
548063
272
439
733
2710
2711
2847
3129
3131
3257
3300
3701
3932
4344
4431
4669
4764
5141
5195
5893
6143
6157
6483
7654
8032
8075
8427
11520
11942
11967
11995
12862
13038
13060
13679
14637
14880
17757
18021
18153
18871
19565
20332
20377
21441
21895
24183
24456
24720
25303
25650
28380
29147
29980
30324
30602
31873
32030
32803
33642
34219
34239
34566
34809
34967
35740
37973
39767
40342
43078
43777
44329
44367
46159
46895
47556
48222
48239
49393
49899
54808
55139
55709
56438
60078
60777
63493
66178
67568
68072
68502
69261
72457
73409
74788
74984
76738
77766
78329
79391
79816
81499
82757
84023
84031
84053
84075
88355
88819
91288
92411
92504
93209
93220
96171
96398
97028
97059
98832
99544
101906
102778
104702
106122
107216
110187
114206
124142
128899
132607
134898
136392
138175
140597
142794
143132
143223
151414
154562
154877
155773
156099
156298
157147
159191
160336
160520
162484
162659
162753
163262
163409
166978
166983
167518
173170
175392
177673
178030
178590
179806
183352
186768
192956
218128
225662
227168
235242
244753
251740
256478
273352
295120
317683
320905
328026
333377
336241
347264
352649
411451
412115
468021
483864
503284
522144
541601
603446
690244
697136
702483
718185
728645
785431
806502
886051
896608
906569
909600
914029
914695
914882
928116
935348
963679
1000107
1003006
1044657
1087353
1097027
1114531
1150356
1185487
1188754
1211359
1258955
1270415
1288579
1309621
1309652
1378161
1380615
1398894
1465304
1504262
1578681
1589612
1625774
1693924
1696361
1752353
1753529
1781961
1795170
1823987
1842875
1857881
1909016
1929353
1958172
1973397
2000821
2049266
2079547
2102394
2104687
2124682
2126238
2140655
2165701
2209368
2209721
2230182
2231539
2322164
2334173
2378984
2412078
2446949
2510849
2532800
2556082
2597190
2599787
2606131
2626727
2653198
2717127
2809576
2823475
2848877
2899520
2906930
2943915
2978294
2999444
3074554
3097292
3100063
3115304
3133221
3175037
3179543
3292364
3317240
3360753
3384303
3394746
3415852
3462469
3607316
3616098
3696020
3767338
3821007
3928234
4008534
4225725
4244914
4308843
4426562
4547721
4556675
4602961
4634351
4714419
4723940
4974971
5040496
5054012
5065827
5066594
5088488
5110637
5122872
5198392
5256103
5345196
5502897
5618739
5665479
5669192
5757390
5767493
5832427
6103287
6186633
6187181
6233533
6294276
6309547
6432258
6523687
6548704
6561451
6651787
6691526
6737046
6934801
7008654
7011161
7034866
7161838
7201713
7210090
7269758
7471274
7480319
7481713
7507840
7512292
7569087
7694278
7790383
8008071
8027207
8041406
8070335
8070930
8232110
8234577
8254652
8313438
8393287
8396689
8551543
8619001
8631315
8741085
8803471
8847836
8924587
9050000
9204262
9232281
9272813
9326810
9329381
9389087
9430958
9505239
9522157
9691779
10004291
10152114
10167396
10203779
10258086
10344696
10546273
10766686
10951127
11034150
11035643
11160707
11179529
11281589
11416543
11564042
11593858
11743122
11774609
11793442
12027909
12061291
12076129
12153077
12183328
12241850
12246909
12323984
12380491
12463235
12508849
12669321
12726347
12839836
13145846
13245541
13352407
13748099
13944802
14465413
17156363
23945271
26998170
28155112
28385472
30582490
30789850
31037188
31087696
31146850
31398684
32410172
32490145
32509939
32642744
32867543
32987563
33000132
33255287
33313498
34379421
34879858
35147470
35436184
35543486
36461992
37062764
38172659
38291170
39687199
41411629
41688098
43549595
43665122
44790489
46168829
47217761
48585094
51755135
56492824
62964805
153005
198611
722545
32762855
402
405
412
427
454
476
494
512
516
517
539
547
579
596
601
8644
17396
18567
29981
34042
53613
115080
115338
123869
125213
137748
162936
186803
447753
731842
1192531
1387729
1421520
1606283
1735881
1769953
2136046
2179720
2298153
2587158
2887917
3163955
3778496
3978165
11359129
13957236
35167104
40560136
47107
47424
136706
206182
392235
905985
1904354
1971231
3768461
3998053
5900589
9493573
15030
537
1241
2631
2815
2819
2903
3384
3492
3543
6211
6787
6883
11189
13452
14119
14268
16104
16647
20160
25139
25263
29480
31161
31416
35910
41293
41765
45558
46687
49075
52569
55010
56454
63353
66170
71728
73385
73509
73542
73558
82391
83168
87314
93656
94118
94516
98181
98205
99796
101122
102033
104352
108347
109083
110865
111203
111717
112492
113497
114517
124869
130680
131466
132700
142125
143184
144309
146468
147247
154792
157349
158679
163536
166973
169413
169654
170415
174105
175061
178243
178474
179056
180526
183258
192726
192849
196238
197337
199220
201004
201628
202341
202461
207515
209933
213122
217037
220134
239583
245282
250066
266652
270406
271628
273951
273958
276604
276839
281338
287053
292076
297768
300548
302257
316459
324814
334284
339104
351396
357349
357577
363634
394122
403555
407634
411720
412346
427398
429177
436199
437759
439722
454988
497756
504493
510050
534337
557015
565264
587899
595937
599075
602639
618720
625125
626205
628394
635352
686533
702920
703302
715662
731307
766317
767423
773124
783743
803930
806245
814443
818480
849410
864889
881630
887428
920877
929442
931747
934487
944140
949988
965488
983615
998521
1000329
1018730
1039252
1094472
1113004
1120207
1130790
1163650
1169953
1172257
1181151
1199747
1201355
1232037
1251581
1259117
1271177
1282836
1283837
1296207
1311356
1313087
1316646
1318052
1337567
1383890
1387203
1397066
1401134
1402284
1426867
1448254
1476903
1477944
1481821
1485403
1489451
1496310
1505097
1537074
1594820
1596625
1599113
1626776
1628391
1631644
1646895
1685838
1686569
1696587
1706142
1706559
1711180
1717087
1730740
1730847
1734376
1740211
1778501
1779788
1785716
1786777
1791621
1792868
1811777
1819910
1823377
1834577
1839170
1844191
1859022
1869190
1881094
1891645
1904562
1915976
1924910
1950987
1963483
1966004
1972551
1974146
1976008
1991745
2010515
2033737
2057010
2071362
2088658
2091391
2094984
2100146
2107747
2111915
2128986
2159958
2160087
2168598
2190383
2207496
2207772
2215575
2220603
2273356
2293718
2314247
2319183
2322813
2327017
2359157
2364934
2367659
2371139
2372178
2375371
2377780
2405716
2456084
2460557
2500534
2505838
2546480
2549291
2554228
2571849
2576763
2581650
2588584
2638433
2639224
2642085
2659188
2688627
2691292
2711065
2715867
2744363
2772648
2774827
2812525
2816294
2849056
2872594
2876229
2881083
2889899
2899953
2903741
2909857
2967547
2980616
2983875
2992492
2999957
3006337
3021445
3032264
3036762
3048989
3050490
3067618
3082761
3098514
3112822
3150543
3160696
3166030
3189691
3189853
3213489
3218016
3224538
3226162
3240025
3246640
3275170
3275910
3276970
3305191
3305729
3313862
3386683
3390447
3426819
3431761
3440757
3444864
3447097
3453032
3463459
3523729
3529411
3532686
3534238
3543347
3550765
3562223
3578045
3586234
3593197
3640448
3674964
3676726
3681379
3683888
3697455
3724826
3741133
3769470
3777220
3796435
3798840
3815874
3818416
3818783
3824108
3830092
3841395
3856438
3874175
3887255
3888105
3930058
3974501
3985978
4021711
4092442
4114818
4117307
4195486
4227598
4289045
4289650
4305498
4308222
4391449
4409220
4410555
4438709
4447167
4477911
4512291
4513774
4521191
4576806
4577016
4592519
4595168
4645541
4660094
4673689
4684657
4735776
4781423
4857721
4865129
4898499
4912271
4924151
4948638
5017069
5047750
5072818
5073648
5101270
5105215
5120184
5372765
5386173
5466435
5539162
5593635
5646672
5730120
5730799
5762212
5809464
5816172
5823840
5831849
5859052
5870616
5929019
5952255
5955934
5956489
5963918
5975704
5993937
5997354
6001574
6020206
6071871
6077213
6097372
6097741
6108002
6109483
6162485
6166256
6169217
6178279
6181063
6221161
6230303
6233917
6258288
6258569
6350093
6350983
6399644
6403957
6457116
6458305
6476578
6494980
6495359
6521271
6525522
6532581
6533687
6539531
6576341
6580171
6592711
6613750
6613960
6614625
6624252
6645727
6662399
6750250
6759507
6766815
6796293
6811057
6840043
6855759
6861310
6870625
6880702
6889162
6898048
6901482
6907416
6920968
6951248
6968388
6973367
7025182
7059037
7069777
7082898
7100749
7101592
7124655
7195806
7209411
7219025
7232379
7235660
7308862
7310687
7324785
7328168
7354856
7355967
7381991
7382885
7463765
7482279
7557799
7562197
7618190
7678939
7689612
7709692
7722756
7734985
7746370
7761659
7833819
7842366
7842481
7864444
7954442
7975895
7979118
8013682
8031440
8051253
8111738
8149976
8189962
8206119
8256780
8277529
8292924
8321539
8331275
8332740
8343194
8357054
8365158
8366491
8388296
8400013
8405355
8450629
8451419
8496859
8526076
8557720
8590605
8610648
8651979
8681361
8686131
8686796
8718591
8742614
8752687
8768969
8776836
8819862
8822133
8840075
8960464
9046877
9062502
9077351
9169275
9187210
9199269
9211940
9221932
9240814
9291341
9298080
9341074
9341979
9346355
9394158
9406444
9449185
9470571
9502919
9550143
9564411
9579876
9583872
9603901
9617387
9621603
9627258
9632197
9708550
9709021
9734795
9735859
9813034
10019144
10021290
10111979
10141005
10206224
10211961
10216130
10342310
10347118
10357808
10361126
10399262
10437736
10529698
10539788
10567257
10569481
10622151
10641708
10642092
10682429
10718129
10727052
10731905
10741839
10814245
10819621
10847841
10872520
10956354
10957428
10987194
11005815
11026202
11028663
11064018
11075959
11129089
11138617
11158878
11285965
11286083
11286647
11368483
11387004
11655451
11737143
11748579
11757429
11823774
11878989
11933926
11950904
11992356
12009220
12034874
12036955
12041318
12064018
12119059
12126528
12139251
12196674
12214748
12279997
12311354
12337279
12358015
12429965
12502587
12517513
12563374
12570464
12619963
12701752
12705699
12707807
13126997
13140194
13152433
13160723
13161840
13186802
13311141
13314047
13315604
13370601
13412025
13445943
13591743
13634417
13656266
13967175
13983345
14033284
14272734
15067343
15987940
16499038
19263941
19270906
21843259
21878301
22142735
22979912
23056211
23878612
24206594
24283384
24286141
24519279
26588644
27898427
30394960
30618664
30650966
30694436
30743039
30748724
30853495
30911416
30945769
30954356
31074960
31255782
31261114
31282858
31297845
31378095
31392651
31559719
31622649
31722731
31743948
31772841
31881144
32047249
32047532
32064904
32120242
32192583
32215158
32216140
32257030
32336418
32407237
32434164
32592815
32696884
32915840
32946118
33046406
33153474
33159818
33233828
33334058
33343784
33447736
33494820
33522231
33579298
33606566
33850617
33933774
34029418
34071221
34105714
34123197
34244912
34313099
34366430
34393697
34440272
34549746
34555964
34880473
34895897
34918599
35051843
35130006
35228105
35271101
35337704
35430462
35710250
35718041
35915910
35985156
36076823
36196700
36238094
36299315
36466698
36482071
36498077
36536858
36792181
36811006
36901637
36919334
37111983
37188742
37453302
37630329
37663363
37688540
37871077
37898842
37906190
38050885
38067321
38162908
38198675
38213122
38251407
38269524
38373380
38794179
39100103
39258018
39285193
39303078
39628118
39976807
40011143
40105268
40137479
40191925
40230073
40966469
41019836
41098744
41696194
42053649
42301662
42432534
42503986
42529136
42557326
42954582
43149486
43184624
43377078
43606334
43621687
43771962
43786966
43865471
43930242
44110936
44324548
44335851
44356624
44672681
44770094
46079737
46385198
46811870
47429805
47780330
49645291
49970962
50291979
51725628
51751657
51827283
51840697
51980989
53614207
53760994
55520534
57322550
57979895
61715706
62604940
63988884
857
963
974
995
999
1001
1003
1703
1900
2198
2409
2416
2451
2608
2615
2717
2808
2829
2907
2954
2976
3005
3080
3111
3231
3273
3279
3329
3448
3587
3664
3683
4361
4400
4489
4494
4501
4551
4569
4923
5110
5631
5825
6400
6495
6679
6925
6928
7050
7122
7170
7200
7264
7323
7538
8259
8648
8858
8874
8952
9092
9103
9139
9141
9333
9930
9961
10009
10042
10044
10058
10126
11608
12777
12869
13151
13165
13166
13271
13395
14284
14986
15296
16184
17267
17597
17613
17715
17732
17857
17903
17962
17992
18037
18076
18159
18263
18329
18564
18635
19026
20220
21324
22575
23272
24180
25984
26541
26545
26682
27385
27553
27579
27721
29194
29672
29704
30550
30786
31799
33174
33647
33778
34369
34389
34723
35136
35239
36468
36560
36590
37498
37729
37873
37898
38187
41603
43144
46782
47185
48068
48633
50715
55137
57411
59515
59924
60012
60576
61178
61544
61915
62544
63463
63558
65110
66641
68124
69005
69848
70598
70623
70947
71562
73701
74905
80130
80533
83145
85309
86186
86925
88234
88454
88474
90529
91159
92314
93147
93241
94569
95103
97449
98809
99883
101151
102699
104459
106354
106441
106628
110072
113206
114941
115401
115537
115562
116784
117488
120977
123820
123956
126282
127229
128462
128588
133408
136815
137239
138881
143208
144671
148395
151384
157023
159799
167349
168456
168777
175383
175697
180955
184562
187425
195902
197585
199029
203695
219230
219754
222162
238009
251281
264184
273820
278044
283796
306258
310992
319206
320525
320715
322663
328978
329236
337025
338604
339271
339372
349703
367791
378331
379179
428476
438256
438802
463577
569685
619920
624868
665567
667877
679366
680879
712665
782900
791992
792002
794980
825792
884214
884916
907042
919869
934395
934534
954964
957837
965161
977893
986743
990586
1016403
1031937
1040506
1098502
1152919
1248755
1279378
1295402
1348742
1356183
1394523
1397638
1432510
1546775
1557296
1592064
1770694
1775460
1856952
1868549
1976294
1990919
1998106
2023832
2057329
2065372
2119345
2139772
2159798
2219420
2227034
2245467
2246117
2251756
2272000
2288889
2308257
2342163
2389114
2398731
2478391
2493012
2503016
2530684
2575719
2597431
2708792
2920518
3162704
3169628
3202497
3266844
3267705
3369339
3563072
3627644
3634213
3807624
3951735
4289417
4310360
4381951
4382071
4556195
4605698
4686130
4742736
4881866
4883725
4927857
4934374
5015119
6071632
6212112
6505775
6591730
6866213
7348674
7430235
7543266
7577030
8075123
8758941
9528884
9595575
10387852
10625359
10906311
12183094
13311259
13641726
14090453
17030289
31646777
32982466
34119967
43270020
47355665
50077542
771
1044718
7321337
858
859
3429
9224
19758
34373
36616
46248
104427
238146
546884
861899
928965
1257550
1263988
1407169
1508126
1728564
2354030
2615450
3126881
3234761
3255236
6138418
6807217
7222715
7748345
8703488
10183649
10932049
12148657
12259859
12486538
875
38791
134007
187794
368124
707879
770927
820136
1188813
1339790
1733949
2455646
8279518
9770081
11175936
30656130
40509603
46657537
1262075
877
998
1760
2041
2269
2282
2396
2410
3043
3123
4517
4537
5113
5492
5810
6240
6525
7589
7623
7625
7628
7645
7699
7723
7755
7871
7901
7961
8150
8344
8502
9045
9669
10584
11149
11572
11916
12093
12408
13111
13329
14025
14129
14708
14837
16099
16223
16792
16922
17489
17676
17909
18086
18242
18349
18608
18907
18966
19463
19992
20387
20628
20640
20667
22084
23454
24690
24778
25407
25450
27294
27308
27328
27359
27436
28680
28953
29789
29911
30277
31636
31905
33131
36472
36499
36713
38022
40909
42667
44370
46944
47133
47271
47296
47333
47436
47588
47688
48432
48621
49434
49948
52484
52689
53400
55303
57242
61212
63593
63781
63868
65228
65471
65647
65779
67420
69265
69481
70214
71153
73178
74271
76648
77595
79349
80573
80718
83162
86094
86752
87096
89520
90703
98821
98867
99040
99223
99762
101033
101244
101406
101930
103751
106383
107181
108331
108414
109015
111040
113140
113448
113488
118765
119605
121644
122846
123955
124238
125037
125382
126464
127887
128159
128752
129045
130186
131870
137025
139640
148183
149292
149345
149581
150881
155319
155340
158850
159760
160180
160190
161031
161054
162083
164886
165085
169258
169706
169792
171026
171088
175637
177731
177919
181522
184656
184781
187207
189070
189355
191197
202363
205794
209404
212649
219048
227858
233668
238944
242795
249415
257627
263468
267804
268318
284184
290098
290219
291288
294297
294371
297957
300129
301214
304472
307033
309988
310617
314964
317276
318444
319511
323408
325561
325813
338292
355856
359551
367270
367550
390727
405949
407908
414148
415753
429138
436081
436979
464601
472311
478918
495447
498245
520996
553358
563965
573043
575950
588938
600076
607791
616048
619223
633847
674595
705996
714739
715726
723065
723131
735917
746527
749202
769526
780763
805257
815955
836190
882165
892413
907818
917720
923449
937416
938695
952066
977332
977777
987998
1004882
1016793
1018212
1045180
1051761
1057320
1059613
1070911
1123925
1144410
1203324
1214302
1214906
1220273
1257537
1269749
1272331
1294198
1294904
1312139
1330471
1346902
1356076
1419336
1424831
1471482
1579975
1588691
1683433
1709986
1728044
1728643
1730543
1743600
1755960
1785397
1790234
1792360
1793435
1826417
1827140
1827199
1828172
1844033
1845015
1871511
1882800
1901992
1908391
1912926
1984228
1997283
2010266
2012429
2066620
2091504
2113367
2126256
2180475
2188912
2201933
2208912
2238515
2285678
2314767
2328507
2353413
2355850
2358647
2377116
2386998
2388820
2392939
2411160
2431555
2468936
2494701
2536554
2555142
2557978
2563170
2567638
2569066
2578756
2581308
2592615
2632825
2642740
2661897
2686287
2697327
2807558
2813913
2821298
2840532
2879551
2927477
2929431
2932538
2960364
2970509
3009353
3017435
3036108
3040875
3082567
3144566
3162932
3173406
3249585
3250081
3277687
3293244
3309077
3314358
3350780
3360662
3362675
3378364
3394775
3406822
3475942
3499438
3505588
3529471
3539134
3542733
3552202
3635928
3645681
3659754
3696713
3707068
3714138
3718382
3756492
3788006
3812828
3845932
3887818
3958639
3986348
4008126
4072636
4076206
4259682
4297721
4310665
4416433
4424143
4466826
4516170
4516964
4608825
4638608
4649605
4659281
4711111
4752881
4976449
4978615
5006683
5020561
5024856
5059966
5063258
5125722
5131248
5283810
5552602
5644280
5651581
5701306
5711463
5935814
5941163
5997662
6110861
6169342
6209469
6266515
6371217
6397234
6453879
6496837
6497526
6514650
6541024
6542586
6554916
6564196
6580639
6609457
6620876
6634833
6640736
6740497
6818105
6919980
6965160
7003813
7101999
7107602
7133600
7175378
7201881
7281651
7283709
7337661
7415375
7424118
7467983
7472229
7473520
7502342
7596462
7697825
7832155
7876276
7898866
7930477
7970609
7984244
8026114
8078183
8080135
8099987
8223457
8277685
8281665
8366159
8373617
8507744
8531612
8658205
8683309
8695528
8707381
8707440
8749132
8762946
8773523
8776160
8787619
9021634
9109714
9120372
9161772
9164987
9171596
9385736
9387123
9408961
9425635
9568910
9572308
9572940
9574628
9578136
9583567
9632363
9638285
9694668
10011519
10025834
10128942
10283593
10346732
10349910
10460597
10579808
10598211
10606645
10646398
10687504
10708560
10731328
10777632
10816460
10972860
11023316
11049579
11068604
11129230
11202146
11361323
11509205
11590075
11599857
11628841
11634818
11711759
11811305
11870035
11890303
12047136
12079351
12152620
12165070
12382508
12386142
12413680
12413818
12539352
12588069
12823411
12826162
13144379
13167023
13172411
13212100
13230864
13294008
13321037
13379029
13507635
13642800
13693613
13985411
14149809
15831183
15920067
27149636
29440586
29602887
30405392
30476252
30602844
30738382
31024411
31076474
31160379
31293588
31310621
31555208
31760353
31911703
32043312
32765768
32838482
32897898
32969342
32980490
33205901
33207215
33285589
33345361
33473118
33645021
33699515
33823356
33833906
34105476
34680922
34719178
34803695
34866770
34922809
35532200
36013968
36549245
36981239
37709232
37940119
38086164
38586960
38649097
39836042
39912596
40316373
40327368
40509575
41816456
42140166
42329973
42988242
44901043
44992117
45197064
45795582
46222586
46803821
46834657
47234778
47738042
48274141
49307545
49634921
52238067
53639692
60579044
67012526
1085
63404
1554946
41576
636821
7626532
26
979
1625
2036
2240
2283
2871
3379
3418
3425
3507
4266
4319
4412
4495
4727
4772
5017
5227
5671
7687
7831
7931
8070
8188
8814
9239
9640
9947
12699
12979
13453
14103
15783
16014
16076
17164
17190
17359
17925
18018
19045
19599
19671
19714
19873
19937
20003
20602
22157
22996
23630
24654
25316
25355
25462
26688
26856
27384
27557
27723
28846
29160
29226
29505
29518
29560
29750
30252
31954
32704
33740
33929
35613
35727
35746
36057
36698
36771
37250
38104
38667
39357
39632
41126
41280
41465
42371
42636
42815
44436
45890
46059
46119
46143
46658
46835
47368
47502
47797
47819
48779
49090
50387
50401
50908
51069
51179
53733
53858
54032
54240
54417
54586
54734
55468
57487
58060
59826
60217
60794
61019
62588
62794
63472
63788
64780
64995
65271
65316
66302
66400
68210
72558
73094
73102
73480
74067
76737
77417
78151
80557
81773
81775
82350
82588
83211
84057
84156
85081
85244
85558
86605
87063
87082
87350
88004
88512
88754
89322
89388
90246
90915
92527
93572
93804
95435
96530
97656
97761
98042
98706
100324
101246
101863
101964
103176
103668
104340
107262
108050
108545
109747
111178
112333
113549
117723
117947
118861
119953
121541
122061
122515
122904
122908
125140
128919
131062
132047
133868
134034
134250
135558
135719
135725
138103
138912
142746
143215
143228
145182
146219
146935
147869
147926
148920
149178
149531
149740
150122
150185
150489
151644
151725
152017
152576
153793
155179
155376
156458
157243
158181
158568
159661
159734
159741
161269
161604
162786
163369
164073
165295
166103
166503
169915
171306
171941
171981
172600
175444
176198
176697
176769
178215
178336
181069
182472
182848
183068
187959
191564
192102
194245
195244
196481
196845
200763
202037
204680
205097
205363
208057
208380
209947
213848
214027
216449
216802
220492
223356
223408
223435
223812
227112
227202
227824
230297
231666
232774
234094
234095
234880
236300
240012
240547
242176
242730
244115
245716
245775
246901
249236
249329
249776
250633
250921
251192
251324
251741
252862
258901
259946
263489
264385
264820
267840
267932
268764
270996
271758
275081
280282
281986
286274
286441
286990
288161
289543
292518
292584
293360
299197
299929
299965
300102
301280
302921
303710
309254
313917
313943
314753
314857
320343
324716
328535
329426
332057
335453
338616
339261
339727
342077
343650
345002
346700
348372
349890
350932
353648
356847
361143
363123
364761
365377
366107
371809
372373
376091
376097
376651
380578
382853
386683
394778
400955
403342
407580
410428
413590
417249
417261
419994
423978
426377
428028
428212
429757
437192
437752
442612
457321
458919
460263
461337
465167
469960
477556
482253
484820
488090
491710
504840
510310
523869
524479
527734
532134
539512
541857
554635
555451
562105
563841
565290
577597
581626
582428
582632
588137
590980
592358
593291
593618
593905
595546
599746
602579
604132
615624
616356
616801
631770
632487
634543
635045
637547
638219
639688
639948
644676
647962
648300
651913
652238
659273
667273
669718
673115
676929
678277
681453
683672
689529
695930
695965
701452
705586
708861
708868
711302
715293
725867
726675
730635
736958
738422
739342
740678
743963
753703
754938
760695
775418
775686
781878
785667
793370
800816
801526
802404
804559
806014
806478
818525
830242
850019
856881
860456
863304
865337
865713
881326
883219
883591
883743
884107
884714
884853
890956
895107
910163
912609
914304
914511
920394
922290
926690
929054
929792
930490
932483
934835
937815
944600
947072
947745
948307
948369
948588
950706
951400
960162
977546
979861
981755
981774
983667
984646
988069
994979
1004083
1004098
1007401
1018177
1019602
1022862
1027799
1032361
1044107
1045230
1054420
1059949
1071826
1071926
1082038
1096828
1108239
1114483
1115245
1119052
1121867
1130692
1143220
1144595
1147059
1149685
1156522
1159700
1168475
1170227
1173183
1182376
1187334
1187703
1187824
1192429
1192726
1195949
1213116
1215799
1236174
1247576
1250310
1262357
1262932
1276798
1282436
1282831
1283475
1283650
1285755
1297892
1304927
1313626
1314868
1322265
1330043
1338962
1344216
1367508
1368948
1369133
1380763
1395010
1395583
1396634
1399806
1406309
1406464
1419055
1423359
1441134
1443838
1445567
1448813
1452255
1456550
1459061
1460799
1462706
1464082
1465996
1468549
1468652
1474202
1474956
1482565
1492148
1493157
1525184
1561190
1573152
1573521
1573551
1576432
1590469
1596129
1598424
1599088
1599642
1601799
1611187
1611882
1632265
1638102
1652974
1663856
1681483
1685813
1686823
1687868
1694790
1700592
1711476
1722235
1728618
1731543
1732146
1734757
1736428
1736766
1746689
1747795
1750102
1751635
1752932
1767610
1768195
1772068
1778958
1789319
1792827
1799593
1805910
1807819
1808961
1815177
1816563
1817195
1826643
1829097
1832819
1842581
1844657
1848200
1848727
1864779
1872708
1897020
1912969
1919253
1919857
1924302
1925927
1928236
1930940
1939530
1940336
1942244
1948365
1954093
1956743
1959313
1973171
1975473
1976191
1982568
1984448
1987954
2008638
2011135
2015626
2022304
2028260
2028717
2034906
2038512
2040000
2040867
2043125
2049304
2057923
2061401
2064159
2076892
2077877
2078013
2080667
2082397
2083511
2089244
2090290
2101071
2103931
2107441
2116174
2125259
2132259
2134658
2143659
2144382
2148484
2155578
2158711
2160118
2168249
2169055
2169464
2178515
2184800
2186965
2209959
2233654
2265591
2285826
2286806
2288360
2290043
2294596
2296883
2300759
2308538
2323759
2334752
2345669
2350384
2361878
2376954
2377108
2377432
2378846
2382671
2384979
2396356
2403494
2403734
2408457
2411042
2440963
2441594
2449217
2458555
2468082
2469157
2495967
2496158
2510174
2515085
2517291
2517945
2525751
2526336
2531854
2534733
2535850
2547553
2553249
2558275
2558912
2565624
2569285
2571119
2572946
2572949
2584107
2588738
2590743
2593486
2595063
2598464
2600178
2603758
2603794
2610533
2623443
2627786
2646200
2646221
2657978
2658580
2675981
2686678
2702668
2710754
2731102
2745062
2745344
2754868
2781338
2789763
2790178
2794564
2799366
2803684
2819497
2824364
2845352
2860541
2897092
2903081
2912508
2918216
2934977
2937156
2939378
2944637
2952562
2965137
2981566
2994651
3004988
3026686
3033445
3041079
3041294
3043395
3051902
3053846
3054782
3058207
3075924
3094925
3115119
3121536
3131822
3135968
3150052
3155314
3159764
3159924
3160765
3165805
3166850
3168824
3175749
3176136
3178927
3181182
3183362
3187426
3192309
3194512
3196503
3209401
3214693
3240046
3245745
3267273
3268233
3313712
3328499
3371978
3377483
3387368
3391214
3391383
3392446
3397072
3400696
3403249
3405347
3407176
3409468
3430249
3436090
3437933
3448121
3470418
3470773
3471228
3480905
3487612
3497843
3502538
3508300
3523468
3536054
3540348
3540962
3542901
3549987
3552779
3563311
3590344
3596954
3598204
3621155
3631471
3632589
3634482
3636288
3639394
3647658
3648108
3665596
3678494
3739937
3743567
3755773
3761499
3763695
3770816
3773734
3775493
3784550
3786167
3801962
3802165
3803575
3809211
3859494
3870384
3895651
3900200
3946178
3953115
3959948
3962265
3985086
3989327
3995976
4012538
4014694
4017951
4021460
4038397
4116292
4260750
4286018
4291948
4341729
4354761
4360017
4401287
4407874
4413389
4445372
4467881
4482961
4529077
4530726
4534805
4556709
4601330
4628762
4664114
4671100
4676311
4690375
4702797
4711348
4716075
4726612
4752563
4756569
4758296
4771856
4774741
4786906
4825539
4855872
4863634
4889968
4901961
4909276
4924287
4964803
4965547
4974179
4983272
4993225
4997417
5009010
5026793
5030873
5048690
5056169
5066693
5069256
5123246
5150364
5353016
5375100
5389648
5433823
5472920
5500908
5542657
5545206
5573381
5621584
5643544
5691015
5694388
5702008
5702274
5704474
5710599
5719612
5745698
5785727
5790101
5816471
5824265
5830434
5868481
5876831
5878895
5902300
5938879
5943692
5995279
6005888
6071198
6102278
6122880
6124050
6127345
6143913
6146533
6151824
6176790
6190100
6195782
6200668
6203391
6205928
6227644
6234438
6240917
6259273
6267378
6272445
6289816
6291169
6291593
6314113
6426094
6462496
6469314
6477840
6478348
6492050
6502075
6534255
6536924
6546212
6599324
6607162
6620287
6632915
6640513
6683654
6746452
6749842
6767928
6774390
6778369
6779816
6819253
6831452
6833755
6836184
6846885
6855048
6901942
6914476
6926009
6966714
6988610
6998545
7026035
7065083
7067376
7109709
7120636
7135135
7150465
7155301
7161638
7179380
7209886
7224599
7228972
7241522
7252937
7261466
7288719
7292979
7305430
7311772
7312050
7312214
7313102
7341662
7408788
7416356
7418312
7456114
7480900
7491109
7535138
7545933
7592776
7597038
7598019
7647738
7650613
7674373
7687737
7721648
7735360
7742921
7794695
7815079
7838145
7841123
7846409
7871130
7875099
7878156
7928735
7948622
7959607
7970920
7973538
8001472
8006960
8007120
8028018
8038633
8121701
8122847
8143036
8146534
8169501
8220281
8224427
8255448
8344101
8362174
8367291
8369248
8375451
8385091
8454235
8471163
8499057
8521010
8534077
8545359
8547851
8577755
8643579
8658448
8688020
8691912
8712243
8713085
8736458
8739974
8809020
8956579
9028921
9030399
9053754
9062773
9155207
9213060
9222500
9246811
9251318
9265753
9283342
9289287
9344325
9349317
9517333
9522515
9523835
9529978
9547617
9574129
9697222
9703865
9761286
9865571
10003347
10008261
10035843
10052030
10111809
10172405
10182850
10219467
10221359
10230544
10236168
10330876
10341680
10375822
10384832
10391226
10394932
10395621
10560495
10603291
10673744
10774978
10846298
10867385
10876044
10925268
10969901
11078673
11108365
11113702
11128544
11145438
11212960
11499101
11521884
11541601
11573140
11654819
11729710
11870390
11912112
11951260
12003044
12022581
12086234
12214859
12251865
12258429
12377683
12673683
13116408
13189197
13258629
13533619
13637640
13693705
13776024
14056752
15264400
18435060
19276960
22112226
23981344
25748257
26276189
30462979
30597611
30624779
30839624
30983851
31146545
31265065
31800572
31929268
31964019
32062309
32402054
32792907
32805906
33160752
33899911
34509019
34780428
35115007
37102654
37617106
38971885
40900435
41242477
42078792
47447168
56420544
56601951
60712413
3164
4067
7485
17792
19747
19794
21314
31889
34456
37844
43157
43168
56878
60969
64763
78293
79116
80327
85129
88856
89456
98328
100094
101789
106176
109260
117973
118386
135762
136625
151435
163492
168113
169004
169582
175520
183353
183514
183541
183872
196856
198837
213173
213229
218359
235596
239363
239464
239506
240539
263103
268280
268502
287523
290715
296707
300730
319841
327076
351655
365859
376041
397350
420454
529180
581501
621342
673810
693834
747771
888123
918927
919109
933722
970419
978516
1006301
1010704
1195826
1196822
1258479
1269245
1284141
1309901
1409062
1410219
1454447
1463789
1481976
1542308
1556039
1559958
1674371
1727950
1762562
1788990
1791468
1908133
1909427
1915297
1928414
1932437
1960052
1970279
2016551
2064429
2070531
2121380
2192787
2225116
2235128
2243682
2288579
2296736
2297401
2306185
2348143
2349202
2356838
2384490
2420356
2426282
2475824
2500126
2532030
2542422
2613198
2688454
2689854
2698255
2737158
2787821
2798141
2809182
2822385
2834882
2846346
2849739
2884867
2974375
3010938
3255862
3262672
3277570
3285280
3339786
3394657
3408397
3410221
3436870
3502173
3518910
3547129
3606324
3669676
3748874
3769283
3773634
3785165
3802317
3853281
3983546
4110961
4138893
4288958
4341515
4388887
4399714
4418876
4443184
4464517
4531317
4537544
4664734
4667003
4686098
4703198
4718775
4747066
4757090
4950070
4972394
5031406
5148215
5540963
5565644
5689019
5728143
5780526
5800954
5807851
6069473
6071981
6170464
6191962
6212164
8978
12031
13206
18623
28616
28654
59280
102592
146077
207682
254488
1723449
4338125
6388572
1450871
1058
1096
1368
3859
6112
18056
18201
33918
34562
41044
67955
71478
86321
88105
179766
552690
757447
1019
1063
1512
1565
1661
1934
2066
2122
2256
2272
2284
2287
2294
2320
2358
2386
2435
2474
2555
2556
2690
2745
2760
2881
3037
3127
3142
3148
3167
3222
3233
3382
3420
3528
3556
3590
3737
3987
4470
4640
4656
4663
4670
4754
4848
4930
5009
5305
5335
5577
6145
6432
6469
6754
6857
6891
7350
7458
7681
7728
7786
7999
8011
8042
8104
8111
8114
8155
8262
8312
8419
8649
8687
8710
8902
8972
8999
9028
9032
9097
9108
9156
9177
9356
9489
9771
9887
9969
10161
10674
10886
10951
10979
11511
11543
11879
11952
11957
11989
12016
12021
12023
12024
12066
12652
13024
13201
13355
13431
13545
13743
13787
14229
14358
14427
14428
14655
14656
14672
14955
15043
15157
15238
15746
15902
15971
16112
16130
16493
17101
17401
17762
17789
17828
17844
17859
17950
17954
17969
18048
18128
18138
18141
18156
18169
18188
18211
18401
18402
18423
18429
18461
18536
18625
18669
18759
18856
19476
19578
19673
19930
19939
19997
20018
20183
20293
20346
20355
20409
20566
20644
20732
20765
20993
21473
21494
21503
21523
21635
21683
21936
22064
22203
22463
22748
22901
22907
22953
23309
23359
23524
23783
23827
24090
24503
24727
25284
25596
25778
26221
26608
27185
27362
27398
27423
27445
27714
28117
28148
28169
28682
28759
28784
28957
29440
29464
29466
29538
29590
29597
29627
29688
29727
29807
29922
29966
30172
30195
30740
30782
30794
30812
30954
31062
31319
31368
31409
31920
32233
32402
32592
32602
32725
32948
33085
33221
33233
33234
33450
33525
33777
33916
33937
34318
34538
34578
34605
34646
34656
34735
34839
35002
35123
35126
35280
35398
35400
35435
35535
35634
36526
36568
36611
36618
36664
36674
36935
37336
37755
38607
38631
38728
38804
40011
40596
41107
41285
41443
41500
41784
41903
41913
42425
42589
42805
42831
43033
43068
43106
43164
43701
43858
44220
44584
44905
45652
45955
46487
46576
46785
46805
47138
47152
47237
47458
47541
47593
47716
47733
47900
47909
48232
48328
48764
49060
49324
49706
50216
50520
50754
50804
51172
51422
51735
53352
53503
53849
54063
54158
54242
54741
54811
55198
55707
56940
57625
61573
61838
62890
63271
63582
64278
64301
64335
64419
64457
64484
65080
65390
65701
65959
66132
66216
66233
66237
66344
66612
67244
68209
68216
68441
68521
68959
69422
70370
70692
71316
72283
72840
74630
74643
75155
75483
75632
75988
76655
76965
77241
77799
77883
78197
78289
78306
78460
78585
78701
78768
79089
79166
80046
80060
80120
80123
80432
80489
80957
81137
81423
81424
81461
81674
81979
83176
83471
83592
83783
83919
83989
84100
84455
84625
84776
84845
85115
85132
85215
85325
85344
85365
85432
86125
86156
86178
86317
86572
86967
87089
87149
87299
87373
87457
87749
88125
88922
89359
89531
89862
90470
91307
92538
92550
92611
93962
94151
94289
94386
95849
96061
96178
96594
96985
97029
97427
97545
97776
98114
98336
98757
99283
99498
99789
101092
101096
101558
102869
102873
102887
103032
103112
103131
103292
103389
104528
104700
104847
105622
105913
106016
106026
106029
106788
107220
107408
108527
108534
108574
109081
109246
109760
110024
110073
110209
110220
110533
110548
110634
111018
111226
112437
112591
113363
113832
113955
115163
115257
115964
116657
117002
117131
117177
117478
118042
118596
121295
122839
123368
123768
124014
126609
127380
128788
131046
131108
133870
134493
134654
135800
135909
136013
136638
137266
137300
138117
138361
138566
138844
140218
140652
141112
141284
141916
142208
142219
142780
143806
143988
145079
145294
146509
147223
147576
148473
148597
149133
149199
149703
150397
151942
152772
152957
154928
155321
155463
155620
156019
156041
156456
156688
156701
156813
157216
157596
158744
158833
159399
159412
159537
161007
161041
161074
161287
161832
162246
162256
162362
162367
162530
162704
162723
162741
162807
163235
163279
163510
163631
163753
163956
164483
166181
166971
167028
167877
170039
170472
170843
171052
171234
171356
171620
171626
171769
172477
173039
173474
173726
175816
176648
177740
177939
177991
178131
178197
178403
178592
178831
178982
179108
179958
180208
180590
180740
181910
183461
183562
183567
184602
185441
185939
187515
187822
188318
188495
189006
192035
193044
193134
194117
197061
198849
199157
199453
199645
200199
200352
200849
200880
200976
201383
202426
203088
206341
206360
207148
207837
208778
208878
209143
209182
209262
210101
211806
212278
212618
213091
214261
214476
216401
216509
218055
219263
220386
220580
221211
221943
222547
223191
225802
226108
226784
227932
229408
229482
230722
232052
232488
232808
233096
234835
237641
238423
241841
242937
243190
243192
245393
246195
248645
249233
249289
250809
251866
251970
254363
256211
256216
256976
258293
258322
259046
260501
262066
263201
269675
271740
275695
281777
283257
284085
286410
294806
297088
300158
302836
305304
309144
309844
311094
318774
319597
320658
323811
324382
325637
328747
328858
330967
332370
332833
333609
334409
336858
337365
342790
344635
344754
345272
345287
349192
352772
356592
357183
361024
361573
361699
368631
369060
371113
374610
374652
375817
378472
379489
382178
382766
382858
386935
390115
390125
390343
391972
399372
400623
402621
402695
403353
404545
406837
408348
410713
412468
413613
415814
417481
418192
419987
425111
425866
433954
435908
436296
437479
439737
441310
443867
445429
449367
451744
455037
455256
455568
459554
461031
467061
472851
473188
474924
475869
482594
496205
509534
510775
510834
511903
518055
520298
524377
531766
541383
554933
555659
556896
558338
566649
568281
578265
579070
582238
584782
597407
598746
599362
601015
601981
602306
612491
616686
619411
620467
620919
622745
626034
626545
627069
628866
647008
657281
657288
661843
676074
676264
678672
681829
683084
686838
704596
708458
708772
712729
713101
715842
719238
719497
724576
726043
727572
730638
743570
751810
775057
784254
787331
792621
797930
806115
814237
815524
815569
818067
826490
826725
826931
827545
828835
832536
845630
847824
848151
848250
856895
881010
881487
882557
884173
884722
884899
885301
886527
907155
910269
913277
915254
917491
924415
925210
925277
932416
932537
933503
933577
934853
935152
935846
938332
939788
939819
946026
946869
961890
963530
969202
974163
974234
977159
978845
984353
985535
986024
987272
992007
992097
992850
995829
1003468
1013420
1014625
1017693
1023758
1029497
1033177
1037844
1039843
1055659
1055792
1066408
1066990
1072546
1075604
1080382
1089066
1089650
1095265
1100112
1100485
1112502
1114503
1120754
1129392
1135869
1145473
1147565
1150096
1152490
1160232
1168041
1170656
1176348
1178361
1179431
1181932
1182100
1183212
1183531
1186848
1194357
1197122
1202533
1221853
1238149
1238217
1239095
1243946
1254366
1254490
1256608
1256703
1259521
1267228
1267583
1267741
1270658
1270702
1272517
1272851
1273129
1282255
1283526
1285961
1287053
1290855
1291578
1299731
1306092
1320075
1325439
1325950
1326365
1327336
1331624
1331644
1332957
1335744
1342157
1344715
1349460
1381277
1382295
1383958
1385484
1388815
1392965
1394561
1395161
1395761
1397502
1400344
1400935
1409070
1415526
1421397
1424421
1432053
1447706
1451942
1453339
1456162
1458315
1462734
1467078
1478649
1480931
1483405
1491954
1495320
1496973
1517201
1518337
1521561
1547151
1552056
1554122
1556798
1562964
1578641
1579845
1589240
1594133
1594235
1601038
1630360
1634652
1650758
1653184
1660318
1661633
1669269
1672021
1674889
1675721
1677744
1681993
1685661
1691012
1694221
1715654
1719435
1720994
1722274
1726284
1745376
1758851
1759126
1760649
1762516
1764295
1768011
1768148
1768571
1769048
1772561
1791819
1808005
1809420
1810431
1816034
1827389
1828665
1831395
1831771
1833658
1838623
1839686
1842487
1844193
1852522
1864609
1866832
1873465
1874643
1877350
1881525
1885084
1889414
1902718
1916750
1919333
1923258
1931239
1939024
1939901
1943705
1950936
1951534
1957975
1961166
1966392
1973320
1976836
2007063
2008710
2026756
2033463
2033481
2039470
2047530
2051853
2052962
2055546
2060092
2060373
2067063
2068235
2086968
2095305
2128187
2130483
2133636
2161481
2163964
2177292
2177624
2184553
2186086
2197035
2201831
2206059
2218473
2222052
2224936
2226302
2226929
2240543
2242170
2245108
2247067
2254823
2255079
2256613
2304903
2312071
2318748
2319348
2320346
2323069
2332419
2340427
2347470
2348067
2354159
2361908
2368618
2371109
2376856
2384002
2389696
2391633
2393091
2401596
2409746
2433341
2439742
2446423
2460841
2468643
2473203
2489841
2494661
2495922
2503868
2504968
2515142
2517032
2518166
2518336
2520238
2521203
2525630
2529852
2529930
2538705
2547883
2553416
2554236
2556278
2574906
2584938
2589554
2593513
2607688
2612103
2616088
2616846
2617279
2623854
2629102
2645879
2652908
2662414
2685567
2713424
2718829
2749991
2754945
2765142
2767807
2778021
2778488
2778715
2791740
2792458
2800764
2801507
2802160
2816740
2822418
2828623
2849384
2849975
2859048
2861602
2867469
2871129
2876959
2879101
2883491
2897258
2920695
2925573
2933665
2934698
2936730
2947740
2991478
3000376
3004330
3009078
3012062
3018171
3026446
3032723
3033773
3034569
3036645
3038419
3040285
3099726
3113412
3115237
3120927
3122390
3125116
3126683
3127310
3130396
3130608
3140384
3148278
3154480
3154889
3155910
3158510
3174919
3181612
3183494
3192344
3196973
3207481
3207733
3212770
3221379
3223791
3233380
3233706
3235722
3239967
3253587
3259535
3270523
3270664
3270924
3287534
3288984
3295339
3298007
3315046
3317675
3318518
3318762
3319920
3344494
3360239
3360249
3368319
3373265
3382184
3382719
3396207
3403508
3417857
3420418
3429117
3469379
3474241
3482602
3490936
3496194
3497838
3500558
3517493
3524086
3524754
3525556
3530298
3530766
3531962
3534186
3544225
3549848
3550845
3553584
3556521
3562792
3566608
3599597
3601941
3606238
3606858
3611763
3616062
3624623
3634105
3639555
3654864
3684929
3688724
3694329
3714027
3715423
3726602
3740116
3750999
3760158
3762975
3776495
3786119
3795098
3800702
3800853
3801175
3811145
3813198
3814456
3830797
3833288
3859932
3873015
3875501
3877552
3879661
3883098
3892188
3896056
3911929
3917867
3930301
3940516
3942330
3947315
3959737
3968552
3978531
3994966
4007160
4007189
4013142
4021430
4034679
4075674
4112347
4123678
4151986
4189341
4255520
4281209
4290635
4296698
4297698
4301575
4313325
4342226
4371773
4391021
4397920
4399613
4402652
4438679
4443739
4452369
4459025
4459687
4489285
4491008
4498979
4515614
4517150
4517962
4521652
4540482
4547794
4600779
4600971
4619776
4628233
4631715
4634169
4641731
4642482
4666875
4672659
4673441
4722647
4723985
4725896
4732504
4735507
4743490
4756041
4879608
4902109
4902447
4907654
4907669
4912744
4933107
4954828
4958486
4975859
5009366
5012939
5013491
5052769
5057108
5060438
5060798
5067808
5082541
5082548
5086449
5090945
5108944
5117260
5125036
5136529
5144692
5154429
5162174
5162985
5227333
5266046
5274893
5331992
5341540
5388153
5424050
5438185
5442770
5450650
5453368
5480708
5502984
5505899
5531286
5541738
5555747
5569528
5641778
5642075
5644519
5681736
5711610
5740606
5745107
5752275
5765419
5782035
5806367
5814112
5857343
5923808
5927176
5941053
5949650
5963228
5987648
5992028
6040037
6071489
6087318
6088635
6111785
6140358
6145009
6164560
6176893
6180478
6196093
6199154
6207115
6218120
6220784
6228549
6232055
6246229
6248858
6255156
6256015
6256740
6260887
6264626
6264753
6268706
6319682
6371130
6390408
6424064
6427289
6433875
6435725
6440986
6448091
6453049
6458708
6463226
6463339
6469474
6476187
6493414
6512522
6522003
6530908
6532782
6535580
6536487
6548502
6553808
6560931
6566338
6593163
6606101
6611137
6614067
6614609
6620781
6667900
6684417
6696210
6730088
6744047
6758683
6765445
6766529
6767139
6769262
6790260
6790910
6796018
6811081
6832277
6842835
6843727
6855429
6859077
6867142
6877975
6895818
6897044
6901668
6924977
6930773
6972998
6978482
6996634
6997940
7001690
7001800
7011971
7013869
7015530
7022675
7031114
7034166
7036398
7048945
7114222
7124095
7130992
7134035
7176139
7176865
7180371
7199109
7200665
7201051
7203904
7210465
7246589
7257645
7272160
7272195
7280373
7291238
7293106
7320017
7324337
7331688
7338799
7344723
7352999
7353004
7355115
7356531
7356790
7361137
7362149
7365260
7389069
7396299
7397892
7425261
7433398
7446139
7460028
7467422
7516929
7517481
7523320
7542806
7553245
7566712
7568494
7568785
7570499
7584345
7586995
7609001
7610959
7613975
7616217
7641124
7642062
7644173
7649033
7653269
7656118
7657089
7658559
7665548
7668851
7670795
7679804
7682341
7696822
7713399
7759124
7798664
7798955
7802869
7813686
7823123
7848441
7849160
7893553
7903839
7903987
7942504
7958594
7972734
7973483
7986816
8006077
8025962
8031358
8040882
8042881
8053767
8063356
8064097
8065043
8068406
8068408
8070973
8078352
8081651
8088469
8107169
8144563
8147074
8163475
8168161
8188600
8207846
8212459
8273316
8278102
8281891
8293355
8303830
8328509
8370679
8374185
8376908
8383077
8420388
8429997
8446598
8446739
8449155
8459870
8487394
8493649
8513811
8515365
8518217
8525439
8532038
8550521
8554952
8572673
8621652
8644112
8645744
8649882
8654406
8673209
8681391
8692513
8693337
8695382
8699747
8701746
8715132
8716523
8719905
8729482
8737362
8758999
8760235
8764779
8772221
8773236
8773515
8779757
8780237
8780521
8790841
8806503
8824713
8832145
8843579
8852691
8854899
8862012
8932932
8966874
8986001
8994406
9067486
9071676
9090639
9129088
9164465
9171223
9182264
9199375
9210892
9255691
9274813
9296953
9298552
9312626
9352436
9359102
9395586
9396295
9399567
9446813
9462567
9494925
9499551
9510759
9548141
9551020
9560176
9586782
9596342
9596751
9623776
9625672
9641077
9663973
9682232
9709163
9755877
9775009
9777057
9827487
9905890
10009263
10020030
10023902
10030538
10031019
10052216
10054292
10064840
10077380
10084795
10105006
10122100
10182143
10190413
10272973
10391134
10419756
10461633
10462057
10468381
10471308
10485118
10504129
10524124
10530135
10641916
10652826
10685111
10686531
10703804
10720206
10737667
10788244
10796527
10833219
10845052
10845973
10854242
10868386
10886213
10902246
10929247
10957508
10977276
10986274
10988736
11007129
11012663
11014215
11017485
11020121
11025981
11026079
11045946
11058279
11064662
11086988
11089350
11094232
11105839
11122610
11122745
11185377
11204159
11234617
11236141
11254244
11267992
11277473
11279640
11307579
11309849
11361733
11415322
11472721
11474035
11512664
11518320
11566543
11588260
11607957
11614777
11658658
11663923
11681349
11701014
11714271
11745044
11758290
11759798
11820034
11835084
11842220
11847101
11881572
11915524
11921319
11923102
11935626
11943780
11951637
12011317
12042140
12060840
12066219
12102802
12130790
12141438
12175376
12183104
12290005
12316327
12323262
12344266
12397786
12425586
12427256
12451712
12470151
12515348
12518947
12537680
12555649
12575808
12678842
12680969
12689281
13111301
13148942
13160086
13179688
13214200
13268972
13273870
13290783
13344223
13372734
13436310
13454551
13623752
13647179
13685344
13687219
13932220
14067245
14103331
14142317
14407597
14700998
14726581
15752083
15826270
16127632
16363236
16539776
16543882
16867142
17063241
17085823
17240299
17555727
18071599
18296328
19242749
19837467
20360322
21324781
21730377
21887661
22217767
22471668
23102125
24011361
24619582
24742471
26205286
26993729
27890838
28271548
28323625
30381496
30414821
30552676
30624687
30648840
30655222
30677572
30777884
30807956
30835056
30846018
30846963
30863976
30882178
30890528
30902546
30908867
30922980
30930632
30946303
30970227
31069797
31154171
31204137
31215594
31350760
31391655
31448063
31451691
31563613
31615783
31655135
31673066
31681518
31759653
31936653
31938273
32128426
32197613
32209767
32292273
32353362
32365528
32592863
32625456
32669873
32682089
32763804
32780728
32847979
32873305
32915656
32919212
32935363
33058097
33065435
33250298
33267171
33311916
33317332
33353320
33381264
33404183
33438829
33465754
33515475
33624011
33646393
33749621
33790675
33878100
33880817
33957907
33966799
34105539
34210724
34482422
34619227
34701614
34776647
34784477
34826257
34841994
35005579
35035452
35335829
35373096
35399192
35432910
35673035
35754585
35901645
35929908
35997626
36010450
36084549
36182187
36395886
36498187
36553174
36557009
36732298
36907389
36964700
36972965
37076598
37162609
37191969
37219779
37358634
37428045
37485236
37595252
37649019
37654829
37812254
37907876
37943463
38004066
38050449
38141300
38290951
38311647
38703446
39016241
39028838
39045851
39246501
39266061
39352812
39371142
39931835
39994020
40112198
40217766
40280995
40301962
40358280
40494718
40707050
40750143
40756096
41012037
41149800
41525509
41679424
42143435
42161840
42624323
42671142
42959582
44386398
44602910
45052092
45181551
45696131
46509647
47237112
47262839
47599478
47638534
48154372
49150775
49512902
49901232
50026129
50109999
50417653
50834545
51350367
51866194
51866666
53033920
53586270
55769907
56569848
56686815
59341070
1161
5246
8426
8601
13477
15268
17543
18283
19018
19425
20406
29927
33814
42350
42351
42438
43167
54080
55186
60127
60153
66651
66797
66961
68836
69207
70408
74071
75171
75815
76355
92168
102891
107733
115891
121377
132206
133732
134082
142572
148557
150971
162148
169392
176134
177171
181902
186376
191723
195739
213056
219094
234022
250094
265914
275057
281529
288098
326811
345445
356756
394086
413828
420506
423805
430199
456346
470343
530075
530880
547071
662776
710284
720105
727355
823036
832182
841781
859823
862331
884116
894201
900165
909896
914168
918875
934886
953992
977843
981524
1136771
1147573
1170833
1188468
1205534
1237974
1246443
1290141
1336331
1338391
1412778
1449646
1458975
1525884
1531476
1558510
1657598
1680019
1754698
1825587
1858441
1872839
2012273
2035169
2068504
2081908
2203416
2266307
2313418
2380984
2550266
2596333
2601036
2700353
2795515
2962501
2974957
3033418
3226922
3275693
3338778
3385554
3579741
3682998
3750783
3761733
3780171
3895582
4019009
4308207
4593889
4730672
4731337
4883886
5483728
5864246
6447146
6480784
7015234
7066657
7104295
7387257
7504810
7682525
7788806
7974623
8833918
10636221
10672505
10776604
13189716
13237543
30640124
31125956
31865955
34596768
34688318
35262555
38395279
60852978
1093
48827
257400
374944
3047423
6960938
8175915
10700196
23343105
1542
1635
1759
1939
2146
2159
2239
2653
2740
2742
2803
2882
3173
3337
3730
3732
3734
3847
4144
4312
4600
4896
4942
4989
5515
6119
6161
6764
6986
7321
7546
7558
7610
7622
7648
7662
7665
7716
7729
7741
7775
8518
8603
8998
10206
10908
11102
11198
11359
11746
11826
11869
12341
12418
12557
12661
12682
12683
12932
13321
13342
13356
13442
14629
14644
14669
14712
14828
14928
15237
16022
16477
17888
18005
18070
18294
19052
19071
19512
19538
20020
20287
20630
20643
20702
20809
21269
21419
22516
22624
23353
23494
23560
23818
23824
23871
24230
24237
24551
24621
24801
25302
25707
26292
26668
27342
27353
27410
27455
27474
28960
29106
29122
30036
30125
30674
31313
31909
31940
32689
32840
33517
34056
34663
34675
34764
34791
34892
35593
35767
35950
36389
36493
36505
36512
36570
36602
36645
36688
36732
36785
37519
37689
38050
38168
38757
38830
38980
41137
41804
42175
42681
42829
43115
43126
43237
43921
44369
44410
44421
45116
45839
46251
46365
46804
46903
46916
46988
47180
47654
47677
48338
48347
48434
48446
48452
48546
48636
48894
48937
49895
50078
50816
50901
50938
52304
52624
53337
55235
55575
61491
63289
63482
63510
63607
63705
64490
66697
66913
67772
68118
68240
68347
68536
70345
70793
72001
72204
74225
75085
75927
76381
76420
77237
78299
78330
79498
79962
80201
80505
80520
80536
80564
80632
81510
82909
82948
83680
84486
85667
87150
89039
89236
89400
89638
90579
90580
90888
91453
92282
93377
93554
94768
95204
95712
96318
98047
98159
98630
99432
99447
101213
101241
101408
101624
104950
105974
107224
109313
109919
110015
110884
114202
115372
115762
115913
117848
119088
120527
121506
121603
125582
126508
126552
126957
129790
130334
136466
138627
139051
139759
141044
141533
141657
146530
147238
148098
148721
149149
149210
149679
150679
150750
151592
151945
152143
152783
154365
154531
155350
155482
155498
155761
155818
156290
156644
157789
157802
158907
160599
162270
162356
162437
163664
163865
164292
164580
164773
164795
165180
165249
165448
165458
165616
166011
166433
166759
167291
167382
168892
169265
169558
169911
171702
172035
172329
174111
174969
176666
180210
180331
181055
181061
181072
181261
182728
184941
185474
187473
190367
190442
192187
192351
192538
193884
193921
195321
195447
195507
195556
195573
200523
200646
201167
206047
210379
212553
214558
219099
220536
223745
227353
231410
233033
236354
247073
250763
254926
255344
256101
266538
267385
270181
276712
285389
286357
293748
303723
305233
306134
308207
314989
315229
318288
322894
329322
333639
343236
343659
343960
349612
350107
359430
370503
371979
378872
384913
388201
407810
409435
437396
447757
451552
452081
457845
468976
485126
504551
513271
513684
536617
538355
555449
573827
581249
591585
601766
626649
635433
662000
665276
681627
691652
691949
708058
744879
753682
773245
785329
786197
810151
811416
834003
861114
881756
883583
883711
930921
933904
958039
959956
969062
977608
983421
1014179
1031301
1034036
1076652
1089249
1117799
1118317
1161222
1165419
1177854
1232501
1255475
1276321
1307259
1309440
1349153
1367163
1392182
1396039
1399812
1433903
1442759
1443658
1451339
1474581
1497176
1526740
1530257
1541864
1638127
1663603
1674252
1702178
1749490
1786223
1802894
1819876
1820368
1835438
1873723
1896822
1917648
1943652
1962918
1990122
1992855
2037170
2061461
2069437
2095680
2177042
2209519
2213892
2265627
2304498
2309056
2347616
2364637
2373912
2446188
2468113
2472694
2526308
2544462
2580612
2593018
2620324
2628291
2638019
2671581
2694871
2698036
2776941
2809224
2822848
2996900
3032289
3072402
3129580
3256166
3411080
3595637
3624085
3678458
3714351
3811226
3853603
3964306
4002621
4116890
4255604
4339867
4528986
4602683
4637695
4696300
4705136
4869278
5045032
5046997
5108604
5129525
5147717
5247464
5252788
5374875
5469035
5482687
5816656
5860344
5939248
5944747
5969800
6107116
6260973
6263625
6315330
6531823
6649982
6691281
6855520
6894089
7115375
7158309
7247644
7273481
7415011
7428986
7446798
7449419
7458501
7554224
7636061
7699695
7860121
8065127
8097093
8126122
8162776
8308078
8311188
8388864
8433762
8502764
8542140
8566816
8756148
9044712
9062109
9314120
9521841
9524992
9569314
10106926
10636222
10721039
10966703
11076896
11198990
11261105
11496788
11684640
11839908
11967392
11999157
12077005
12365045
12479596
12486563
12837823
13272103
29834050
30512845
31995853
32043388
33433187
33752287
36437749
36734968
38204149
39384755
42576564
42617137
45076795
45384284
51719710
51785747
1550
12119
18574
45449
63181
67519
105117
115928
534583
702661
217
1145
3104
3336
9293
9786
10548
10551
11319
11508
13941
14296
15740
16560
17920
20901
21491
22398
27607
28514
60890
68617
77015
79368
80640
87323
91496
94947
98593
109240
118151
121782
130457
138788
161546
180663
181087
184364
199256
219915
259544
260677
271750
369232
431808
565670
591226
624220
659422
671494
703934
898990
915605
1124971
1317769
1550277
1559665
1849986
1863243
1886510
1917940
2031718
2062855
2130921
2140709
2427739
2529129
2566449
2578848
3169308
3171981
3177485
3236518
3805156
4003846
4297915
5067058
5876366
6083052
6329902
6468698
7048777
8151877
44476930
50186854
36622
63132
68987
137712
168984
349292
969224
1243128
1258101
2672689
4867435
7454625
11906195
33398228
35551486
2340
9188
9359
11422
18433
19838
19926
19935
23918
28798
36293
42525
51765
69273
69649
97102
137467
147592
155693
163705
179171
210191
219752
257903
261258
274322
303111
315882
319798
383473
841621
1139460
1278623
1940225
2005190
2171304
3488281
3506761
3950796
4756036
4963462
5713807
5800663
5962786
7203671
8450795
8714157
9020838
9736035
11548972
33721004
3169282
1463
5638
7145
43170
197974
1489404
1700
1719
2709
3495
5993
10227
10610
12228
13193
18166
22823
25829
29894
33715
38691
42544
61011
83767
86141
95535
96123
100027
114345
119215
121019
132315
135894
150720
155994
180913
210386
222140
243705
266379
268918
427058
593667
596713
653760
685288
690182
761510
884828
980415
1106023
1188896
1267051
1283678
1313278
1813042
1992076
2048669
2413659
3306839
4747777
4756322
5013522
6117949
7268788
8274400
12326376
37827773
42324371
2488
2678
4461
4724
5411
8221
9423
9562
12366
13648
13982
14001
14557
14648
17265
18844
19444
19593
20569
21524
22188
22453
23399
23627
25492
25954
28274
29667
31389
31581
31721
31824
31978
32286
33830
36091
42030
45530
45531
45557
45722
46921
47866
48875
50265
50615
51579
51744
51758
51962
61352
62194
66575
66856
67924
71732
76379
78738
82270
83660
85770
86898
88060
88109
92531
93686
94084
94295
95903
101433
102773
103109
104210
104290
110095
110419
111204
113086
113381
114644
117933
118024
118260
119228
123689
125517
125606
129924
131205
133037
133651
134441
137280
137974
141402
142939
145067
146232
146532
153669
155802
158515
164007
168768
170368
172006
173844
175529
178467
179249
179892
182812
183103
183120
183232
183953
183988
185915
191493
191706
198306
198827
201570
201832
207164
211380
213099
213141
213187
213223
213262
213280
213283
215581
215901
216054
224506
228866
229128
239465
239479
247114
255809
260901
267772
268306
272178
278686
281857
283361
293779
294684
297354
298030
306100
316764
320464
324650
330481
334092
340694
345589
349707
357093
358958
364380
370854
374468
376588
377946
383612
391054
401506
406063
409258
418224
420360
432056
433427
437121
447037
451707
453653
456611
457973
458387
458826
468458
471792
475580
481611
482963
484372
488485
494500
498407
537218
560063
567101
571900
581194
592032
595675
603536
617273
639001
642973
660779
685153
694374
695919
697889
718517
722495
723796
727731
740226
745494
763049
772255
780392
785471
794090
806073
812021
816844
821170
823432
853871
859922
873297
882413
885776
908018
912372
915112
920127
930205
933724
933736
936631
937150
939253
947360
962459
981751
1011538
1012881
1013946
1014964
1019079
1020700
1026109
1040693
1047292
1048448
1050235
1056121
1098397
1103281
1122028
1151451
1159917
1160529
1210610
1221356
1221472
1221473
1221484
1230643
1275434
1278517
1278999
1284330
1286367
1303212
1343314
1362567
1379569
1389069
1389252
1391462
1392144
1395734
1399063
1399120
1404895
1426681
1435253
1435436
1445626
1448812
1481470
1487069
1494495
1495174
1540001
1541698
1572000
1593239
1598799
1598949
1605884
1617397
1630427
1701466
1733845
1742057
1750380
1775303
1786088
1788902
1802216
1803059
1836382
1850952
1869447
1873050
1922153
1934913
1940772
1943796
1946928
1960115
1971345
1984352
2002055
2042004
2046590
2056993
2072257
2091822
2102368
2127113
2133380
2186098
2206927
2208373
2211317
2224055
2226767
2228771
2265586
2266241
2271927
2273912
2344563
2344657
2364809
2364992
2368414
2388268
2390428
2405987
2428847
2452532
2462994
2473624
2518797
2534203
2534995
2543093
2570769
2577006
2578102
2590700
2598892
2648337
2713370
2713585
2763418
2774113
2860873
2890070
2894276
2931007
2982612
3010891
3028530
3029656
3112370
3117205
3148490
3194113
3276029
3385024
3396663
3396719
3398720
3464667
3495601
3502850
3515769
3539983
3564813
3575873
3580918
3626478
3649232
3656691
3689332
3708306
3719050
3773821
3790547
3841749
3847496
3873725
3919222
3975894
3981483
3989329
4087431
4138829
4273806
4307689
4307724
4389999
4424162
4424239
4437710
4467929
4521571
4616418
4638044
4672746
4741808
4762889
4770918
4863794
4934000
4990301
5051717
5116627
5121016
5172183
5337738
5344376
5397838
5399104
5450537
5473712
5476541
5480755
5706303
5710591
5713245
5783210
5796689
5820897
5863468
5865291
5912888
5955274
5994203
5996966
6088697
6139884
6182078
6241776
6438233
6448216
6453439
6459465
6511321
6542705
6555605
6560680
6575122
6637612
6691148
6712261
6733287
6798286
6867185
6891833
6894253
6895628
7012564
7030090
7124562
7143316
7219989
7229792
7261217
7278716
7309629
7332170
7362621
7384841
7398425
7408884
7463580
7606998
7617018
7667957
7679457
7708297
7714658
7748004
7802201
7882583
7943885
7991225
8088551
8105227
8123598
8134301
8153016
8163474
8233595
8246820
8266833
8279289
8324578
8339917
8351255
8392809
8402594
8447489
8532726
8543058
8568213
8664969
8731935
8737358
8811008
8846411
8957011
8957291
9029002
9055633
9070293
9073951
9230277
9327803
9379949
9390826
9394049
9499924
9587631
9606465
9625476
9731669
9830584
10044498
10296356
10344664
10602171
10642341
10666544
10855085
10892106
10896734
10958299
10970194
11002031
11006500
11107659
11130448
11133199
11416642
11959088
12029615
12080956
12101209
12110622
12277145
12312983
12323927
12427976
12525299
12532903
13213427
13236342
13427748
13679131
14251783
15064021
16197091
17528857
18811514
19122301
24199115
24469139
25906180
26812147
30624297
30672813
30835399
30982252
31011817
31581449
31673264
31732227
31805281
31888630
32080100
32462688
32515464
32627158
32686223
33926382
34407630
34647963
34800786
34856038
35288374
35552315
35607388
35811710
37046120
37427700
37719741
38203686
53297497
2507
3515
3604
3750
9927
10091
12183
19314
23086
25174
31061
31337
31465
37588
42554
45701
49273
49661
52356
67838
70200
74699
76406
77123
89920
103592
108354
110322
113629
115443
115529
118365
119389
120830
128885
129962
134151
144629
147002
163758
167644
175545
180986
190951
191079
194155
197618
200245
209955
215693
216558
216853
219824
244894
245314
247362
248779
250280
254513
258251
262460
270167
270215
271471
291711
292354
301418
308946
324793
327320
345702
367506
369330
381266
395844
434432
440730
444016
524425
568025
579722
584082
601544
703317
715102
734898
743084
756736
781565
794864
804957
828133
830861
836391
857177
857755
884756
888269
890922
907414
913720
914098
922585
931183
985269
1044944
1071373
1218103
1246949
1267482
1295175
1305067
1321433
1400663
1452465
1456515
1468237
1482560
1486408
1519319
1559647
1565579
1569910
1595710
1597099
1617461
1640325
1651960
1667034
1689311
1689602
1697391
1728581
1730744
1744880
1746477
1758663
1795920
1830938
1831114
1874637
1916109
1920188
2002187
2016006
2019686
2069541
2094074
2124412
2135696
2205410
2248597
2275417
2370478
2390912
2399597
2412423
2437523
2495427
2580603
2593292
2651369
2654030
2657718
2684182
2708985
2738214
2793462
2817394
2851731
2914198
2921325
2929410
2950763
2952303
2971937
3007712
3019111
3032908
3109436
3155225
3179998
3353844
3384915
3427748
3493873
3551309
3582467
3624132
3675208
3687030
3689191
3715484
3717420
3718399
3789093
3886589
3887187
3962796
4021801
4031249
4191604
4263322
4303783
4578583
4607600
4615342
4615601
4666848
4686204
4695928
4735062
4866215
4955369
4997448
5029303
5086583
5552278
5557633
5691400
5714931
5816207
5864980
5867768
5989518
6000254
6071120
6178396
6193770
6193962
6209560
6222890
6241366
6243284
6385950
6389067
6392091
6499275
6502464
6526886
6559743
6597452
6653299
6746159
6752725
6798160
6849063
6875759
6880407
6890821
6945698
7000244
7043405
7215022
7220721
7233202
7252588
7277731
7292885
7384778
7396601
7441036
7535849
7546346
7587654
7630230
7704682
7852479
7867177
7961825
8014341
8146822
8199694
8308751
8393731
8422389
8537793
9087576
9128886
9148146
9160529
9239213
9268348
9297317
9397336
9424927
9546472
9557032
9591294
9708529
9740194
9985622
10105101
10140019
10177942
10396485
10497621
10605622
10643703
10660760
10672182
10690080
10769065
10854925
10922598
10981427
11047823
11087107
11093711
11134291
11153928
11167047
11303980
11353630
11470511
11545648
11572564
11647614
11724253
11994992
12049913
12100575
12141847
12348759
12454153
12466466
12478932
12544058
12716679
13113856
13145383
13248333
13280233
13285095
13434520
13640786
13669015
13697338
13953595
17375972
17618686
17971911
20340269
21548695
23659797
28174416
28392379
30760970
30809881
30822248
30834913
30883234
30955110
30974397
31011118
31067450
31242956
31266458
31342499
31500298
31532732
31712445
31785167
32037552
32106236
32218408
32219287
32492600
32591234
33059875
33570376
33634374
33748913
33883487
34200535
34243872
34270055
34270096
34362200
34595439
34889402
35926979
36298875
36326731
36495803
36621946
36645913
36719538
36797781
36998164
37022443
37410248
37437698
37494008
37537049
37544530
37589507
37906568
38214460
38357564
38654428
38721301
38882401
39234169
39612009
39642703
39662128
40341018
40664727
40775744
41360099
41897261
41975333
42124290
42319876
42862644
45116096
45632073
46236869
46682367
47774542
49802274
50544580
51833033
59193523
59224115
61866161
2912
34255
115859
2163013
6313
6465
10290
10678
13688
19987
20869
24145
29655
30874
33494
34383
43782
49650
63480
63946
65809
67461
68091
73226
73782
75126
92649
95452
95623
97769
99162
101141
106760
107370
129652
135723
137015
137772
203409
212300
220508
226317
260714
263251
316433
316818
357370
366540
387608
403965
409441
430612
434653
499448
572280
575199
599779
732999
742156
749509
789400
1027819
1091585
1306927
1462988
1680546
1745841
1750409
1752703
1801302
1880246
1880312
1934671
2045768
2093221
2593028
2606376
2686740
3045439
3109510
3146941
3174329
3234177
3398630
3441798
3533730
3607460
3690177
3775914
3798761
3862762
3928504
3957809
4283132
4318183
6202242
6326404
6762981
6905144
7103072
7241542
8703371
8711094
9489188
9577443
9593953
11673700
11695020
11917185
13117126
13313015
13665674
14397689
28505381
32876086
36049605
39092327
41067790
45225348
47656345
54768092
56567499
60365956
64250376
78661
98681
126572
167059
177006
180006
186957
219015
249927
426468
596995
683027
1000462
1207099
1252835
1327221
1622369
1694219
1722947
1845189
1875059
2079826
2310482
2324627
2497596
2514626
2991965
3088896
3254426
3271305
3651644
3969694
4510620
6399238
6416860
7187057
7278251
7287949
7797158
7964235
7985806
8291960
8365599
9395907
10122272
10262004
10423532
10815359
12177175
12575372
28232182
30484120
30637071
31037812
31197534
31368717
31878676
32026140
32672510
34133238
34186611
36188592
36869284
37738268
38407756
38692817
38953280
40123677
40168616
41138318
41181607
41314470
41400401
56717486
57307885
103198
215
1559
1563
1564
1568
1571
1575
2130
2140
2229
2487
3008
3065
3413
3441
3832
4130
4425
5823
7487
7818
9022
9716
10005
10165
10704
11949
11972
12079
12114
12794
13914
14264
14483
14782
15233
16480
16681
17400
17426
18522
19533
19951
20774
21051
21737
21784
21827
23483
23823
24064
24593
25298
25753
26851
27138
28305
28897
29587
29844
30053
32039
32429
33979
36788
37207
38401
38435
38759
39402
40490
40653
41974
43176
43874
45853
45923
46032
46322
47628
48890
51062
51449
52424
53080
53292
53340
53500
54239
54816
56695
59990
60062
64199
68576
68611
69115
70688
72195
75543
76988
77226
77285
78088
78171
78334
80133
81840
82138
83661
83713
85130
87179
90368
91287
92754
94072
94903
95852
97787
98631
99216
99716
100179
100316
102257
104516
105737
106160
111897
112187
117062
117407
123007
128204
132856
133747
134804
135197
135726
135998
136747
139656
139889
141384
149937
150486
150680
156984
158491
164361
166291
168028
168261
171596
180553
191168
194914
196546
198163
201064
203915
205130
217339
217957
226271
231579
232428
239084
241208
242804
244725
245385
254158
255303
256144
263595
268250
276350
279938
281420
282145
282698
287041
289548
302064
302608
303340
304124
304440
315830
317382
325014
329497
340014
352097
364298
371217
376867
381648
383001
390576
398132
402783
408386
409875
414656
421521
429752
432227
432738
437231
443105
454468
456983
503879
522125
535006
556627
561039
569360
582489
591321
631476
687125
695452
711311
715330
724550
735097
746293
780829
785923
791110
810015
826697
829509
845627
855786
860426
882131
883974
889928
896648
897694
912602
913166
933582
935461
945213
951758
963411
980645
996674
1013496
1015351
1027315
1108586
1119901
1139843
1156736
1167136
1168250
1168315
1201122
1237667
1243497
1260672
1288515
1302819
1309425
1315859
1369286
1369767
1382670
1385188
1394200
1452574
1453441
1454183
1465985
1468394
1480653
1487651
1491748
1525486
1537848
1592264
1625469
1643828
1654105
1657302
1684436
1700522
1710601
1718090
1729532
1742239
1768359
1771407
1787938
1798366
1801036
1810166
1819366
1828538
1832493
1850152
1886913
1939329
1944952
1963735
1967457
1977722
1985551
2015640
2017368
2056736
2089237
2097876
2114976
2119825
2132775
2134928
2153065
2167565
2168843
2195158
2204597
2250950
2255613
2292137
2328324
2341171
2350520
2355255
2358314
2385551
2397000
2398367
2413904
2430818
2432433
2476549
2477902
2483667
2490498
2500341
2511381
2528614
2546323
2558428
2562211
2568329
2573473
2579205
2582257
2589800
2618204
2627565
2636185
2636680
2638447
2688090
2697361
2698341
2715725
2732069
2740016
2741980
2756623
2769274
2785369
2808132
2816323
2859539
2880328
2883230
2883358
2889119
2910065
2928673
2954369
2958636
2991400
2994703
3009687
3012007
3028371
3048498
3072674
3124309
3140063
3144061
3160247
3181187
3190680
3232789
3236719
3243130
3256912
3258912
3268971
3272024
3305609
3342965
3382419
3384059
3389812
3421568
3444682
3455088
3465382
3466110
3469487
3470060
3471652
3479751
3544691
3552307
3585906
3597408
3621912
3641067
3661180
3675657
3694029
3747064
3763217
3766900
3801957
3875764
3887678
3894305
3936542
3954408
3980725
4020773
4059744
4088395
4115947
4256392
4281994
4415524
4467035
4496241
4542800
4543068
4643668
4644185
4658220
4670936
4713940
4732226
4847715
4881234
4888101
4889678
4895322
5013401
5071317
5075526
5220314
5394617
5455490
5484138
5545374
5624728
5711563
5727207
5788739
5860402
5865735
5901428
5946504
5952862
6107528
6133571
6137980
6154230
6184573
6200087
6211258
6214396
6262040
6291135
6354244
6386098
6405847
6413266
6417247
6454930
6457042
6500988
6521390
6546627
6559462
6572894
6587518
6590533
6664281
6696151
6730107
6777452
6783950
6793925
6807240
6862087
6900540
6979219
7011543
7028628
7064117
7106117
7116790
7126059
7144829
7210302
7232875
7234067
7234905
7265047
7275513
7341074
7364754
7373101
7375359
7408325
7432692
7436175
7468322
7556240
7563748
7574741
7597579
7627260
7637166
7654004
7657806
7713396
7795513
7809348
7821029
7863278
7949568
7971491
7972664
7974285
8007110
8046784
8150504
8223730
8339420
8343791
8460040
8524506
8548942
8620920
8628428
8692744
8738183
8766203
8807484
8808744
8816352
8941292
8981419
9042316
9077666
9116993
9128357
9199902
9265945
9295321
9380357
9409489
9432395
9718483
9925767
10106839
10132950
10149328
10164288
10302070
10412129
10429609
10631815
10683051
10806572
10809525
10811663
10826036
10883056
10943679
10950792
10961384
11066991
11101889
11149938
11269334
11277321
11287270
11338440
11414777
11425896
11432579
11439424
11454970
11500341
11596572
11671084
11818916
11824736
11833244
11916684
11958529
12091182
12236526
12259085
12439835
12512482
12812438
13116303
13217400
13349447
13366192
13633903
13671991
13866406
13949074
13955108
14268600
14361565
14953469
26079865
27164764
28515465
30883348
30953606
31029267
31095244
31246104
31353339
31671045
31893870
32230737
32366345
32440638
32563970
32662837
32763151
33040755
33062686
33207576
33257126
33275784
33483372
33833312
33939068
34114682
34180230
34451090
34631828
34635808
34722369
34811235
34846096
34915530
35043791
35291677
35332606
35419706
35431390
35689900
35852331
35968680
36006379
36079870
36292536
36457233
36686353
36747158
36926276
37015699
37032686
37199813
37551894
37764265
37784027
38098405
38475511
39169000
39236735
39366515
39444578
39536996
39571028
39812693
40358188
40416172
40530961
40713963
40810992
40934549
40964399
41158169
41307894
41888465
42289485
42886584
43415447
43761033
43952574
44053248
44515116
44959534
45080952
45417945
45867441
46011112
46070430
46209713
46958409
46975744
47117289
47396234
47944589
49605060
50126904
50154201
50170770
51242589
51744403
51750785
51756823
51829233
51897437
52581518
53808520
55145169
55360634
55607753
55995034
56007185
56862659
58768494
60136706
61722379
1540
1779
2110
2303
2483
2484
2919
2995
3140
3642
4491
4728
4965
5120
5783
5800
6254
6704
7280
8321
8339
8693
8878
9180
9209
9331
9375
10043
10497
11668
11964
12644
13040
13138
13712
13725
14323
14620
14907
15202
15898
16202
18019
18157
19049
19064
19067
19167
19625
19905
20430
21976
23329
23903
24628
26041
27096
27523
29037
29246
29453
29536
30842
32873
33044
33051
33734
34371
34577
35754
36214
36266
36486
36697
36701
36743
36754
37093
37135
37243
37635
39102
40338
40392
41070
41125
41316
41536
42354
43091
43147
43204
43949
44167
44853
45132
45469
47418
47864
48067
50030
54756
59450
61400
61419
61644
67100
67696
67850
68751
70017
72200
72636
74068
74151
74177
75150
76660
76916
77154
80491
80711
81672
83114
83639
84885
85137
85871
86854
87138
87343
88724
89383
89477
91275
95422
96159
96211
96453
97928
101268
102008
103436
104722
104918
105542
106184
107184
110248
112346
114729
117129
117841
117931
118212
118691
118837
119461
126814
127461
128732
130974
131001
131561
134610
137165
137265
137874
140187
145424
147682
155770
155831
156163
156320
158007
159444
160852
161313
161578
164004
166492
167937
168139
168299
169900
170799
171622
171628
176731
178456
180227
184511
188459
192572
194787
195918
196749
200982
202149
206556
207543
208215
235794
238552
243639
245099
246642
248366
282824
291638
296194
296795
307302
308534
315943
317758
328688
329805
332114
340826
353809
359663
374269
380795
381643
382205
384490
389582
409755
434961
450137
469070
488439
528505
536499
595258
600288
617305
627967
630682
648835
658928
660549
679437
688173
732713
756448
809609
818479
841903
853269
861624
871608
914361
922764
922838
947107
985058
998808
1022869
1050358
1071848
1196458
1199298
1202588
1231192
1236887
1237302
1260878
1314909
1452739
1513510
1735903
1751841
1795998
2003026
2023821
2098117
2181457
2263209
2291919
2297701
2366635
2467805
2504143
2569132
2586705
2613902
2752691
2781022
2991662
3079770
3169967
3258003
3293506
3508998
3510255
3661409
3776521
3777624
4029992
4126108
4750637
4884705
5077172
5940621
5943557
6073862
6096370
6398855
6457250
6699526
6929116
8309977
8430884
9036965
9316757
10641441
12708377
37065632
38512429
1586
1588
1598
1606
1620
1628
3169
4538
5336
5765
5828
6383
6385
6398
7077
8424
9783
11433
11504
11522
11556
17780
19332
19390
19683
19735
19885
20460
21063
21775
21928
23301
23660
26723
28357
28714
29422
31022
33495
33948
35504
35661
37822
38021
38554
38632
39115
42360
42437
44828
50259
53133
53850
54055
55697
56033
59449
61032
61218
62239
62670
62810
62826
66098
73277
73451
74268
75199
76041
81778
82125
92456
95285
97470
97706
98549
99299
101303
102775
106318
107444
108551
112957
113797
116680
118513
125717
126559
132661
133034
137229
141498
147020
148476
155177
155882
158988
171760
176156
177099
178527
178736
179085
179315
180037
181163
182034
185661
186013
187301
187357
187682
187852
189360
191588
195736
196410
199498
200737
206647
207264
208080
208230
209597
209729
212963
215876
217178
218066
218646
219728
220040
220180
229936
233481
237333
239135
261504
261523
266924
267813
276658
281026
320293
324322
325288
333402
337690
341094
341844
357931
367735
371234
376626
402271
406191
416119
420139
430079
459601
468529
491847
494137
511018
523540
560537
573247
596145
597061
619821
758386
767588
770061
783310
788485
802441
808150
811194
856330
901435
915204
931093
961920
974449
998884
1007243
1015125
1020183
1030585
1039211
1041890
1144133
1196997
1293420
1330917
1333931
1344544
1378020
1379540
1396135
1400367
1400998
1407233
1514047
1527843
1655154
1691655
1732203
1734281
1770079
1794904
1809451
1836693
1844520
1858150
1958974
1978772
2016319
2061125
2103179
2110382
2159961
2161970
2213230
2251540
2266484
2434069
2471140
2542285
2552081
2559354
2619928
2885473
2941319
2945808
3032591
3036123
3069843
3083045
3160822
3209262
3236120
3356538
3494785
3685666
3891105
3927351
4023968
4097664
4124595
4258929
4335798
4386756
4460282
4562624
4673371
4852421
5339620
5526607
5789224
6252117
7292135
7331860
7618841
8854003
9105165
10946183
2147
2767
7128
7987
12319
13264
14148
20894
27496
29235
30193
31085
37245
39560
40948
41341
42631
47281
48565
52917
54235
74254
85131
85145
86807
91993
104599
105251
152836
165475
179044
200030
257479
314531
330568
362564
380191
433460
475891
529327
542109
629422
645748
819249
975490
1059183
1065671
1079448
1252307
1423483
1434755
1471295
1615255
1651889
1685800
1719138
1719191
1798878
2180908
2206515
2218393
2262924
2285576
2293193
2697953
3134265
3318993
3411117
3472354
3512958
3524188
3576937
3676639
3678164
3735392
3825540
4460367
5429007
5437477
5735798
6217447
6752697
6787153
7494562
7610395
8761973
8980929
10163917
11091460
11750496
11766871
12063853
13290267
27923312
31104491
33139642
35951585
39091408
44225381
44550548
51886982
2476
4229
4560
7710
8338
10072
11914
14922
16771
17141
17894
19550
20657
20708
25696
25789
27449
29431
29689
32842
39693
40254
42292
42738
47238
50909
53822
55775
67902
75612
75998
85147
89960
93244
96486
96511
97686
113187
114319
115446
165428
192845
194941
194999
292014
339116
501976
573538
927755
1131671
1228059
1283290
1828173
1958384
1991468
2386845
2444067
2458885
2480300
3273421
3716341
4108667
4436210
4759713
6510898
7331568
8717536
8806479
9564616
11843940
2901
3177
3181
3765
4729
5512
6144
6454
6569
7130
7550
7799
8152
8436
8476
8495
9072
9190
9474
9509
10461
10643
11304
11376
11597
11605
12189
12371
12821
12859
12931
13132
13141
13835
13966
13998
14139
14356
14894
15034
15832
16142
18210
18323
18679
19398
20217
20219
20234
20414
20575
20815
21061
21194
21310
21864
23390
23540
24001
26204
29348
29514
29601
29839
30433
31260
31284
34467
34567
35419
35573
36562
37269
37404
37881
38625
40673
40900
41043
41058
42534
44365
44388
44451
44656
45790
46769
47583
47615
47639
48159
48262
48581
48665
49547
49880
50303
50913
51183
51386
53346
53648
55066
56508
58106
59317
61027
62338
62638
63398
63449
64026
65558
66709
66804
67116
68750
69187
69749
71297
71879
72467
72638
75344
77366
78043
78180
79379
79883
80056
80446
81487
82735
82767
83147
84743
86688
87976
88246
89575
90277
90924
92805
93201
93475
93628
93964
95583
96088
96385
97083
100401
100719
101388
104163
104555
104568
105193
105955
106082
106493
106769
107095
109210
109256
112188
112520
116099
117943
121538
121845
122480
122788
123045
125827
128787
129819
132408
133024
135722
137115
137326
138008
141267
143320
143489
144443
144776
148435
152008
152421
154020
154564
157206
158206
158704
159698
161505
161709
161838
163877
163923
171295
173308
177699
179737
180021
180785
181102
183656
184028
185706
186831
187010
190532
196625
199384
200679
202336
202609
203469
206113
207227
207245
212303
218195
223328
226243
232645
232884
236442
237709
238273
241484
244299
245047
249047
249435
249979
252535
254657
256482
261539
265507
267568
267685
274346
280113
283053
291189
299084
301053
302165
307942
311110
311710
312480
313464
318504
320704
322059
322975
324880
326494
329649
338224
345888
350424
353180
366228
367179
367185
368012
377760
383712
386643
394726
406115
410593
411456
414262
418249
418771
423504
424926
427522
429924
432815
433276
435392
439689
440039
442032
444682
445394
456857
458774
464817
494938
503335
506948
524011
532933
534465
545762
558036
562770
566173
579512
595943
603811
604933
606882
611284
617138
622766
623968
628142
630662
632604
649610
662610
673714
674551
675474
676209
680546
680581
688378
701548
701882
703785
704581
705286
716096
719878
728886
746701
751758
763150
766833
771312
778646
789105
802578
806093
813717
830041
839418
840881
842001
854777
858470
859448
867311
883062
883557
884728
891786
895217
912395
915138
915520
915601
930595
930861
931101
933989
933991
936788
937679
942651
944172
945746
955637
969459
976821
976937
985815
986604
995677
997783
1015891
1022504
1025803
1028928
1029719
1029921
1039975
1066450
1067755
1073905
1083155
1083586
1085732
1092321
1092663
1105539
1113405
1118534
1125082
1130430
1131063
1138087
1167547
1167553
1167592
1177133
1178518
1185055
1217405
1219942
1255506
1268962
1281791
1288686
1290984
1296055
1302201
1316812
1339841
1344710
1345667
1354464
1362601
1362688
1381840
1393550
1393721
1398023
1409033
1426811
1441232
1454303
1456301
1460302
1465591
1468920
1484460
1502653
1510099
1527210
1543187
1572698
1576692
1579652
1602840
1639263
1664932
1669144
1706959
1714583
1721765
1725542
1733515
1738912
1744368
1746132
1748451
1748721
1750108
1759721
1763780
1766357
1773054
1798165
1799227
1800012
1812427
1816583
1820821
1825165
1833416
1837499
1837572
1851020
1861637
1873947
1880991
1881176
1887435
1891086
1896848
1902034
1906421
1922264
2010237
2011070
2026382
2033163
2036085
2057534
2067744
2085172
2092887
2098719
2102489
2112750
2114627
2119979
2146766
2151757
2153739
2184299
2195105
2215863
2234895
2239495
2243654
2253999
2268419
2286727
2293957
2321364
2345296
2345386
2373502
2382161
2388204
2396855
2405030
2478507
2483855
2502506
2504467
2504919
2509686
2531915
2534021
2543724
2548965
2565064
2610822
2614384
2624163
2624326
2640327
2649091
2649745
2650922
2651139
2700711
2701704
2702715
2712928
2729391
2731965
2773447
2777494
2792876
2815977
2859608
2874583
2884331
2908198
2910254
2911612
2925961
2941229
2954216
2958379
2985204
2989308
2998786
3004247
3011010
3011540
3012655
3023483
3028243
3043346
3059070
3067816
3070639
3073195
3079900
3114179
3127473
3146260
3155606
3172286
3187710
3193324
3209721
3214356
3247744
3254957
3259883
3267549
3283918
3326623
3362790
3373881
3383693
3383843
3384993
3392828
3402141
3430317
3455713
3465822
3469604
3472649
3502930
3534018
3560612
3565682
3587863
3588556
3625882
3634450
3640179
3642269
3647062
3660401
3675501
3699165
3725711
3731046
3750520
3777790
3779731
3784473
3784525
3798547
3798831
3814203
3817077
3817311
3886022
3925009
3940646
3946418
3969738
4013188
4015319
4021442
4033458
4074459
4131240
4192585
4192634
4249052
4254693
4272372
4285543
4291836
4292935
4296101
4306825
4308301
4392096
4414258
4430347
4464803
4482977
4499787
4507730
4534424
4575800
4592321
4592747
4616046
4666110
4691805
4701022
4712024
4720044
4720884
4727040
4754065
4761844
4770129
4883254
4892097
4927266
4927960
4933044
4947583
4954591
5032855
5055509
5056326
5067615
5280588
5395382
5454448
5477050
5492297
5553838
5588791
5642657
5662775
5668252
5681230
5708217
5903694
5926149
5942959
5957192
5979840
6071718
6098315
6109286
6128410
6160923
6179659
6188627
6193197
6219498
6235203
6239387
6265216
6321841
6342868
6367077
6374682
6394936
6398291
6446673
6479562
6486619
6488445
6524744
6551824
6566359
6576707
6639350
6662823
6674811
6696560
6752251
6763763
6873232
6875271
6882562
6884813
6885802
6912144
6919473
6930931
7005288
7018036
7028756
7030673
7091878
7103212
7121865
7133820
7141814
7151317
7157165
7169597
7211631
7234611
7235998
7330657
7337201
7340141
7351017
7354636
7379677
7466323
7480595
7492268
7561249
7563831
7592321
7594162
7665770
7693323
7763031
7858450
7965039
7995642
7999143
8010185
8044085
8076807
8084945
8127389
8141017
8283781
8350968
8368541
8407368
8421881
8437717
8479911
8541585
8597029
8674545
8740782
8778362
8822986
8827635
8869359
8870082
8970685
9002314
9055071
9061839
9066478
9101777
9108978
9152083
9264101
9333025
9389229
9415062
9559404
9580960
9581432
9672226
9707200
9723619
9731766
9778985
10003357
10003905
10138682
10187856
10207308
10217550
10436418
10616848
10645399
10685031
10742981
10821049
10838809
10881345
10905127
10926494
10961909
10970092
11015611
11043232
11085171
11160882
11162389
11214519
11291957
11327095
11331219
11338468
11354056
11592498
11674065
11763043
11920322
11939472
11940741
11994086
12027112
12172050
12224324
12227526
12257509
12416525
12467836
12470149
12472850
12514967
12541279
12783709
12795732
13123622
13174974
13189134
13668333
13673804
13699932
13861822
13954427
14039773
14700245
17123848
18910502
19397718
21410714
21851587
30362834
30547401
30614318
30725946
30798670
30858246
30888200
30991657
31110317
31146114
31278658
31414176
31793644
31985096
32163144
32478894
32604242
32628146
32642023
32650796
32761508
32936867
32943086
32984998
33200372
33228740
33456880
33844357
34135306
34368889
34405161
34472976
34587203
34652944
34688229
34699374
34741334
34800328
35009379
35264468
35888449
35985729
36136201
36301818
36463295
37421198
37551502
37853855
38700555
39420015
39793597
40518730
40838066
40899389
41275937
42485079
42562454
43400796
44380169
45106628
46237384
47488178
48603878
49189278
51726215
51779546
52017117
52018140
53835485
59527962
60648899
6255
11801
19057
20319
21296
31923
32872
54072
55281
61645
68101
77169
77391
77438
77454
86742
87377
88680
96334
115493
116757
128478
134910
155230
159725
170907
171969
182456
201379
210706
52123
112746
90140
262887
7625941
1654
2075
2552
2553
2567
2628
2834
3509
7071
9326
9714
9985
10335
11908
13027
14736
15986
18543
20394
22619
23402
24015
25218
25294
27609
28713
28722
28923
29771
33035
35452
40888
43444
43483
43860
44143
44296
45347
49327
49345
50767
51515
60194
60602
61272
61813
64724
66200
66884
67256
68603
69855
71885
73844
79404
81717
86529
86595
86606
86792
87081
89558
91305
96310
96416
97864
99905
100531
105471
105541
109416
109834
110765
114329
115860
116932
117292
118876
121282
121851
122188
122352
123244
128445
131647
134824
136150
136984
139672
145877
159583
161540
161647
161772
163382
163938
166096
167909
176796
178804
183113
193204
195930
199042
200859
203055
204069
205190
216002
223802
228833
232765
252666
260859
280092
280281
282034
292139
302674
307012
316024
354523
426521
480347
510758
581351
626645
632951
664115
686380
700765
708803
711702
716283
803481
829018
998636
1143397
1153720
1306535
1353209
1417786
1421399
1435029
1443052
1523601
1688877
1775981
1780927
1796550
1826019
1835382
1867747
1893178
1923362
1966644
2032484
2064203
2187443
2196858
2233815
2262354
2335600
2358100
2373691
2452982
2506787
2636320
2789878
2893558
3012469
3160565
3218369
3259842
3283200
3483384
3520498
3544438
3641864
3809810
3816917
3870442
3998702
4307131
4541558
4692985
4713503
4957941
4976207
5058240
5086552
5799127
6089016
6117927
6249210
6373175
6408277
6672113
6945648
7007917
7594367
7709242
8058342
8085207
8699156
8748804
9157159
9373402
9544073
10795937
11764483
11792690
12236523
12426536
14361081
19822674
32406169
36391575
38257763
40234364
44480018
1726
1727
110858
135644
146583
504109
1401035
1461482
2410482
2454116
2956233
3898134
5997881
6558274
10439193
32181872
2492
4045
5525
8328
9549
11267
12943
14278
14310
14411
14663
14937
14981
15001
17922
25307
27976
33664
35589
37240
40808
43216
47399
47925
53208
54997
61854
63947
64126
69278
69320
71897
73153
75526
79239
80929
83523
84011
94783
97295
99350
102031
102702
103387
103404
106006
124735
137784
138602
153504
155496
162623
163473
166385
170375
195696
213661
288948
307483
323541
467360
483040
512824
582927
590441
617510
626239
645884
649843
675722
710327
945861
950045
1237811
1377117
1382198
1396340
1640773
1687070
1703248
1764122
2083314
2118902
2140695
2314875
2389190
2395193
2550172
2815290
2922858
3139485
3447618
3537722
3540723
3564485
3621916
3731555
3776103
3968937
4304985
4446610
4729711
4926920
4976027
4976451
5004326
5357434
5985534
6071586
6182933
6500062
7204966
4000
8500
15331
16913
17369
67648
120051
127843
143356
216539
433894
1063362
3221650
7076555
3174
866905
163558
163589
1770169
2317179
437863
1738
21888
11055
12874
15195
18385
37489
42186
55202
61971
75128
85159
107385
128340
165340
199844
209625
258878
270420
295450
296278
442467
760520
1166368
1229777
1340008
1555848
2225232
2791889
3119929
5079133
10682680
10792393
11399722
11498734
31012341
41807601
46696363
1761
2684
2935
3151
3388
3439
4636
5394
5735
5990
5999
6097
7279
7535
7585
7837
8157
8599
8808
9134
10281
10942
11921
12138
12206
12215
12405
13134
13718
13814
13840
13983
14367
14741
15282
17866
17873
18520
18569
19532
20559
20727
20777
20895
21918
22193
23042
23373
23400
24471
25333
25843
26046
26330
26394
26820
27456
28008
28127
28231
28497
28895
32344
33794
33832
33936
34539
34708
34755
35266
35431
35588
35679
36508
36549
36671
37596
38227
38577
38792
41469
41577
42579
42593
43528
43704
44842
45519
46918
47221
47427
48062
48281
48412
48534
48596
49207
49563
49685
59634
60384
60572
63278
63360
63936
64858
65576
66067
66435
67767
68644
68800
70635
71186
72274
73157
74409
75372
76137
78094
78817
80857
81048
81987
82159
83894
84962
85708
86190
89411
92763
93588
93794
94202
96044
96068
96793
97082
97399
98705
100986
101066
102768
102796
103138
104683
105036
107498
109830
110346
110800
112314
114943
118167
119544
121056
121480
121990
124743
124927
125872
127615
129693
131189
135795
136688
136776
136792
139473
146150
150491
151068
154499
155087
158103
158799
158974
159139
159142
161044
162087
162331
163872
164235
164704
164820
165153
165227
167033
172389
176671
178124
181407
181514
186402
186790
190092
190415
195730
198982
199101
199138
199236
201751
203207
203580
205192
205566
207584
211196
212842
233340
249578
252153
256423
257360
261405
267586
267835
270565
274526
293060
305142
307859
324547
330202
331764
333916
340198
345161
349633
371280
379385
379714
400102
410937
415497
421431
422437
432402
433426
436132
515182
529394
548800
559573
570380
573003
593202
628435
643832
700000
702191
704943
711957
727413
738992
764488
764888
775456
778949
787420
802226
814032
827285
865773
878754
903617
911424
918852
934143
944975
946593
954192
981892
1022184
1065318
1066409
1147463
1191121
1207592
1254946
1266429
1275333
1328309
1392911
1401093
1409889
1443105
1559640
1628528
1673809
1681359
1717066
1820452
1843026
1845632
1910241
1919414
1930406
1954820
1963455
1993790
1997901
2014960
2019827
2070213
2144822
2179408
2227530
2341694
2413815
2457132
2520198
2526069
2592533
2624004
2627432
2671967
2734153
2753731
2803507
2858312
2881571
2890598
2895243
2897321
2910008
3016523
3044553
3065537
3066526
3089333
3121630
3186665
3296596
3303023
3324750
3371663
3512365
3524975
3729814
3802654
3888787
3985415
4001749
4066085
4088263
4130318
4190654
4376375
4401030
4606384
4625547
4638106
4701819
4884087
4976485
5062649
5125560
5159150
5306124
5390316
5930301
5938553
5938735
6185503
6194577
6292031
6316989
6326619
6447403
6559080
6824553
6885114
7071892
7104072
7399459
7564857
7630556
7640399
7885926
8091810
8296796
8581126
9046181
9082801
9545592
9588231
9600240
10074759
10108584
10604947
11078926
11136571
11484283
11627803
11791279
11824213
12052379
12279840
12819750
13637443
14782042
24631150
30484701
31975720
32498231
34222101
34609597
35270471
35793432
36159866
38562207
39226963
40202412
44989623
54375328
3974
5105
5581
5601
6949
8088
12030
12076
13343
13943
14995
17890
18240
19762
21401
22258
26108
26188
26191
26243
29967
30791
33720
34333
34474
34597
35110
35458
36929
38799
42357
42366
43856
45312
45941
47956
49035
51405
52353
55334
55684
56291
57854
62415
63689
64111
64282
65472
66693
67298
68128
68141
68686
68738
69976
70351
72787
72839
72942
73554
75943
79769
80959
81113
81143
82246
83448
93346
97648
103170
105707
108171
109675
110249
136888
137216
144655
153573
158718
159132
159518
163219
163752
164692
165328
169614
170048
172273
176486
177845
184703
196442
205636
206087
207250
207564
208048
216013
216402
218150
220702
226944
230839
236957
240296
242207
244826
245248
247685
250206
252883
264874
266462
293106
301549
311372
367604
367644
380635
422758
428169
442136
450162
454430
492082
492585
493901
532137
550273
595971
635854
677156
685868
703877
719753
733981
736578
751845
799223
817066
840130
848336
867548
871085
900123
931472
933223
988839
996356
1013986
1036433
1041488
1146381
1187330
1199656
1283419
1295135
1323733
1338900
1411565
1437773
1478780
1541458
1554415
1668908
1735355
1759812
1764871
1788128
1801566
1832882
1887205
1906111
2063943
2114304
2119423
2131859
2164886
2374049
2424133
2447891
2457505
2533990
2832507
3150009
3179919
3394045
3946234
4447347
4527740
5101255
6485082
2651
2679
3861
4276
4824
6535
7059
7534
8645
9444
10998
11763
15364
16576
19046
19830
19902
20722
28699
38188
40874
41613
49733
51153
52910
52997
53880
62729
64119
67666
68401
74364
79063
82117
84232
88310
89339
91252
93074
98923
102656
105176
109355
110746
113603
124716
141864
146502
155697
170008
174755
176257
200761
203491
209855
213420
249181
258679
259168
269377
278149
320623
326879
392364
408354
508908
521752
644656
647947
648694
681216
946305
988007
1004312
1134697
1270994
1375649
1408432
1457037
1578479
1595734
1718221
1785945
1830850
1852327
1917843
1943467
1946611
2066974
2121501
2125961
2361863
2819160
3003509
3109410
3116877
3278546
3517002
3524423
3524593
3547744
3585572
3775274
3984424
4427771
4864251
5003594
6479667
6562206
6936703
7505241
7916832
8498914
8522497
9484544
10127317
10495176
10691820
12425292
31892524
33531739
33917978
36137461
40354552
40401994
10831
16341
25555
35194
46149
65530
68815
79652
86853
96401
109302
113552
156716
165788
169344
189923
204690
216464
333575
463889
474828
475286
548904
601298
601484
629831
991698
994825
1069545
1201235
1300500
1461647
1491660
1541857
1706957
2033902
2067040
2144349
2396340
2413712
2574039
2610860
2876566
2912193
3357879
3668695
3876515
3983680
3998570
4289628
4356915
4557019
5780622
5927813
6325283
6575526
6794306
6823498
6901929
7490950
7537822
8328441
9076969
10196716
10233032
10881705
11623461
11688698
11762293
12303103
22997340
30780670
30873496
32028232
32199036
32669271
32800114
35055113
37312896
38585142
12382
62219
99819
102080
111056
180009
213723
218878
246828
346051
351218
400638
886266
925616
1553357
1678034
2108928
3349888
12117876
2481017
1199
2413
2986
3662
4497
5588
6898
7680
8251
8673
9732
13055
18320
19047
30720
40377
43608
48589
53311
54256
61496
61913
68326
70891
73667
74655
74727
85572
89643
93403
98105
125814
168013
191227
287895
315806
343324
399422
595330
2001
2929
10325
12463
12491
12497
12640
12645
14080
14353
15411
16089
17784
20474
20543
21092
21117
25579
27266
28563
33111
35495
36614
41547
42189
42771
44348
44574
51482
52295
62199
67421
68160
78604
82185
89251
97057
98169
100826
102548
104128
117416
128199
129809
130879
131521
132826
135310
143361
148771
149709
153725
155738
156506
157731
158119
160420
161357
172780
173548
176674
182481
183226
185957
196335
197065
199484
200198
201742
201925
202123
203277
206801
212919
213076
222199
230403
235139
236971
239460
245347
264538
267649
276322
279902
284368
291867
292068
292562
298865
299422
316793
320586
322159
326979
334521
344697
348602
348604
379689
381105
398638
399401
423497
424430
424440
424835
434500
444918
461407
503640
509179
537305
540742
549036
561842
570047
576582
601151
606822
627834
650865
691369
696183
700107
705194
716938
717280
719231
742596
748730
763488
778726
807270
819228
820003
850765
857398
892229
914682
921539
921561
925825
926723
932454
937676
954540
967492
989436
991251
993224
998095
1004810
1016168
1055626
1055931
1072815
1073501
1093839
1110948
1115534
1142925
1184699
1191093
1207700
1226020
1226647
1265917
1286613
1395950
1456135
1485849
1527307
1557371
1597888
1615590
1653571
1670459
1693224
1694038
1695650
1707315
1715040
1722618
1748695
1755353
1772930
1775479
1781485
1781555
1785338
1790616
1792526
1800503
1806164
1809755
1815065
1825537
1837974
1886442
1888598
1894827
1902807
1932108
1943819
1955275
2006179
2009674
2013560
2021078
2025386
2064051
2067724
2078061
2099651
2168452
2189535
2189735
2209530
2245332
2248501
2250048
2253806
2310933
2321935
2359623
2395349
2406804
2408763
2421682
2430772
2448269
2451976
2479817
2480767
2517443
2527345
2533951
2553048
2591027
2600275
2620059
2655588
2720028
2723695
2785986
2797497
2809405
2812166
2819876
2880997
2929137
3056853
3068424
3070252
3106224
3108543
3113893
3242603
3280403
3299542
3305978
3315137
3329065
3364037
3411574
3425626
3429500
3465731
3478577
3483088
3585136
3606814
3638784
3721154
3781837
3844230
3921770
3960581
3967014
3978351
4032912
4220231
4245066
4285076
4294502
4310882
4438457
4459150
4606058
4613303
4626909
4658095
4685885
4718811
4757806
4879150
5034006
5036903
5064707
5073755
5132413
5236163
5422309
5538535
5605331
5699844
5724246
6071201
6094552
6097217
6107276
6111975
6119244
6119503
6150102
6156726
6189454
6243641
6245113
6245647
6253772
6257534
6259310
6262535
6320091
6322837
6367969
6394030
6464600
6496954
6566054
6583586
6620257
6659977
6686926
6719932
6762345
6809322
6841900
6861870
6887592
6937783
6966551
6970176
7006068
7031795
7045067
7088047
7107108
7136444
7157709
7213511
7223169
7268776
7325986
7340273
7379031
7429034
7506050
7532093
7556123
7560515
7561969
7615725
7629518
7659138
7690879
7709866
7739256
7742088
7799716
7896340
8027923
8066121
8164930
8220965
8221526
8258463
8261961
8288998
8392230
8406463
8451929
8464783
8500531
8514220
8517234
8536515
8537176
8551566
8651155
8760654
8776088
9038131
9232821
9242626
9340775
9360050
9420511
9421202
9474454
9492230
9773207
9776427
10004017
10051918
10060787
10314053
10321641
10330946
10341482
10395708
10538658
10601543
10610523
10643388
10952457
10953477
10955836
11045604
11066337
11100369
11109861
11135452
11181079
11182418
11219354
11343190
11380756
11597943
11654681
11657458
11729878
11786094
12011450
12121566
12153458
12166040
12213155
12241865
12300564
12326624
12340693
12604408
12670405
12805672
12837160
12838120
13121849
13166447
13253470
13261744
13288932
13291289
13328399
13426575
13525635
13650068
13681130
14301787
14376976
14585732
16146885
18760944
20243361
21361076
21479659
22237808
27562100
27833714
28418391
30391842
30419740
30587189
30709616
30888463
30944923
31158996
31539209
31557399
32084120
32314713
32389893
32532178
32804551
33026703
33319109
33479795
33742368
33749973
33821688
33849536
33939975
34009032
34148261
34385127
34398997
34419692
34480164
34744719
35335988
35599756
37185082
37663544
37674817
38102643
38732482
38755968
38793334
39192564
39378370
39473148
39511397
39825744
39919649
40227772
40233508
40604396
41054862
41144364
41530501
41545692
42165223
42332410
42783638
43314485
43575903
43847513
43977930
44301507
44395228
44702891
44898070
45453726
46151434
47118561
47349566
47560879
48152797
49563772
51813951
2113
2201
2255
2258
2334
2359
2361
2367
2422
4373
4717
5547
6380
7262
7897
8479
8486
8507
9308
9730
10539
11182
11205
11237
11253
11888
12727
13511
14408
14649
14737
18388
21477
22196
22501
24302
25444
25979
26410
27337
29910
31896
32997
33652
33805
33881
35338
36045
36054
36059
36064
36069
36133
36649
37474
37871
39427
43928
45743
47379
47621
48002
48292
50428
50707
52195
52554
54203
54319
60790
63242
70506
74603
77811
78716
79259
81556
81790
83022
85206
85697
86465
87826
90947
94705
95108
97128
97654
103010
103645
104533
105101
107256
107476
108636
108698
109235
111432
111864
113022
113388
113391
117852
117950
117962
119142
123591
124437
125579
128740
131633
135144
137116
137579
143638
145054
147415
150787
154530
155112
159774
160690
163871
165262
165814
169607
172330
175765
176242
178558
178966
182091
184384
204460
208330
208651
209787
210921
215479
216826
228649
239659
240708
247764
248049
248889
250307
264671
266684
270867
274239
287878
288069
371574
378952
381303
406579
418482
427505
471522
562703
571074
585772
671020
713138
746760
755375
841420
842842
880700
882783
883609
920910
921422
968786
975862
984455
1026444
1099385
1133053
1204465
1207812
1245777
1353524
1370676
1391343
1398837
1399001
1444379
1636212
1791799
1818322
1836629
1948968
2093701
2139714
2163443
2293543
2361590
2491009
2522785
2575174
2737030
3010414
3265170
3625611
3732893
3888523
4192950
4318223
4364151
4754408
4892781
4981891
5111123
5147297
5227764
5299809
5527885
5753601
6331500
6352908
6365689
6681537
6904441
7198384
7338115
7349099
7402720
7679352
7767778
7812128
7834608
8328724
8481680
8627656
8717869
8795895
8869799
9564724
10145292
10157154
10752604
10920102
10973117
11033381
11263714
11264408
12058499
12726038
13354401
14400831
21489081
31758904
32443615
32558955
33895864
34811925
1958
1959
2546
2812
3666
3710
5595
8290
12480
15243
15463
18741
20426
21639
22397
24309
25512
30240
33714
33725
34032
39333
41169
44782
69707
69793
70063
73167
74503
78550
86419
94883
103021
103414
107021
107324
109267
120090
153660
154319
167051
167075
170376
180718
186192
186994
187188
201125
234152
248357
278263
312482
395409
497643
527517
583577
597074
612494
618377
631153
648176
663741
708924
747655
768564
790828
800397
813102
905596
906206
933955
950552
1053896
1059425
1062938
1082569
1156171
1161991
1167530
1209367
1254811
1302446
1310891
1324298
1364536
1391632
1422508
1434415
1469841
1479524
1578387
1613757
1628282
1679225
1688724
1689623
1712135
1764426
1772483
1843067
1874788
1880486
1953840
1958935
1968763
2098194
2197789
2288898
2297271
2321235
2361463
2367397
2377502
2382191
2385618
2388724
2417873
2465405
2503582
2517667
2522140
2531068
2577015
2609862
2631881
2663561
2746774
2832986
2851524
2888505
2900650
2917599
2945209
2972869
2985547
3010960
3013076
3020179
3041353
3167414
3173942
3189052
3196576
3232708
3332981
3346241
3455982
3499787
3516026
3586841
3621063
3726229
3726952
3729424
3739418
3796292
3801882
3803028
3821018
3840149
3852929
3930300
3965107
3965986
4011595
4019413
4022507
4028975
4187469
4265172
4302551
4313589
4387318
4412999
4438467
4452493
4465349
4499123
4510950
4666639
4703192
4753182
4849559
4862976
4898267
5004314
5020437
5053762
5106433
5109908
5243120
5687137
5938207
5962958
5976007
6094283
6094572
6163674
6242125
6290988
6319141
6431407
6454377
6488027
6499370
6527252
6558912
6565372
6705826
6708768
6865888
6870454
6872385
7099019
7183659
7207844
7263065
7600887
7601094
7635354
7639804
7704430
7734009
7746717
7831212
7833050
7875343
7881865
7943423
7976500
8026488
8227904
8243590
8638457
8702392
8708404
8716554
8770075
8794808
8841976
9083025
9348362
9496267
9561947
9571070
10065063
10068406
10144881
10266048
10688147
10689140
10701761
10761421
10783999
10848255
10873972
10960821
11256549
11278253
11334254
11533535
11582807
11585621
11691178
11853227
12063700
12090207
12237421
12323002
12468023
12500972
12545707
13183781
13211645
13622493
13680964
13837576
14699505
14941968
24822792
25507391
26789147
27127907
30416688
30461966
30626004
30828169
31100121
31231764
31338534
31553351
32275313
32304996
32403421
33318543
33409475
33558984
33617884
33914432
34012660
34155331
34410650
34537305
34556619
34635863
34970802
35000547
35351548
35819878
35852531
36166278
36338173
37007351
37081266
37161295
37249390
37284330
37665619
37809246
38275746
38378476
38803669
39246129
39533344
39946334
40365594
40374663
40636372
40692509
40799607
40861259
40926053
41167101
41647302
41923173
42594056
42714191
42900379
43093173
44865681
45183712
45960350
46052947
46156317
47473615
49221820
49901936
50076498
50154188
50406797
51491535
51946178
52047399
52060771
55371142
57080272
58119608
60311933
7230
10981
20586
25771
26264
26356
34048
34772
40348
42309
43196
53791
64628
71784
79575
79993
81567
84290
84784
97487
109194
113214
126945
134775
140266
150846
151848
157617
161708
161794
176554
182318
186844
194482
201131
206290
230120
231476
276234
281415
283604
287164
317706
324438
324955
326317
346992
367637
412120
418525
434361
439146
454440
484461
512258
521943
594415
599054
649777
671490
684108
695559
718256
784214
798626
799151
867126
868935
871449
891848
907328
929524
974895
997478
1054672
1089274
1110739
1120181
1120662
1248334
1256156
1350819
1395421
1480289
1657032
1711647
1734641
1750925
1762108
1899241
1924867
1955617
1973952
2026604
2028888
2060816
2117952
2125463
2140306
2179736
2189479
2216159
2260737
2261525
2280081
2296250
2354500
2407162
2412510
2454887
2486046
2486534
2534656
2650557
2767700
2771685
2795394
2835662
2900151
3002018
3004677
3009229
3038374
3066104
3161405
3173690
3319004
3345201
3357033
3364788
3543130
3568718
3711781
3719973
3754996
3759083
3843396
3864281
3936077
3936994
4047087
4103069
4307172
4481098
4507675
4659196
4924175
5014736
5017911
5101018
5571166
5630327
5661232
5729160
5901697
5937146
5948041
6124338
6137984
6167255
6173930
6268685
6460224
6553192
6562586
6668108
6670580
6752002
6755397
6770951
6796373
6806774
6835750
7111728
7140361
7187520
7331439
7378365
7392113
7452222
7714872
7764347
8077502
8079610
8084038
8129276
8163543
8238520
8259450
8310042
8320207
8337755
8931674
9054713
9091324
9111281
9291501
9350935
9579370
9613047
10123687
10188430
10313003
10317078
10491097
10531417
10587899
10605075
10625633
10773465
10837678
11007800
11037299
11091938
11109151
11287494
11343046
11358356
11410276
11577854
11736273
11829803
11911443
12204334
12228072
12459099
12505694
12543152
12661892
13642447
13687223
16432484
17704037
26627234
28258481
28493188
30241217
30371067
30400137
30505002
30549402
30613296
30788428
30959010
30971739
31115351
31115973
31135485
31172157
31238114
31307346
31883182
31943944
32741693
32893295
33182850
33234080
33391613
33490890
33717418
34214750
34255250
34732430
34931599
35258774
35591269
35694957
35894786
35909535
35916623
36470611
36483439
37094088
37123362
37439615
37741492
37767192
38159200
38299120
38389761
38876015
39363754
40039517
40057928
40767291
41249865
41407480
44044648
44251992
46256612
47190318
47609253
48260509
48935127
49794209
51747794
51844524
51923435
52175721
59269014
59995924
60196847
61637678
476904
3041321
10841895
77393
1297630
1984942
2290
11191
36074
120067
145092
199328
2224199
3709339
7381704
7862499
12243372
12823213
17926891
2600
3780
3917
4912
6189
7579
7617
7619
7912
7968
8096
8148
8153
8174
11249
11917
12954
16484
17913
20638
20726
22041
24573
26466
27017
28908
30011
30370
32615
32899
32928
33325
33637
34604
38739
41019
43380
43689
44277
44284
45933
46915
47460
47590
48116
48274
48700
50650
52204
52805
56930
59555
63000
63805
69132
71325
71988
72962
77175
78358
79000
80429
85154
86559
86599
89240
89887
94229
98897
101114
104170
108205
109710
118774
119780
124524
124620
124940
126251
135554
139410
144581
152837
155334
155409
155771
158882
160993
164294
166126
167220
173537
176749
177944
184816
185619
186853
195018
209047
212662
213431
218052
227872
257987
260027
298573
301852
312803
319323
329463
331002
334941
360232
360678
376798
391370
411052
427370
435151
511740
544537
685021
739000
757950
799440
849829
860480
906243
1031729
1149179
1151362
1264217
1280487
1329413
1398336
1456873
1483931
1639371
1740981
1750174
1763321
1789351
1838981
1844434
1940449
2056400
2119981
2125059
2197125
2211016
2334643
2362477
2375654
2388583
2448435
2500885
2627102
2629147
2684120
2768133
2801271
2814012
3028295
3094116
3200561
3212243
3327430
3354144
3517894
3583925
3625348
3690460
3732945
3776555
3788990
3893461
4188489
4193829
4243906
4340077
4410810
4467797
4778608
5095950
5484230
5570526
5985395
6122486
6374293
6713300
6771662
6862412
6864019
6908234
7037930
7053665
7082034
7309147
7364923
7403611
7429783
7606427
7810579
7822401
8090328
8963829
9158670
9402970
9415286
9551796
9713750
9782162
10013775
10142059
10200114
10352393
10526244
10685140
10895682
11053215
11263318
11375252
11440771
11976554
12191790
12325707
13091942
13632453
14204954
15201121
29739541
30363070
32669253
33320502
33327885
33431343
34734979
36520601
38633056
40168106
45346925
51759258
52003089
1946
1951
2779
4890
8935
49108
61934
64503
66970
116805
123105
376364
393521
428546
1752161
1833702
8525017
6951603
4380
5565
6284
6288
7169
9523
11835
14559
14863
18057
18407
18492
18671
20754
24607
24799
27312
28536
29347
29524
29731
29823
31689
32340
32998
34226
35154
35279
36745
37157
37641
39001
42795
43135
43160
47115
47595
47641
48129
48481
49507
59751
61658
63415
64426
68064
68342
70226
74948
76687
77252
79083
80203
80577
81462
88267
88336
89375
90070
90965
91083
91243
92849
96121
96169
97001
98511
100925
101089
103529
105731
107566
110425
115070
118493
119391
120641
124768
127239
128797
133351
134298
134677
135876
135932
136034
140093
144627
146486
150805
151194
153043
155800
160007
168026
168434
169955
178176
179461
180883
186546
188110
192724
194252
194382
204080
205630
210995
212381
213054
216299
218213
230113
233888
238643
240148
245173
260114
261147
276821
290474
291816
295422
306293
316592
320698
325528
326281
330105
352598
367666
375909
393888
399418
406260
423723
433260
435702
454296
470890
485842
487508
510513
563369
563623
564556
564963
621724
638322
639367
650010
651563
674428
738748
791764
797658
800949
820095
826438
841712
886065
925479
928291
947067
960530
961663
994246
996314
1028991
1044784
1076672
1090750
1102330
1117339
1200789
1267609
1275065
1295903
1302999
1324457
1337461
1366564
1381307
1399391
1408256
1445582
1457330
1462235
1517622
1525717
1528700
1563126
1574798
1588415
1633549
1653820
1659205
1682381
1728805
1790014
1793137
1839348
1853857
1873504
1877494
1885265
1911237
1935286
1977971
2024737
2061505
2075638
2090410
2093645
2096567
2119252
2166689
2184798
2185016
2193191
2216266
2218214
2220732
2225065
2285078
2298443
2304389
2314650
2355252
2356187
2396854
2406756
2496556
2496742
2531415
2536732
2580043
2594366
2601919
2617522
2623748
2637402
2646237
2711473
2712459
2807201
2820613
2831496
2834463
2845755
2878020
2916546
2960637
2982012
3006674
3060460
3125773
3173333
3176823
3226285
3262954
3267904
3311572
3328585
3358496
3362534
3384342
3386637
3396193
3397998
3406584
3527871
3635484
3693905
3704781
3719643
3723358
3729248
3818807
3967866
3997559
4087137
4109844
4339382
4384090
4448024
4493328
4539600
4559020
4634796
4664382
4667478
4674130
4859489
5103967
5424800
5495193
5499874
5541911
5556931
5605619
5684017
5712321
5724589
5745543
5774238
5952088
6114970
6139759
6170130
6181391
6243562
6253995
6410621
6435582
6459691
6519422
6574210
6599673
6820340
6842446
6843769
6992145
7026134
7094054
7112151
7119257
7294883
7363306
7381539
7466772
7543358
7548938
7648387
7833466
7881316
8084659
8109379
8123340
8146704
8157076
8219900
8234690
8309653
8491056
8545880
8640517
8961637
9130531
9198804
9319421
9375384
9377946
9559731
10507830
10542647
10957093
11317549
11622218
12669660
12832899
13231274
13699498
23203269
31586986
31873041
33476951
33940331
36829303
38195632
50768072
52924443
2105
2816
4354
5572
6330
8520
10488
11578
12020
13234
14819
16851
17768
24196
29224
34736
41038
43539
46661
47351
61500
65653
85096
87067
87321
91840
92640
96126
113713
117607
125555
128096
141769
167720
168461
187978
219769
226481
289672
306508
413016
1034976
1397803
1481731
1546365
2602929
4609881
7621210
17988395
33245339
33884981
34333941
37304781
40903010
25787
182955
1021547
1456048
1466978
1856047
1868190
1896371
2112856
2134954
2395241
2492254
2692266
2761532
3289068
3390003
3511960
3683700
3685966
3772247
4652224
4993807
5051228
5088012
5390082
6180852
6525869
6825255
7126428
7391041
7636970
8265108
8778041
8869572
11261793
12809900
13280217
26188559
30604496
41857783
52016585
1636
2645
2747
4672
5328
5431
5596
5632
5970
6164
8293
9116
10597
11610
11981
15813
18265
18464
18794
18946
18968
19219
19805
20216
21128
22059
23386
26315
27331
27614
27651
29706
29936
31348
31764
31916
34170
34503
34707
34714
35448
38199
41511
41621
44535
45800
46200
47467
47902
48259
48716
52135
53501
54450
55110
55422
60555
63135
63931
65866
68066
72510
73386
73526
74497
75039
75324
77521
80550
82931
84507
86111
86240
87466
88343
89474
94240
94341
100282
102023
102879
102973
103289
107057
108113
109011
109408
111021
111148
114333
116165
119208
120399
123507
128643
131244
131417
131456
133027
133354
135716
136213
138097
142443
145813
147956
150536
154565
155772
156037
156689
158479
158874
159062
159913
161260
162050
164605
166994
168454
168899
170625
171541
171846
173140
177304
177717
178285
178884
179102
179259
179611
179862
180671
184715
186841
187350
187554
187829
197119
198457
199820
201207
202626
206190
209499
209521
209880
215893
230363
231313
233886
234192
234395
236235
238162
239995
248134
252011
252636
263396
267562
271029
273902
273905
276506
289408
294177
308872
308948
311830
315520
317240
321371
321782
331227
350623
364737
373519
377190
404884
424923
431963
438737
439778
452489
455301
479290
484623
486224
497971
523655
534595
544702
545782
552657
566976
571395
573299
584066
586406
604528
620460
620620
622409
623736
629151
669273
688752
707628
713350
741193
742849
748062
764470
766301
785672
811946
840708
840983
843980
887412
891878
904099
916498
942453
947108
986193
986913
1006204
1012153
1020869
1021834
1022626
1027798
1050006
1055437
1057772
1059555
1068140
1068956
1073614
1091914
1113448
1137009
1146795
1147649
1147734
1151915
1156966
1169453
1171531
1181397
1191520
1220937
1236822
1242849
1250240
1254986
1266454
1272041
1281165
1283308
1285435
1308776
1318063
1336412
1340864
1354150
1392943
1403936
1404960
1405937
1416835
1426053
1436825
1453997
1456755
1497842
1503496
1524073
1538733
1540528
1552409
1561525
1571474
1598897
1602141
1630659
1633771
1658417
1662034
1669494
1679812
1681194
1698388
1712653
1721306
1728741
1740037
1740869
1762705
1763663
1774371
1798625
1800174
1802228
1804743
1806114
1836830
1839854
1846799
1849032
1873064
1878196
1903867
1918445
1929276
1937790
1941622
1959165
1959440
1973454
1998043
2000073
2004131
2005243
2011958
2013684
2032948
2046854
2054516
2061658
2101077
2113486
2128921
2136945
2142184
2156925
2160730
2190947
2195604
2199001
2211838
2219244
2220347
2224298
2228149
2231264
2231598
2238985
2243089
2246073
2246802
2254308
2261124
2276144
2297978
2300651
2327316
2354570
2356333
2357862
2374837
2375205
2379262
2381060
2384215
2388518
2396824
2407851
2409917
2410976
2426037
2440411
2462193
2467233
2471395
2481234
2481373
2485135
2504303
2515327
2519985
2538895
2554148
2555839
2583569
2586895
2593181
2606615
2607019
2607646
2629690
2634424
2637840
2638330
2644244
2650199
2651969
2654273
2655834
2662935
2675865
2692388
2696202
2697356
2711182
2768865
2770605
2776227
2779422
2787447
2793357
2794477
2798697
2813904
2841077
2841946
2848845
2887731
2896102
2916581
2925685
2929986
2952493
2960898
2993067
2996554
2999220
3011220
3040534
3053828
3062347
3139327
3142759
3149691
3155264
3172542
3176870
3186890
3188937
3215522
3220981
3227551
3237263
3238349
3247832
3260212
3264030
3264897
3266574
3272138
3273814
3279991
3282732
3287151
3315471
3321079
3332044
3335834
3344015
3357693
3359902
3367862
3391309
3395003
3399524
3403210
3411836
3425703
3436300
3467052
3480792
3492266
3526579
3577090
3580961
3593048
3598511
3602998
3607904
3630903
3633051
3636780
3637921
3642496
3648129
3652690
3669091
3683211
3695159
3708669
3721197
3762035
3765815
3771689
3773228
3777789
3796848
3808065
3809701
3814544
3831358
3849864
3859144
3863143
3873269
3878531
3909518
3943561
3946688
3947173
3954320
3959736
3964206
4006919
4026881
4067474
4101783
4126282
4131439
4187633
4262192
4264981
4293179
4308361
4339849
4375629
4376705
4376781
4388363
4397386
4404595
4409107
4416461
4432217
4456220
4460842
4469937
4481257
4506166
4522317
4576428
4607087
4616015
4630695
4633366
4642399
4684683
4684986
4688443
4723650
4742860
4758369
4860843
4861760
4884294
4908399
4961815
4967835
4971368
4981426
4990455
4999088
5007868
5022551
5029485
5034903
5062686
5078395
5089494
5121378
5127350
5144475
5161151
5256019
5409487
5415493
5423967
5434738
5473722
5508406
5520031
5540973
5543126
5544863
5562093
5582986
5622270
5639210
5688038
5719649
5760988
5765310
5771268
5780533
5817979
5868650
5875590
5922074
5928975
5972359
6071640
6101088
6110351
6138559
6163695
6167964
6170762
6175596
6179034
6204147
6213184
6239096
6258463
6268610
6299018
6357328
6362143
6365155
6396561
6399302
6409639
6421447
6423624
6468979
6472183
6480187
6480488
6483938
6487748
6497969
6503672
6506218
6554326
6570553
6586324
6591698
6596666
6598456
6599359
6599792
6614774
6619399
6625512
6665811
6668132
6691868
6714667
6723665
6731057
6779861
6789536
6867357
6908377
6915769
6929526
6962267
6967179
7000963
7002539
7012167
7025472
7084706
7116885
7153617
7159683
7236207
7250870
7258457
7275303
7300032
7321027
7336402
7355596
7401203
7431016
7441926
7454570
7473633
7490328
7498150
7502767
7529413
7534644
7638611
7670976
7684438
7716979
7721572
7733647
7752692
7762368
7787992
7822949
7834590
7865492
7882150
7901245
7932441
7949630
7950310
7962231
7962637
7968617
7975774
7988800
8028571
8055278
8073987
8084842
8087939
8097300
8164608
8177179
8193533
8194365
8202025
8238257
8251668
8264713
8268346
8303506
8309188
8316867
8326670
8327431
8330047
8330749
8339104
8358303
8389943
8417851
8437457
8439256
8449539
8455975
8460246
8463745
8479592
8493502
8532330
8562025
8569447
8580647
8618590
8622631
8639828
8648672
8684269
8709881
8710255
8726172
8731277
8733679
8738360
8765989
8775980
8846364
8860241
8879778
8935796
8959564
8973514
8980642
9085504
9089182
9124621
9160082
9160859
9182401
9189605
9202257
9227773
9230397
9239486
9266937
9285046
9391895
9392988
9396228
9397601
9401682
9402431
9402767
9412478
9474670
9494871
9514678
9522888
9534104
9536673
9556122
9560893
9577975
9594972
9613976
9614518
9635473
9637075
9641215
9642849
9668523
9676191
9717849
9737347
9764791
9769431
9879460
10004502
10012250
10012574
10014704
10031245
10054887
10078787
10085324
10089477
10161570
10161617
10167660
10180313
10198686
10213547
10293665
10295974
10323520
10341206
10341526
10343605
10345229
10362139
10386608
10386963
10412484
10489823
10492566
10497278
10522153
10527974
10588662
10607234
10610178
10626546
10635156
10669031
10698471
10700482
10710144
10774150
10785451
10796037
10824314
10833656
10835261
10904418
10914847
10919252
10953065
10956980
10970081
10970582
10989734
11004355
11007332
11013727
11029094
11072532
11079496
11098299
11100845
11121467
11143232
11169505
11177959
11184254
11186168
11207796
11265632
11267996
11270719
11271781
11284292
11305775
11374901
11459131
11474271
11477978
11491091
11529655
11563698
11579693
11615267
11635111
11655478
11670696
11694980
11709305
11743105
11756289
11791613
11793042
11820146
11873505
11877901
11891849
11907565
11946452
11980432
11980739
11981952
11989078
11993021
11998412
11999690
12042867
12048005
12058908
12101476
12117053
12125464
12164036
12183276
12186966
12201330
12215080
12218355
12255143
12261753
12300528
12343415
12345618
12362863
12364132
12378003
12381584
12431668
12508235
12515381
12524105
12525290
12560551
12604816
12616089
12666789
12702222
12702476
12767834
12768706
12788091
13101892
13133944
13149985
13159025
13168763
13169527
13176859
13230069
13314394
13352972
13358501
13362208
13366750
13368414
13400473
13629109
13665131
13757659
13769883
13885394
13944892
13967375
14132598
14187918
14317391
14916468
15911452
17550684
18654607
18809732
19073414
19082095
19429532
20219666
21113531
21734898
21960232
22328950
22749741
22956288
23700479
23815698
24179035
24400453
24645176
24897634
25790870
25791457
25938045
26618925
26771949
27364278
27468111
28119886
28204603
29015461
29169757
29364689
29416379
29560778
30039874
30330268
30369643
30374100
30417184
30485430
30512658
30536871
30598136
30655759
30702362
30710637
30726777
30786739
30801301
30833913
30869761
30898900
30920056
30952562
31003897
31009316
31137727
31145454
31196653
31241159
31342420
31376283
31406236
31408664
31419251
31538954
31574198
31605525
31636704
31730353
31810997
31846006
31853417
31936351
31957371
31983249
31985705
32016024
32059543
32094284
32149449
32200161
32252523
32295398
32387475
32415851
32438866
32448621
32457108
32491360
32600884
32621704
32627932
32628269
32672250
32678709
32700672
32724704
32783027
32788510
32832946
32852605
32878304
32904307
33049149
33075925
33090712
33105402
33111574
33113993
33305893
33346429
33454775
33482062
33482073
33484461
33522473
33567384
33576627
33645019
33675374
33689711
33798516
33883508
34052568
34105608
34287808
34333629
34368143
34442726
34592702
34647949
34653705
34671078
34687539
34744110
34899868
34904345
34908221
34930316
34961218
34996903
35079779
35160309
35241405
35284039
35347570
35358123
35410466
35418079
35469500
35518945
35722103
35723833
35799810
35801457
35857994
35913363
35934016
36050393
36089747
36123673
36149668
36151855
36176495
36270415
36369037
36516673
36527444
36612113
36626806
36752197
36758025
36796868
36815159
36867050
36890156
36925605
36970471
37076220
37277247
37311333
37426522
37437765
37445432
37614828
37624867
37723448
37750452
37752612
37753310
37815096
37855923
37923867
37991028
38038571
38075234
38155080
38156626
38212211
38274487
38311287
38345632
38358706
38387435
38520705
38657815
38950352
39069117
39101947
39331555
39411845
39530424
39564406
39820262
40035753
40333838
40619848
40671428
40954403
41189050
41418158
41568926
41604941
41803308
41828381
42095709
42178067
42192076
42207876
42336259
42685299
42691433
42823238
42891662
42980207
42990861
43070552
43354259
43436812
43438482
43491661
43525831
43727532
43900466
43951790
44076352
44146978
44174479
44430143
44439879
44442049
44450711
44553453
44592291
44610873
44663205
44783657
44869267
45009168
45059530
45074156
45108280
45264416
45270656
45271479
45526609
46043269
46270888
46393066
46606045
46625627
46656734
46754203
46938657
47265818
47269125
47781855
47961818
48680428
48682506
48757413
48803600
48854030
48959018
49031040
49123817
49193702
49859236
50262838
50341239
50415941
50521197
50934967
51260926
51719396
51744348
51745792
51748424
51779792
51833702
51842760
51903723
51921684
51969096
51969474
52117821
52127719
52302416
56372268
56372805
56463844
56474407
56602560
57081152
57184964
57429401
58304379
60351884
60571469
61130930
61348598
63388199
63684906
64226227
64529669
66627933
12250
11840176
1633
1979
1981
2074
2077
2080
2213
2264
2551
2559
2563
2570
2574
2575
2576
2577
2579
2584
2605
2606
2619
2658
2748
2752
2795
2818
2835
2841
2842
2863
2887
2906
2959
2973
3035
3052
3069
3073
3103
3105
3168
3172
3199
3237
3252
3267
3309
3314
3339
3396
3405
3437
3446
3502
3512
3531
3541
3569
3577
3630
3672
3676
3678
3685
3695
3696
3706
3708
17178
19203
21497
26024
35855
41934
52853
68248
100646
103286
109319
151171
162748
165144
186674
187377
207527
214722
230484
233246
239142
242027
252821
256139
349891
379886
408006
424986
494099
583936
636994
704343
704613
938331
1006791
1082776
1184473
1210084
1251905
1499229
1555378
1590178
1817463
1990673
2688217
2750048
2781336
3587891
5200
10473
11920
13049
13547
13909
14304
15239
15335
17111
21900
22284
23506
24620
26229
26679
28173
37261
37330
37600
43072
45211
62128
63410
70206
73440
91352
92687
94533
99894
121148
130866
137032
138665
143607
144249
146220
152840
159252
160028
169803
170642
171378
179894
192304
208557
220189
254446
268708
272197
291994
293978
314629
357553
401908
404532
428146
647678
666688
670857
712540
725430
767112
787060
804935
824619
867145
896389
905084
948586
963512
985192
1001286
1044807
1048294
1094888
1112535
1142899
1142995
1189394
1194263
1213834
1219185
1244134
1267297
1270892
1279801
1279939
1382152
1444944
1524111
1548644
1551528
1695767
1716222
1796265
1858825
1892785
1953852
1974051
2020527
2077202
2212747
2255193
2298436
2402194
2408080
2413527
2458929
2524987
2551538
2634429
2653051
2696577
2725620
2733692
2766864
2926975
2978512
3102634
3110086
3119707
3187523
3541470
3635198
3739301
3878359
3879466
3940028
4020821
4384400
4389380
4414962
4450633
4539671
4556117
4615890
4726421
4908376
5117238
5516787
5681728
5711539
6103148
6135967
6177903
6190389
6270171
6405031
6653778
6762739
6867365
6975062
7009981
7327574
7329936
7860650
8041998
8182207
8213223
8236660
8372551
8719118
8888520
9178653
9393150
9413956
10060696
10074050
10112756
10156429
10527801
10562767
10844365
10892566
10944938
11251735
11650791
11816795
11921584
13197016
13414550
16081448
30941916
31188009
32837948
33749578
34787242
35646504
42589933
48574862
50716946
50920880
1736
4289
4649
7275
7809
8626
8743
11260
11635
13827
14424
17280
18177
18524
18533
18849
21002
21344
21480
21536
21631
22509
24807
26227
29537
29633
30830
32848
33228
34141
35001
38694
41753
42260
42402
51291
61460
65371
66114
68765
72765
74661
76635
77439
77971
78747
84460
87645
90953
95321
95397
107395
108062
112009
118139
119440
130123
134251
136536
137419
137954
142316
147254
148445
149161
154547
154695
155140
155706
156369
157680
167286
173836
175304
180628
185671
190609
201911
207510
209389
216968
219953
226221
226985
227306
249120
256994
266787
275845
308089
309935
315460
322332
344042
350716
362716
369022
370248
372307
420780
425748
455030
472626
479373
485529
486596
488223
505834
546987
562267
562549
575137
587747
588070
620017
648713
654399
683314
690433
741505
744322
785822
799003
808611
813300
842039
857255
883300
901849
905051
931708
994256
1000028
1014609
1014889
1071569
1084425
1108814
1111929
1116546
1160906
1161539
1187356
1202162
1216677
1216863
1224366
1228232
1254155
1255871
1269584
1300248
1391687
1397633
1423746
1461785
1496832
1509801
1620129
1695596
1696333
1716897
1811443
1843199
1939589
1951945
1971424
1971689
1991559
2024852
2035554
2044674
2054012
2058443
2059751
2062575
2130361
2272543
2282937
2330806
2347127
2348304
2371191
2376901
2390265
2401935
2432809
2447747
2458637
2466934
2474092
2541704
2576463
2613332
2625880
2641050
2728716
2769312
2779782
2838884
2847863
2883266
2909059
2924739
2944376
2958073
2968310
2982289
3128183
3134189
3214153
3396408
3479046
3520171
3735181
3788508
3817054
3832438
3833105
3985294
3992849
4020712
4023681
4036822
4282653
4415243
4536279
4542434
4564365
4570768
4606561
4705865
4755025
4945777
4947658
4984648
4985190
4998554
5435785
5508385
5547567
5568345
5632896
5686329
5792057
5832026
5875742
5967226
6173176
6187276
6191900
6290971
6305326
6310989
6313962
6324679
6458101
6480439
6535633
6642733
6669394
6671808
6712011
6796546
6817560
6843261
6967390
7321031
7481877
7515229
7568905
7576702
7682916
7683448
7721407
7767074
7844732
7861453
7973368
8073470
8078537
8115323
8143387
8225561
8428639
8519662
8675052
8695504
8763973
8776543
8805970
8932036
9041320
9054954
9081777
9092566
9098125
9181825
9249816
9337233
9365598
9550695
9731191
9860573
10057636
10110545
10126412
10248367
10387020
10503106
10530881
10589622
10601591
10606534
10612900
10644061
10857647
10864000
10879252
10945130
10958539
10979908
10986819
11026718
11052169
11058089
11186406
11290941
11307730
11417611
11610748
11611027
11929272
11938473
11940709
12141488
12155617
12224987
12342524
12377470
12418203
13199397
13306504
13631152
13643960
14113987
14131125
14222272
18601922
21448171
21794647
24548493
24814333
30359987
30372596
30463856
30608311
30712890
30906988
31043353
31314374
31402237
31650673
32246511
32254597
32505191
32551957
33068775
33176083
33197918
33256981
33268610
33801078
34076530
34391491
34439738
34737720
34891882
35323933
35421934
35496353
35596234
36224413
36276410
36872373
36910201
37133742
37569371
37738827
39262665
39353202
39511538
39810632
39878921
39879936
40147527
40610326
40895080
41034191
41088285
41091003
42002238
42120767
42707997
43838786
44866234
48754829
50854680
58171517
65237502
2054
3593761
4910
9016
23418
28221
28931
33791
35274
46774
52420
59596
61902
62763
66235
73809
79970
86573
87582
88741
92769
95591
110240
110333
117152
130845
132819
133953
143477
180595
186029
187172
201238
202643
206649
207213
211221
211230
212399
215715
223106
234420
234857
238420
238826
245402
245935
248623
252643
256027
263155
268755
282821
296804
311847
318159
375645
403351
417634
430979
438775
458993
469270
517083
533777
549236
549857
587943
590397
690342
696446
708867
750107
817225
994670
1011037
1025474
1057419
1077755
1081380
1098961
1191098
1241854
1281337
1383419
1393938
1442392
1445440
1640624
1731737
1738171
1741406
1758766
1804898
1818541
1826253
1904085
1928186
1946643
1949815
1979391
2094824
2121323
2156402
2158034
2188100
2195301
2213571
2398882
2400998
2428299
2456455
2471366
2497078
2590118
2598809
2606873
2620792
2636707
2636831
2694444
2801609
2852323
2858882
3023894
3164377
3245965
3301767
3351577
3411192
3456845
3497277
3615844
3621259
3696896
3754453
3784806
3888533
3906895
3974226
4259916
4388511
4441140
4468023
4577124
4650539
4856243
4916362
4973690
4983670
5236155
5418961
5520554
5554485
5573176
5750871
6033197
6086148
6087708
6115012
6167719
6202852
6260077
6260885
6458419
6470232
6542741
6554844
6610093
6699773
6736700
6779812
7055762
7065082
7210062
7303698
7360044
7494697
7840664
7854808
7964376
8160926
8408478
8424308
8661813
8670599
8672660
8716090
9110562
9181784
9512535
9518014
9621755
10031919
10099603
10163703
10264237
10497410
10554702
11036568
11375434
11469133
11533421
11643371
11844324
12084160
12131357
12216537
12350999
12520306
13626323
13638573
13910223
13987860
26608465
27620707
28394242
30712530
30895755
30942247
31041520
31133954
31181224
31196996
31354578
31537676
31613656
32275759
32491628
32861271
34849920
35639629
35755287
36720089
37373510
37668551
38618011
39745370
40299355
40483143
40617165
42946182
44007672
44061523
45272404
45310701
47825424
51702128
52232304
52929279
53854317
102449
130870
85205
99112
2069
2094
4140
4260
4509
4936
4940
4992
6015
6201
6841
7131
7483
7547
7639
8066
9440
9455
9940
10764
10967
11256
11730
12092
12193
13500
13550
13708
14254
14418
14650
14698
14804
15166
15207
16437
17731
17942
19088
19775
20858
20859
21425
21511
22930
24232
24553
25656
25937
26284
27369
27399
27767
27830
28268
28565
29402
29434
30131
32740
33011
33711
33754
34632
35981
36200
39040
39423
40201
40319
40935
40940
41838
42507
42884
43009
43063
43195
45344
45748
46834
47396
48063
49598
49890
50301
50906
51106
51508
52010
53504
54229
54905
55770
57004
59881
63352
63604
64856
65207
66858
67094
67804
68155
69591
69654
70463
72087
72139
74388
75371
76387
77572
77851
78808
84840
85157
85160
85210
85604
86806
88065
88553
89409
93023
94782
96184
100502
102045
104817
105048
106300
107099
107122
107218
107445
108303
108368
111043
113122
116438
123763
124138
125756
126867
127432
127678
128118
130175
130405
130873
132733
133653
134056
134229
135450
136633
137428
138378
140973
143950
145414
148110
149084
149361
150228
150810
151826
155394
161596
162479
164873
164969
165092
166444
166815
168418
171323
171757
171795
178260
180031
180055
182542
188112
192613
197717
198922
198938
206410
208691
215680
215805
219050
228063
232289
232872
240150
245472
249137
253007
269011
275451
284844
292118
293023
296080
298092
299277
305672
308815
321186
329636
333302
342941
343615
365107
366388
366431
379067
406396
410287
419590
430663
432590
466556
510403
562715
577381
578091
596546
629238
634005
640867
660126
684569
730906
735407
740976
782686
788452
815260
835249
867290
872885
882745
927882
936840
947777
977598
1032118
1046330
1059385
1079767
1113225
1173387
1200097
1208966
1230008
1269070
1276760
1306671
1345260
1373301
1396520
1411153
1432710
1442401
1445955
1482475
1558582
1599290
1624820
1709383
1764264
1790313
1826040
1833573
1835226
1839443
1840991
1841364
1913997
1924912
2012731
2047311
2177028
2181763
2329453
2534570
2573847
2578956
2579232
2693295
2704183
2747480
2794499
2883368
2887256
2921491
2938794
2940636
2947103
2953751
2977706
2999660
3029257
3087709
3248788
3936022
4253279
4424552
4659398
4702434
4858454
4903630
5064208
5546726
6071142
6109258
6166348
6175698
6366546
6807068
6930000
7216600
7367751
7467096
7672020
7978774
2411
17742
17750
36722
56894
67351
80483
80500
82213
88833
96115
100642
106440
108080
114511
116333
119735
137178
138754
150592
177972
178529
180051
205313
241488
253686
312844
407291
430396
761474
33676
36823
80304
85948
163390
198203
690404
1174762
1370819
1414060
1541099
1576815
1715428
2041127
2509785
3153253
3190307
3944575
4030525
6231409
12034119
19085181
30877234
35672064
38161679
40104394
40556224
2196
17686
19451
27707
55213
69833
75072
96389
305583
1022307
1042999
1869
2263
7612
9799
11925
13026
13393
14113
14184
14675
14996
22208
25927
28674
29128
29460
29625
30203
31388
33999
34298
35386
36422
36795
39310
43290
44518
48291
48372
48903
50905
50923
51156
52784
53341
65662
70629
72741
76122
81858
84446
89496
92389
112298
126793
138154
144746
145091
147425
156010
156334
160778
162621
167503
169854
172808
177381
181329
184546
184552
185495
189068
195207
196147
206282
212455
220685
223826
242180
253986
260529
278646
278826
293422
299063
303944
306924
307992
312651
323730
332716
360677
364113
538455
543350
648402
652011
732363
750523
782413
889923
1064289
1071727
1105012
1267698
1293626
1489347
1639886
1751867
1755229
1846709
1876546
2084971
2219421
2246018
2246302
2521254
2552755
2575333
2871685
2907125
3050077
3186250
3215944
3331923
3342532
3414104
3539324
3600758
3776497
3777092
3783451
3882946
4523258
4651159
5022673
6222370
6353218
6456470
6499195
6873652
7135907
7291595
7330162
7657134
8069085
8266172
8470217
8551483
8775686
8820776
9196942
9258930
9293770
10008862
12025054
12130217
15594230
33083440
13420
6378
7996
12901
13744
16643
29214
41987
43203
52915
68755
79605
102173
102413
102419
116020
117620
142127
144985
185058
211509
239887
593009
977849
984670
2066765
2515833
3128304
3142517
3369092
3662441
3688953
4397935
6204060
8182218
8649216
9437817
10954020
11187379
35473171
45475605
6811
34006
68745
73125
172112
330599
352995
719290
926493
1193693
2310325
2716893
4090904
6733895
6878880
33605084
42169914
508237
663770
2034
2156
2169
4311
4366
4385
5338
6433
7928
8208
8482
10116
10750
11471
13051
15117
17850
18205
19321
20317
21398
22726
23489
24755
26484
28740
29342
29497
33332
35219
35500
36303
36417
39062
42373
46122
49628
49654
53155
55366
55607
59271
60175
63334
76413
76545
79276
79470
80528
80797
81428
81429
81445
81569
83805
85421
85669
87274
93499
94644
95588
95589
100243
101207
104535
107592
107803
107998
108631
110160
110375
112998
114886
115172
117790
121742
124219
130496
130527
131481
134646
137152
137928
138838
141860
146435
152247
161086
162878
166561
167302
167563
169851
170110
172606
173361
176117
180936
181917
182089
186836
187797
192732
196528
200396
200464
200571
202265
205534
208637
214042
221162
226871
231899
236520
248028
248125
259033
259652
280708
299547
315191
317944
322910
326538
327700
333983
341360
348446
348526
350296
424250
543429
614575
631980
692463
693583
718849
881658
884800
931630
933634
979843
1081574
1096723
1097058
1097164
746
2163
2375
2456
2530
3856
4135
4285
4384
4413
4796
4891
4947
5567
5598
5690
5752
5808
5827
5918
6011
6188
6997
7379
8572
8580
8721
8782
8914
8971
9149
9652
9772
9880
10031
10081
10933
11029
11542
11598
11991
12783
13063
13370
13524
13842
14024
14714
14965
15267
15379
15470
15645
15888
16296
16462
16499
17057
17067
19144
19445
19983
20022
20333
20390
20458
20584
20599
21248
21290
21475
21696
21803
22113
22129
22383
22857
23064
23199
23321
23328
23361
23388
23401
23559
23693
23968
24141
24182
24186
24272
24622
25273
25628
26213
26362
26458
26665
27062
27077
27734
28206
28559
28652
28653
28879
30744
30749
31634
32255
32705
32799
33081
33281
33441
33498
33866
34364
34422
35044
35205
35418
35513
35647
36272
36301
36440
38465
38678
39626
39735
40642
40884
41108
41258
41529
41742
41896
42077
42858
43432
43556
43605
44901
45675
46039
46051
46556
46761
46817
47163
47597
47755
48142
48405
50559
50942
50952
51343
51929
52101
52251
52308
52480
52612
52676
52906
53142
53165
53339
53673
53893
53980
54076
54525
55725
56929
57188
57373
57468
60047
60076
60634
61292
61698
62080
62135
62383
62576
62876
63142
63217
63223
63673
63879
63945
64157
64404
65267
65723
66039
66133
67617
68187
68352
68773
68934
68939
69585
69709
69824
69887
70188
70663
70713
71220
73060
73208
73725
74579
74588
74653
74706
75136
75222
75818
75926
76241
77019
78030
78543
78598
78823
79775
79841
79950
80717
80891
81075
81123
81549
81599
82355
83106
83435
83715
83843
83902
84339
84781
85156
85847
86204
87429
87852
88248
90631
90673
91313
91343
91874
92644
92890
92935
93124
94585
94626
94960
95003
95235
95930
96233
96753
97081
97126
97533
97581
98377
98678
98717
99254
100355
100445
100939
101128
101133
101264
101568
101955
102797
103217
103302
103455
103697
103712
103869
104576
104942
105421
105543
106618
107353
107524
107531
107557
108212
108349
108411
108468
108859
108915
110118
111066
111718
112198
112267
112663
113217
114919
115278
115534
115804
116381
116719
117243
117586
118184
120659
121067
121788
122168
122267
123008
123402
123451
124289
124367
124409
124446
124736
125557
126507
127149
128045
128059
128229
128786
128968
130380
131252
131707
131817
132147
132391
132537
133808
135279
135714
136432
137746
138964
139510
139597
139792
141143
141241
141392
141804
143896
143936
144408
144507
145804
146016
146023
147151
147427
147752
147786
148798
149066
149103
150209
150382
151434
155434
156243
156488
157688
158413
159040
159504
159786
159844
160579
163365
163423
163617
163727
164421
165038
165152
165891
165935
166199
166323
166454
166490
167734
167801
168022
168108
168420
168490
168708
169058
169449
170275
171466
171798
171845
171912
172294
172791
172809
173244
174222
174955
175042
175632
176690
176730
176871
177183
177575
177784
178423
178543
178988
179424
179685
180784
181423
181812
181840
181903
182146
183088
183375
184160
185144
185497
186085
186414
186930
186935
186959
187113
190119
190466
190726
191037
192562
193333
194746
194892
195658
195732
195759
196086
196357
196498
196824
197080
198011
199338
200213
200252
200887
201058
202563
203329
204311
206163
207828
208038
208331
208411
208434
208507
209019
209065
209761
210257
210620
210905
211072
211472
211576
211706
212024
212325
213149
213488
215604
216687
216925
217801
219403
219906
220142
220300
220760
221166
221228
222168
222246
222997
223348
225273
226222
226466
227130
227848
229016
229374
229472
230291
230519
230554
232234
232278
232314
232486
233296
234380
234585
234664
234811
234946
236123
239044
239075
239205
239777
239873
240825
242247
242293
244399
244779
245553
245875
248940
251248
252577
253015
253913
255501
256005
256602
256735
257644
257801
258953
259551
260306
261629
262618
263761
264660
266237
267778
267986
269281
270126
271987
272803
273578
275788
278734
280927
282506
282651
284207
285128
286728
286837
288400
288586
288830
289135
289234
289515
289629
290223
292736
293726
293731
294186
297541
297741
298343
299961
301563
301842
304081
304105
304623
305628
306154
307590
307845
309189
311076
311302
317686
318865
319028
320134
320950
321104
322379
323607
324001
324204
326029
327460
327736
329415
330050
332081
333627
334342
334438
335195
335229
335982
336330
337677
338855
340983
342635
345162
346294
347647
348572
348580
350350
353239
354381
355202
355316
356507
357409
358644
359979
362732
363770
364831
365002
368257
371157
371861
373473
378260
379248
379458
379684
380066
381985
382005
383053
388304
392850
396318
402205
403410
403430
404287
405153
407206
409095
409671
411136
412246
412786
416758
416788
419341
425383
426682
426972
430256
430417
431838
432749
434030
436639
436871
440788
442409
444594
444735
444764
446945
448809
449951
452866
454522
456952
457136
457139
457315
458171
459369
463382
463537
463738
464821
464949
467457
469365
472312
473591
474801
476843
479813
481651
494089
494167
494548
495731
497416
497456
497886
503960
505006
505850
506890
509398
514550
514740
515365
519447
521980
521998
522472
525385
527283
528481
529115
529935
531542
535230
536160
537827
541235
542424
543182
543491
545216
550474
554576
558968
559537
560275
563968
572702
573504
575498
576606
578640
580569
581325
581332
584503
586660
590496
591116
593273
593625
594490
594885
605054
606965
610499
610895
611454
612761
613535
617357
617929
618106
625930
629902
630275
632957
633233
634766
638375
639756
640659
643379
645168
656508
656764
658686
661021
661611
664844
670467
671323
671404
676084
676669
678553
678593
679786
684416
685557
687365
688936
690395
690672
691152
693392
694144
694351
694977
696629
697692
703637
704854
706183
706474
708741
709693
710896
714364
714502
719920
735843
736084
744126
751606
752908
752990
754305
757980
762008
762071
762231
763788
767686
773390
786842
792517
792824
794197
794758
798065
801798
802924
805452
807580
808148
809290
809852
810452
811713
815013
816349
817140
819578
822089
822094
830385
834821
838886
845779
848457
851550
852770
854801
856569
856628
857156
857327
865907
866807
867218
869672
870805
870875
877183
881119
883060
883415
884915
885664
890231
890610
893952
894610
898392
901121
905075
905399
905472
906457
906954
909286
911652
911742
912161
912677
913163
913794
914903
915407
917348
917553
920643
921540
923983
925425
928209
933046
933512
933820
933829
935208
938783
948688
950494
951057
952804
952974
954448
954786
956884
957275
963258
963838
964788
965007
972791
978013
983560
985918
985923
986101
986348
987750
994407
994605
995770
996130
1000032
1001227
1003068
1003495
1003953
1008892
1011127
1013643
1013665
1017901
1023076
1026606
1028606
1030573
1030860
1031436
1034647
1036693
1041054
1044714
1049960
1049993
1051118
1051188
1054241
1054304
1055555
1060357
1069476
1069665
1070065
1071709
1081876
1082310
1087848
1088732
1090570
1094430
1104107
1107229
1110635
1110846
1114013
1114341
1115741
1116736
1116765
1121011
1122000
1123488
1126030
1127510
1131385
1131952
1137719
1139114
1145521
1146989
1149572
1149583
1152482
1152495
1157594
1162350
1167732
1168211
1175678
1177786
1178762
1178840
1179363
1179613
1179745
1182465
1186592
1187307
1196820
1201757
1204950
1206232
1206389
1206831
1207890
1210163
1212078
1212083
1218152
1218158
1225446
1226851
1231604
1238950
1239444
1257483
1258186
1266374
1266778
1273859
1278722
1279747
1281899
1283852
1291288
1292019
1295568
1296615
1299909
1300675
1304047
1304304
1305290
1309907
1310102
1311482
1315664
1316324
1319455
1321306
1322406
1323315
1333723
1339915
1343259
1347033
1360500
1360938
1370149
1372608
1374368
1383650
1384682
1389679
1389948
1391198
1392980
1393529
1393979
1396863
1397977
1402681
1403110
1409652
1413988
1416253
1422505
1424267
1424714
1425040
1427015
1427893
1434197
1436637
1441140
1447558
1453395
1458036
1459175
1460775
1462375
1462469
1464173
1468293
1468690
1476952
1479627
1484379
1486819
1488211
1488772
1489406
1494096
1495170
1497368
1497507
1498790
1500184
1502151
1503154
1504320
1508282
1509949
1514113
1514412
1515088
1519230
1521962
1524660
1526195
1527640
1535774
1537744
1541371
1541459
1544093
1544200
1544716
1546551
1547527
1547733
1548734
1554166
1554665
1557806
1558283
1558595
1572014
1572334
1572619
1573043
1577827
1588366
1591052
1591165
1592298
1594280
1598045
1599402
1608249
1618798
1621304
1625643
1627474
1636005
1638931
1639366
1641452
1642908
1649496
1655394
1661630
1662801
1663451
1669557
1669913
1673053
1674395
1678102
1678450
1682142
1687067
1688567
1690038
1690528
1691764
1695799
1697124
1697905
1702016
1709797
1709972
1711191
1711786
1724299
1724785
1730742
1733559
1734960
1736660
1739712
1740152
1742273
1742844
1743541
1748409
1748744
1750742
1751623
1752714
1754315
1758020
1766995
1767728
1767983
1770461
1770633
1779203
1779345
1780480
1782630
1782705
1784300
1784791
1787862
1788085
1788984
1790569
1791186
1794103
1794283
1799722
1800227
1801405
1805190
1805581
1805647
1806338
1807572
1807814
1809673
1810776
1810899
1811720
1813205
1813457
1816394
1817228
1817903
1818095
1818305
1818947
1821024
1822923
1824392
1838813
1840446
1841821
1844541
1847800
1850480
1853007
1853411
1854508
1860630
1860645
1869920
1869976
1871358
1871385
1876500
1877348
1883600
1884815
1891196
1893643
1894914
1896242
1899836
1900124
1903036
1903462
1906606
1911740
1914227
1916581
1917216
1918636
1918764
1930116
1935933
1938330
1938923
1941189
1942814
1943346
1948264
1953991
1954045
1954560
1954667
1954870
1956339
1962366
1963596
1964992
1965845
1968642
1970630
1973839
1977730
1982048
1983572
1988172
1988356
1993060
1993251
1995703
2000067
2002394
2006250
2008410
2008789
2011207
2012388
2015030
2017057
2017503
2017865
2020566
2020896
2021605
2023323
2029477
2030611
2032247
2033455
2037322
2039622
2041148
2044276
2046624
2048568
2049507
2054002
2055737
2059508
2060746
2063725
2065049
2068840
2071918
2071984
2074785
2075011
2075649
2078007
2081973
2082377
2082712
2085038
2085283
2085376
2087137
2087917
2087983
2091140
2093204
2101206
2101927
2104161
2110585
2114854
2115940
2119415
2125161
2130954
2131739
2135726
2137702
2147823
2148284
2148866
2148874
2157967
2158307
2159841
2160794
2162561
2163485
2165643
2166828
2167920
2168880
2170302
2171887
2171927
2179719
2185518
2187833
2197007
2206103
2207406
2212057
2215030
2217430
2217943
2220338
2221985
2222203
2222340
2225606
2226205
2226241
2232406
2232535
2234878
2235578
2236270
2236882
2238146
2244609
2244705
2244946
2245389
2246649
2250901
2252372
2253509
2259673
2261332
2262610
2265291
2265700
2278003
2287843
2289146
2293505
2293602
2297926
2298551
2307051
2312953
2312999
2313331
2315811
2317080
2317109
2318897
2319177
2323848
2324273
2328394
2329633
2329870
2334212
2334844
2335959
2340247
2342093
2345602
2347266
2349633
2353631
2354170
2361011
2369487
2371758
2374869
2378545
2378803
2379920
2380455
2381753
2390669
2391107
2392010
2393018
2394369
2394525
2395068
2395189
2396680
2396877
2402307
2402526
2411316
2420118
2425355
2429115
2429889
2432871
2437966
2441389
2447769
2451292
2452364
2455444
2461946
2463961
2464345
2466844
2468455
2473450
2476389
2480190
2480835
2482383
2482596
2483902
2489897
2492895
2493442
2497487
2500039
2507419
2511820
2512593
2516721
2522293
2523265
2525499
2526821
2526881
2528433
2530275
2530677
2532340
2533154
2534084
2534144
2535652
2537755
2547548
2551808
2556422
2557880
2559604
2563172
2565488
2570206
2571050
2573841
2578657
2578777
2583537
2588994
2593654
2594468
2595846
2595934
2600315
2605600
2606025
2610396
2613382
2618800
2620276
2623928
2624446
2625273
2628361
2629257
2630716
2638645
2640731
2640918
2642309
2642589
2649801
2649802
2650074
2653295
2655313
2662637
2663791
2669057
2687895
2688437
2690441
2704431
2705800
2708926
2712886
2716211
2717933
2718892
2720387
2722247
2722949
2726753
2728258
2731661
2732412
2734416
2735209
2742206
2745590
2745810
2754657
2762310
2772368
2780431
2781508
2782976
2791260
2799554
2802550
2806184
2808183
2817039
2818860
2822220
2823425
2828890
2829206
2829878
2833489
2834053
2834549
2835750
2842933
2843674
2844033
2844980
2845960
2849458
2851614
2852764
2852940
2855101
2856802
2858265
2859141
2859601
2859803
2864006
2866910
2867507
2870581
2873683
2875304
2875610
2885317
2886149
2891409
2896114
2899811
2905578
2906884
2913055
2920435
2920825
2935690
2937823
2941892
2949003
2952894
2955368
2957380
2966645
2971258
2978327
2979903
2980659
2982536
2986472
2993624
3004156
3006800
3009329
3012006
3014535
3014588
3016819
3021975
3024823
3033067
3033297
3033560
3035219
3037545
3037670
3043543
3047323
3051093
3052119
3053216
3053480
3055367
3055522
3056363
3067569
3070500
3070712
3074759
3075315
3079397
3081911
3084437
3089707
3094515
3094691
3100119
3101562
3101738
3109779
3110022
3110293
3115324
3115797
3120101
3121465
3123143
3123837
3125920
3127117
3130855
3130857
3132690
3136171
3138085
3138418
3140832
3145015
3145542
3147514
3151075
3152931
3158690
3159301
3163070
3168560
3171536
3171653
3174746
3177617
3182431
3183836
3183837
3185269
3194732
3204865
3207851
3213674
3217438
3218388
3221275
3222917
3223357
3225219
3226446
3230859
3232526
3241678
3242251
3244686
3245855
3245879
3250500
3252514
3254887
3254923
3256091
3256738
3257072
3257384
3260204
3264671
3264954
3266318
3268266
3270519
3275026
3275594
3276245
3277523
3284010
3284657
3286924
3289833
3290447
3294089
3295051
3298090
3301115
3305317
3311946
3319551
3321617
3321653
3328521
3330529
3333212
3334221
3334717
3341791
3344046
3344923
3347745
3351589
3365117
3370954
3379102
3389407
3390416
3392982
3398004
3398333
3399529
3400517
3403973
3405642
3409673
3411239
3418810
3420992
3428280
3430810
3435136
3437662
3442040
3453739
3459836
3460088
3463025
3466990
3471840
3472062
3472815
3473906
3474500
3475969
3477064
3482378
3482444
3490928
3493146
3496678
3503040
3507410
3509244
3509470
3511497
3512461
3532470
3537116
3538598
3539703
3547050
3553567
3554185
3554475
3573532
3577626
3579038
3586371
3593180
3597413
3600811
3607133
3607352
3608199
3620460
3621935
3622000
3625275
3626356
3628554
3635457
3640969
3654068
3657891
3659098
3661532
3662082
3663862
3667576
3670329
3670732
3679483
3681310
3682404
3692937
3693376
3693625
3694179
3697936
3698821
3704591
3720774
3724141
3726469
3730598
3733827
3739081
3745254
3747869
3752431
3761795
3761858
3769623
3770165
3772835
3775721
3776629
3783792
3784766
3786631
3792619
3795081
3801948
3802077
3802177
3805085
3805179
3809008
3825113
3826527
3827649
3829453
3829743
3831616
3834685
3835500
3835765
3840325
3842618
3846305
3854910
3857335
3869779
3873042
3878886
3887130
3888044
3888350
3905246
3906197
3919910
3922795
3926391
3932865
3935224
3945229
3954510
3962393
3974364
3979912
3983098
3983899
3985503
3996708
4009234
4011682
4012416
4013433
4015100
4015281
4025910
4027959
4027998
4030888
4031166
4037606
4039289
4039309
4055393
4082026
4090151
4091583
4103155
4104592
4110212
4114832
4115789
4116052
4117262
4123413
4138432
4166468
4188094
4192136
4242370
4258108
4259840
4260554
4261679
4274120
4274372
4281135
4281540
4283427
4285799
4292783
4293644
4299778
4300045
4301269
4301819
4301990
4302062
4307606
4313735
4314380
4321062
4370681
4373310
4374098
4377758
4379352
4382101
4383665
4386038
4388165
4390077
4396904
4401407
4404557
4407786
4425842
4430015
4435890
4436083
4441772
4444943
4446252
4465955
4468063
4476527
4477047
4478563
4482518
4484169
4486299
4488824
4491621
4492198
4492828
4493855
4518765
4519707
4519835
4521709
4525964
4530011
4555991
4556918
4573102
4576919
4588064
4589175
4590018
4591395
4601664
4608926
4609212
4609343
4609619
4609794
4610147
4621950
4624347
4626564
4634972
4638841
4645757
4647266
4647644
4648931
4648951
4649477
4650676
4650700
4651194
4658436
4659051
4665622
4665920
4667118
4674703
4686110
4687641
4689530
4692575
4696370
4696918
4708809
4714719
4718322
4720247
4720332
4721521
4724422
4731268
4735486
4739288
4741148
4743114
4747891
4751790
4760009
4762942
4770596
4794517
4846885
4850659
4859355
4860369
4860943
4864703
4865582
4878732
4881663
4883450
4884747
4887206
4894627
4895105
4899248
4900039
4905096
4933701
4944073
4964884
4972746
4978204
4980574
4991405
4991788
4993630
4999074
5000967
5001037
5003245
5005427
5006666
5007114
5009334
5015374
5020008
5020518
5034007
5036956
5056478
5069385
5069694
5069751
5070422
5080668
5087730
5090927
5094975
5099796
5101820
5101856
5106316
5110848
5114809
5116339
5116478
5123716
5129811
5131700
5134738
5134931
5150382
5157251
5179277
5225190
5231267
5232874
5245067
5259055
5299696
5309730
5392762
5396991
5405525
5418381
5423283
5431633
5435643
5446649
5448034
5453221
5454242
5463131
5471605
5473282
5473811
5474132
5476916
5503933
5504050
5504812
5521278
5523770
5531939
5540365
5544815
5545851
5550766
5552985
5565893
5567350
5573955
5585859
5588968
5610135
5620713
5621175
5621784
5639855
5642849
5660748
5665151
5666795
5712075
5713802
5713821
5714675
5727890
5736423
5743631
5748466
5748579
5749869
5750103
5753108
5753233
5754563
5781511
5789346
5789845
5790808
5798995
5805434
5805928
5807125
5821659
5826843
5827512
5830615
5851321
5873378
5875340
5876418
5880357
5880506
5911839
5930175
5930248
5939204
5939826
5942381
5944420
5949871
5951641
5952919
5953590
5957520
5960916
5968240
5973716
5983340
5986257
6037467
6062295
6075705
6077529
6077888
6078581
6079439
6084107
6091626
6093959
6094307
6097650
6098664
6101152
6111235
6116489
6117019
6120727
6124710
6130110
6132729
6132983
6138126
6141719
6144785
6144912
6145500
6152313
6163645
6165571
6167861
6168547
6168859
6169200
6172392
6173260
6174273
6183524
6185647
6185665
6188144
6198933
6200257
6200586
6202819
6204732
6206373
6209713
6210883
6212412
6224434
6224971
6226695
6227754
6228902
6232996
6234245
6239811
6240854
6241923
6243770
6246901
6250752
6259217
6260105
6262543
6265794
6272440
6279419
6299493
6300283
6300597
6305476
6324332
6331063
6333710
6335037
6335689
6346785
6360333
6360645
6363443
6363444
6379448
6380175
6380778
6396572
6405533
6406697
6413997
6422563
6426504
6426670
6431084
6433936
6438150
6446595
6448259
6449620
6454584
6455939
6456248
6457799
6458158
6460378
6461027
6462933
6469034
6484728
6487791
6489605
6495447
6501853
6502232
6502683
6511555
6514111
6520168
6520743
6520894
6524174
6524790
6526371
6526540
6527379
6530405
6530709
6533789
6533794
6535490
6537742
6539729
6542411
6553420
6553818
6560494
6570970
6571974
6581984
6582556
6583720
6584161
6586213
6586252
6587459
6587706
6590028
6591283
6595919
6597308
6598667
6603230
6604499
6606355
6607563
6608332
6619047
6620508
6632287
6633900
6639188
6640353
6648337
6651589
6651649
6656135
6659525
6660486
6665596
6681505
6683005
6683417
6683910
6686251
6688881
6695269
6696733
6698634
6706699
6711600
6723350
6726954
6727736
6728180
6728483
6732145
6732967
6733234
6740406
6742589
6742900
6745605
6748271
6760408
6762818
6768509
6771048
6771204
6777306
6781916
6786068
6790225
6796612
6800366
6809378
6809661
6815480
6817498
6825413
6844606
6852193
6854805
6859226
6863339
6864933
6867021
6869621
6872148
6873125
6874619
6877197
6878966
6881349
6882525
6894923
6902820
6902946
6914093
6915039
6918941
6927254
6929358
6931321
6934374
6957472
6960969
6966465
6975470
6978802
6979780
6983076
6987403
6991004
7001378
7009149
7015923
7019574
7024810
7027721
7033202
7036860
7049816
7059397
7072096
7074219
7077336
7085976
7094965
7095695
7109305
7113807
7114953
7117174
7120422
7120864
7123424
7123990
7125870
7129451
7133875
7147761
7150250
7151484
7160572
7161624
7177524
7178019
7181626
7209940
7212329
7214164
7223559
7229225
7229969
7233505
7235508
7242708
7242833
7246190
7252964
7272264
7279560
7292696
7297542
7299408
7300409
7305384
7308072
7318452
7327393
7328809
7330529
7339534
7347326
7356222
7365894
7368286
7368461
7372677
7373276
7374515
7381782
7382522
7384613
7386575
7386818
7389882
7392044
7397204
7397536
7402255
7403087
7407742
7408241
7412500
7413193
7423506
7435656
7456534
7456867
7456871
7457682
7476712
7478659
7479139
7479759
7481520
7482290
7488254
7488456
7495589
7508511
7508560
7510002
7517922
7518154
7518266
7520374
7520894
7522964
7524914
7526593
7528289
7529710
7531946
7535715
7545474
7554835
7569127
7572841
7573077
7577698
7579889
7580606
7581133
7588376
7596658
7597387
7601924
7604821
7607134
7608187
7608518
7619039
7621107
7623142
7637021
7637178
7646462
7648198
7662040
7667743
7670583
7678299
7684998
7686629
7699802
7705275
7711393
7711540
7717242
7722501
7722503
7723544
7724089
7731145
7731290
7731753
7756461
7761346
7766235
7772081
7783248
7786445
7787103
7802418
7804199
7808780
7814218
7822931
7834914
7841880
7844860
7847188
7870863
7876410
7877823
7882270
7890009
7893500
7894139
7902788
7907255
7923947
7934936
7957349
7960756
7965968
7971797
7972435
7972858
7973161
7975122
7978172
7981614
7989211
7993820
8006193
8006776
8011818
8020352
8026065
8028326
8040840
8043057
8044755
8049338
8058378
8066871
8080462
8089672
8091736
8091956
8093396
8094744
8096460
8118716
8125164
8125369
8126094
8140349
8146203
8154092
8162051
8164364
8173157
8193388
8195293
8218713
8223248
8236011
8238940
8243337
8250184
8253534
8261884
8264342
8265373
8274308
8282733
8283258
8291899
8304788
8308108
8309568
8310801
8327429
8331502
8333768
8335660
8342648
8343868
8351979
8356103
8363544
8365214
8366787
8378644
8379147
8388170
8393278
8397741
8399166
8419767
8422525
8423805
8427304
8432452
8433197
8436071
8449775
8457252
8474474
8476219
8478249
8499081
8502687
8504177
8508133
8513303
8514769
8515322
8517929
8518763
8520957
8522222
8524967
8530996
8535098
8541865
8546144
8547424
8553118
8556450
8556939
8587864
8588584
8604284
8625672
8648869
8655551
8663422
8669139
8671685
8672064
8681080
8681235
8682449
8685450
8695281
8696768
8699907
8704061
8712333
8714217
8715476
8726811
8727684
8734978
8751176
8772655
8794725
8796199
8799281
8807123
8810087
8810303
8811926
8812200
8821984
8822580
8834805
8834876
8855459
8861782
8885288
8885721
8932525
8962146
8977282
8983497
8992107
8998312
8998566
9002806
9032397
9056449
9084958
9086843
9101668
9103881
9117482
9157002
9158400
9159969
9161323
9168726
9171948
9174868
9175597
9178569
9184206
9191499
9210564
9211394
9211868
9212142
9213047
9226558
9240488
9243034
9270092
9270645
9270698
9289398
9311572
9321125
9321781
9330382
9332542
9340648
9348266
9349803
9350221
9363945
9378157
9385435
9386530
9395670
9398002
9398912
9408525
9412417
9415340
9421918
9428041
9443407
9484834
9486083
9494371
9496926
9504951
9509760
9530736
9532619
9537291
9546447
9550875
9555259
9560905
9568147
9576193
9584385
9599624
9600972
9602305
9603345
9610963
9611778
9612592
9616734
9617495
9624405
9630315
9636000
9640073
9641604
9663004
9668083
9669606
9677221
9681626
9692598
9703931
9708129
9723081
9732987
9745319
9755222
9759902
9786880
9787901
9804922
9809397
10005781
10013098
10034165
10034715
10043522
10044493
10050664
10057590
10063704
10067990
10068515
10069581
10077052
10098751
10123678
10131008
10132059
10145510
10149889
10151140
10157630
10158080
10162792
10202624
10210610
10231439
10240730
10242601
10253084
10262141
10270263
10273650
10277730
10281050
10293682
10329686
10333377
10342677
10346008
10352819
10354566
10357294
10366791
10368189
10384261
10392147
10395955
10407719
10410623
10413624
10416945
10419830
10428769
10432887
10463390
10473715
10487359
10490720
10491381
10499195
10509182
10519151
10524210
10527288
10533947
10547023
10547924
10550536
10555326
10557970
10566624
10582027
10583869
10595766
10598467
10601105
10632244
10635340
10637152
10652487
10663839
10666259
10666575
10668196
10669558
10670729
10685622
10699245
10710410
10715198
10717600
10731794
10746315
10754382
10763291
10768748
10772521
10773820
10780552
10785898
10787670
10789279
10790995
10791146
10795352
10800527
10803816
10809385
10812217
10814252
10818118
10839532
10845945
10858017
10859117
10868887
10879396
10888773
10891370
10903072
10937263
10938880
10948748
10953562
10953966
10956308
10960921
10963995
10966330
10973494
10987587
10987825
10990578
10992072
11015679
11015686
11019340
11023388
11029069
11055218
11061037
11079170
11079488
11110406
11110789
11125073
11126419
11127142
11134071
11173451
11173455
11183180
11183224
11185153
11187342
11189486
11191445
11204566
11209323
11212285
11233577
11244082
11253434
11273487
11285455
11286468
11302772
11326267
11328239
11333753
11339037
11352410
11356517
11405019
11408872
11411159
11429460
11431521
11434329
11436115
11452925
11470103
11475978
11476200
11481845
11491491
11510867
11511858
11515674
11533047
11580328
11588586
11597151
11598159
11604716
11605190
11609809
11619826
11626786
11645654
11646453
11652626
11652938
11654902
11658617
11660006
11666164
11687065
11692989
11707685
11723681
11726723
11727694
11730905
11739754
11756006
11759071
11770209
11779536
11784487
11791573
11799726
11803429
11805442
11805544
11811226
11812925
11829091
11831024
11831763
11839449
11848457
11848855
11853321
11854975
11861002
11895750
11922578
11924830
11931764
11947759
11949232
11949368
11961564
11974653
11982603
11999039
12010129
12024186
12024215
12033111
12063076
12064593
12070640
12090614
12116857
12125670
12129167
12147491
12153421
12157853
12164196
12169137
12187557
12219733
12223758
12237271
12237806
12257348
12258490
12266448
12275121
12275997
12277076
12285892
12286053
12290432
12311819
12330478
12344524
12344899
12381129
12401498
12419935
12425073
12433752
12444919
12461178
12472838
12473985
12474286
12477025
12477663
12480600
12487711
12504492
12515112
12515614
12518902
12524352
12529919
12539122
12553153
12560499
12576726
12608919
12624760
12657252
12658678
12674910
12678613
12683664
12694980
12702806
12704256
12712087
12740565
12766169
12803435
12805271
12821435
12833330
12834003
13100327
13105822
13110523
13111964
13133914
13148080
13157570
13158577
13161530
13164079
13172544
13186334
13189415
13194555
13204948
13212184
13254441
13260372
13295534
13335195
13350983
13359817
13391994
13393211
13406156
13421990
13422644
13424998
13437573
13491421
13528979
13602465
13603964
13615420
13631735
13667882
13683273
13683987
13695881
13771922
13789976
13793877
13820119
13845635
13896770
13922622
14029888
14127431
14143641
14171566
14188362
14212648
14327994
14414174
14540785
14575202
14773574
14908991
15016733
15052519
15149694
15167012
15251901
15445479
15559606
15603637
15772412
15793048
16087910
16197276
16333038
16802499
16838480
17066906
17337581
18309603
18533810
18960523
19008338
19438824
19581178
19742974
20938185
20975444
21461566
21845495
22341305
22354644
22517369
22900174
23562062
23711635
24027324
24572005
24639586
26526322
26563442
26597280
26627597
26686399
26830482
26987717
27964271
28127754
28140225
28258590
28375944
29739742
30087591
30285219
30354769
30366254
30369097
30382067
30405979
30417766
30444138
30444974
30447495
30466473
30469084
30499084
30512884
30533017
30536397
30558460
30582717
30583921
30591847
30600559
30602210
30608530
30614835
30632188
30643858
30652681
30661654
30685714
30692109
30717315
30720224
30763148
30765371
30776870
30784455
30808709
30812219
30818101
30826894
30845460
30858882
30868305
30886206
30896717
30935672
30936372
30938334
30948846
30949185
30968221
30986204
30992889
31003433
31005803
31020514
31026513
31033609
31067513
31088615
31116667
31121110
31157951
31169745
31176717
31184197
31202768
31242338
31255748
31256439
31260252
31268222
31284846
31327002
31333767
31355111
31375096
31380408
31403144
31474641
31477125
31532332
31534020
31535172
31544583
31559525
31562159
31588336
31618625
31618712
31637565
31657851
31680040
31723045
31778814
31792623
31805384
31817740
31833450
31852403
31880464
31884154
31890381
31897769
31948035
31960476
31968394
31982644
31987644
31995698
32013409
32028591
32030582
32031633
32062553
32064542
32133158
32137912
32138353
32177350
32183276
32184697
32185454
32190683
32198643
32213305
32216485
32220781
32221118
32244938
32246826
32259263
32286461
32303940
32323078
32330484
32338452
32461724
32493761
32499666
32539684
32552336
32562507
32584403
32587789
32606821
32610302
32670523
32672506
32699098
32769090
32785380
32836911
32840896
32867207
32902313
32904712
32910711
32931066
32966938
32984930
33045010
33062709
33080827
33121893
33160214
33163478
33175738
33178659
33181731
33185883
33186276
33189522
33192696
33236852
33259445
33283079
33288548
33288690
33293859
33309742
33324598
33411191
33459483
33476266
33558784
33560903
33563961
33583391
33619569
33623116
33669941
33695075
33709323
33715990
33719771
33732136
33768909
33796907
33821313
33826014
33846936
33872672
33887574
33887697
33919338
33995341
34024492
34078347
34081642
34124501
34214415
34225065
34257235
34281575
34281757
34283367
34318911
34321779
34353717
34445638
34451841
34486896
34557462
34572408
34583243
34611024
34624236
34674734
34734623
34758313
34765576
34773435
34779842
34805344
34854818
34920625
34924902
34928268
34933840
34947905
34958952
34979553
35006622
35043483
35056420
35058418
35075381
35084718
35090432
35173205
35182232
35182576
35194297
35221080
35261601
35291302
35347065
35376472
35402008
35410932
35413717
35453441
35472426
35508495
35522695
35554566
35561102
35565732
35665511
35713010
35739673
35811813
35822078
35852505
35858322
35921673
35938482
35944188
35965147
35968652
35968724
36000350
36020909
36052438
36122608
36134375
36164280
36185311
36210409
36217787
36223617
36226217
36283638
36284697
36362427
36363421
36449088
36456082
36468266
36489479
36494101
36497861
36551450
36560896
36574554
36660752
36725952
36731514
36746605
36804734
36825743
36847889
36880051
36898290
36953053
37015457
37034008
37095352
37159646
37170304
37171494
37232372
37246152
37251892
37276567
37309011
37343732
37350525
37352334
37361149
37393240
37399415
37407493
37416809
37465406
37587428
37612673
37625771
37645567
37669316
37685456
37708261
37733845
37742721
37781340
37787023
37799147
37805476
37812824
37831978
37875856
37885182
37900484
37934352
37941018
37960095
37968887
37979901
38143039
38236349
38293546
38374896
38449773
38467737
38506496
38553082
38583255
38647592
38685169
38744300
38752613
38826425
38827990
38839079
38848146
38872676
38928987
38940047
39054581
39243856
39284856
39313662
39405949
39434223
39447782
39486141
39497181
39556306
39565807
39597908
39621136
39683258
39737887
39741694
39794114
39810893
39828710
39876084
39899618
39915768
39918852
39927312
39955671
39978917
39980327
40001226
40003202
40066097
40124235
40127243
40155706
40279265
40291158
40308793
40332567
40372483
40404708
40407183
40433913
40452551
40489826
40520281
40586025
40603433
40605612
40709028
40717465
40744283
40761368
40939909
41030425
41157130
41174113
41250291
41276111
41374934
41459400
41558838
41695724
41744056
41748531
41813208
41908068
41943519
41972481
42001650
42038315
42197301
42209582
42293768
42322818
42414343
42497182
42577511
42585913
42649387
42652119
42670257
42778054
42936025
43098445
43105119
43228339
43297336
43318522
43329320
43370594
43381645
43395286
43405220
43561987
43576265
43594427
43749661
43752616
43781616
43794324
43796328
43797240
43914997
44083877
44124290
44171250
44176374
44226310
44247510
44284397
44336003
44360411
44420461
44523375
44809700
44820013
44850440
44868865
44880221
45022296
45022763
45079132
45409894
45552887
45639832
45778846
45893045
45935023
46134348
46152840
46187695
46274580
46277401
46417208
46493493
46546177
46555251
46568620
46591223
46655434
46673002
46809052
46968331
47402800
47452404
47596997
47791349
47791964
48291205
48334126
48521832
48584962
48709613
48804826
48832253
49047358
49148806
49376801
49499412
49559670
49580295
49817189
50053263
50081321
50236454
50363150
50503884
50803882
50918093
51040336
51055907
51062178
51525375
51623578
51698081
51720783
51725355
51760895
51773852
51800223
51815051
51815402
51880181
51887788
51963840
51964062
51969457
51996115
52042929
52066706
52215431
52269762
52450225
52710579
52739252
52834137
53751653
54160655
54728020
55062962
55905095
56320810
56514305
56575366
56914231
57127686
58709850
59297202
59382487
59969333
60444162
60709149
60748317
60900544
60906428
62220410
62542899
62872314
62890288
63223671
63280325
64278005
1213
2301
2427
2517
4203
4342
4365
4810
4834
5645
6003
6597
6987
7125
8118
10068
10567
11626
12036
13567
14235
14511
14549
14645
15362
17093
17282
18270
18347
18666
18792
18913
19641
19751
20478
21345
21380
22219
22400
22636
23806
24737
24760
25376
25472
29143
29381
29614
30035
30225
30973
32280
33244
35030
35578
35707
35995
36215
36737
37247
39221
39463
39721
39746
42098
43097
44799
45777
47394
47891
48454
49229
49352
49577
50789
51782
51996
52271
52822
52865
54964
56153
56174
60952
63335
64047
64896
64897
66066
66117
66785
66907
71397
73049
77763
79001
79298
80487
80759
80816
82247
83688
85812
86136
86816
86953
87069
87285
88297
90473
96122
96191
99517
100284
100305
101442
107366
110637
111507
112779
114958
115488
115759
117892
120713
124544
124592
124715
126821
126969
128387
128503
129030
131295
134957
137299
143390
144841
153467
154779
155732
155982
157305
159150
161905
163504
163892
165705
166961
167750
167910
168690
168734
168875
171456
176626
177778
180702
184971
187424
189979
193717
197492
199376
200870
206192
207371
209540
214304
214324
215697
216100
216792
224280
231212
233663
241131
243505
243688
246540
249117
249761
262061
266682
280277
287476
288486
299875
301322
301354
301763
304375
305296
310086
315033
318509
331515
382261
386989
393309
394048
397689
407797
413592
432415
452076
499936
502559
546809
581830
585246
594990
637702
642850
685423
709352
719554
828026
830419
830857
870159
881011
882218
896204
906848
914798
1154442
3795
4576
6874
7627
8583
12202
13069
13086
13090
13149
18189
18766
19440
21077
21084
22225
22947
23161
28398
28642
28831
30123
35459
35463
38157
40005
40830
48468
49005
49792
50226
50237
51138
53963
60775
62899
68707
69734
71077
71364
79296
82098
93253
93994
95841
96234
98334
101679
102157
102894
103493
107059
110221
111569
113159
116589
120104
122850
123969
131742
141371
146316
149147
149936
151814
156970
158667
168229
170388
170609
174885
176640
176686
179269
182748
189856
191483
194370
194754
201608
203149
206187
210993
217006
229955
234979
239915
243022
247526
249360
260463
267567
270062
275549
277327
282467
285689
292588
295448
297842
299121
304422
307095
312216
323622
339448
345719
347707
356694
357118
380516
386100
390092
406423
407108
414967
419103
421796
429407
446805
447898
453570
464330
464630
478320
485209
488413
496735
512277
532505
536005
562252
574683
588891
593337
598707
616975
618855
638384
649488
663847
668320
671579
676294
706571
725039
729892
734992
745018
762078
769595
776963
788056
797391
812492
815740
831171
845019
847117
857830
862362
881958
882827
884150
904450
910851
915662
917695
918847
918952
929665
930870
931476
938337
946939
952495
953044
954397
964122
968916
975013
1016483
1018125
1020616
1023196
1044421
1080422
1096374
1146727
1156954
1165635
1170359
1175727
1178018
1184404
1200383
1205522
1226830
1227988
1247266
1260699
1281136
1316170
1326312
1329558
1333900
1344722
1345767
1363133
1380890
1385609
1399561
1451243
1454640
1458065
1461821
1473283
1475465
1476882
1553379
1560850
1594029
1597016
1598542
1603274
1627806
1640412
1656877
1677078
1681001
1685544
1696637
1716651
1747623
1751565
1753164
1755051
1768265
1769285
1787307
1840344
1847068
1849039
1850832
1857680
1864809
1869478
1889022
1904686
1909410
1910275
1913893
1918543
1931095
1932560
1933796
1938022
1945636
1975099
1977815
1979966
1993673
2003577
2012339
2018159
2024928
2035361
2056562
2056748
2061626
2061764
2072126
2072469
2090311
2093767
2108643
2119214
2123906
2124044
2126553
2127736
2128339
2148737
2153238
2157467
2163540
2164336
2177917
2192245
2194495
2196599
2205319
2216222
2217844
2219135
2219672
2220252
2227695
2228457
2231153
2237324
2250362
2254686
2272440
2277933
2280148
2286362
2286403
2317872
2324722
2344378
2344874
2353834
2354152
2372090
2374439
2409292
2409702
2412128
2422355
2442308
2445363
2455983
2467044
2468402
2469472
2485028
2494919
2512886
2515566
2528601
2528646
2530038
2532483
2536113
2552152
2563605
2563780
2590917
2590991
2592884
2594189
2596452
2597118
2600056
2627276
2632218
2641142
2641370
2647860
2655535
2667544
2667733
2705387
2725077
2741377
2755685
2760013
2766957
2779244
2788182
2803404
2815039
2815386
2822939
2825091
2829260
2833024
2833168
2835450
2837171
2839332
2846217
2850211
2862873
2869328
2878461
2892739
2910544
2929954
2958131
2958194
2959420
2972584
2973841
2992645
3006070
3010924
3014465
3016420
3017930
3028874
3041428
3045930
3067526
3068013
3068651
3084607
3092135
3103377
3113231
3113332
3113900
3113950
3126351
3127928
3134281
3136772
3160316
3169006
3169473
3170192
3184946
3193318
3194544
3194948
3220829
3247382
3251392
3282854
3292737
3295188
3312720
3336089
3336294
3352908
3356285
3357553
3358981
3365189
3386736
3387391
3388714
3388725
3391468
3393113
3399572
3403409
3420300
3429441
3431348
3446217
3453845
3459631
3467239
3482887
3486060
3519208
3575767
3616512
3625191
3633961
3657218
3669841
3674323
3706821
3708571
3717644
3738059
3742735
3742952
3768417
3774314
3779350
3782510
3784186
3812574
3816894
3829405
3829945
3861771
3867528
3886156
3886608
3891498
3928226
3938400
3966195
3994693
3994891
3999442
4011261
4018627
4101818
4221758
4227953
4291914
4299038
4302301
4419804
4441432
4470585
4477368
4491670
4491913
4499873
4517198
4521929
4526150
4594104
4594218
4657488
4660909
4662616
4667610
4677552
4699364
4703611
4715731
4739902
4749876
4758964
4780413
4865102
4878994
4908301
4930063
4937465
4949153
4962584
4981809
4983314
4992343
4992695
5019013
5020968
5022631
5027029
5030862
5051315
5058588
5061767
5080298
5082114
5087716
5102875
5112676
5125557
5130682
5147087
5170765
5306549
5346321
5400267
5456057
5467784
5535097
5538069
5545487
5555493
5559757
5565366
5567664
5571023
5612985
5664823
5676628
5679364
5680776
5693485
5712404
5744356
5745129
5787057
5819961
5844823
5850386
5850871
5860951
5938191
5939502
5951731
5966269
5979736
5994413
6014541
6071370
6085616
6087628
6108672
6144555
6171401
6176251
6186925
6194341
6203825
6203829
6214818
6215998
6216233
6219779
6229591
6234972
6237068
6248478
6251717
6255304
6260720
6282170
6304335
6307089
6314086
6319358
6319740
6324606
6325711
6368094
6380090
6398919
6408049
6427046
6441144
6462250
6465605
6473637
6486281
6490231
6500662
6501001
6507988
6526052
6530869
6531979
6538165
6548262
6550330
6558186
6565520
6567307
6575553
6577778
6580641
6602147
6612792
6614536
6621172
6640631
6661868
6668158
6694964
6719276
6721900
6722101
6730111
6733189
6743324
6744174
6766394
6767149
6781872
6786902
6796530
6797657
6825229
6838623
6882468
6902686
6903075
6944092
6952974
6952982
6955001
6959270
7003731
7026365
7039744
7060454
7063040
7067887
7102235
7108657
7121921
7146808
7178947
7196315
7204270
7208482
7209503
7212118
7220963
7226828
7248370
7250597
7268071
7293996
7306410
7332993
7334128
7346256
7353753
7355858
7380161
7394448
7404449
7425873
7441412
7443685
7444028
7480936
7482313
7491413
7525341
7529325
7535612
7569270
7583975
7597383
7599558
7606765
7629746
7684590
7702443
7707855
7732973
7758273
7768747
7774113
7780281
7788474
7789646
7823176
7845319
7860780
7884513
7891123
7895332
7915906
7916547
7945310
7966328
7986722
7990134
7992097
8058044
8059533
8085363
8093639
8108721
8117521
8154865
8156446
8180818
8196400
8226438
8239276
8249746
8289485
8307952
8309143
8312965
8317343
8367153
8380284
8389769
8390498
8412268
8426328
8428941
8432751
8442769
8462261
8565044
8582933
8585034
8609875
8627443
8628651
8629548
8658392
8671069
8689655
8692945
8711139
8717868
8718356
8737635
8739328
8740846
8740963
8759547
8768653
8777019
8781731
8807026
8852768
8861935
8865515
8982729
9004594
9042013
9048251
9072927
9092294
9102219
9109800
9155259
9189863
9190983
9193332
9205276
9211857
9212021
9212383
9214167
9232282
9253938
9255158
9310323
9334324
9353440
9361047
9361509
9398780
9401351
9402406
9411241
9419217
9422126
9482142
9504192
9523645
9561118
9564241
9576810
9579331
9582007
9582157
9586262
9588483
9602870
9610339
9615696
9635137
9640678
9711033
9712083
9742174
9777738
10014282
10023548
10039020
10044532
10065292
10068783
10105243
10107134
10115162
10176229
10183447
10217798
10220082
10256699
10353736
10366606
10386932
10401309
10469849
10476229
10502115
10515804
10537371
10559192
10623124
10625162
10637685
10660244
10673649
10685827
10694638
10761706
10764179
10777129
10791135
10791844
10812515
10854100
10860514
10867164
10897511
10933837
10941848
10950517
10967866
10970922
10971052
10983306
11019823
11021212
11073163
11074639
11089021
11091750
11127460
11132499
11142542
11143240
11147911
11149352
11157802
11172566
11191629
11208919
11262716
11264735
11269287
11276070
11341320
11346198
11359408
11411448
11416556
11429982
11430846
11500573
11512507
11520432
11560809
11603622
11607998
11611406
11622042
11645301
11659007
11683808
11721850
11741107
11753700
11818803
11859681
11874197
11878668
11896915
11944951
11946966
11947365
11960819
11975192
11994166
12010364
12023863
12042958
12058159
12080363
12100681
12101062
12110955
12129525
12190509
12199529
12219668
12225098
12249908
12257383
12267968
12285017
12292983
12304312
12338706
12342968
12368284
12377775
12417198
12429250
12460932
12490999
12500611
12504263
12543916
12660363
12660417
12708484
12719963
12757732
12763583
12767714
12796113
12800731
13144852
13150877
13197008
13197125
13240162
13256460
13278601
13302719
13336748
13382984
13397154
13432574
13439937
13462258
13556645
13604532
13609012
13622713
13661516
13675614
13687594
13767094
13805796
13965933
13976587
13978446
14034607
14548315
15434017
16211763
16855582
17308784
17678414
17931032
19074283
19911722
20675131
20914145
21036804
21413879
21457648
21471990
21621974
21670755
21917184
22994724
23574016
23607431
24205908
24626037
24648563
25782551
26251036
26791514
27033987
27618791
28127886
28289438
28571230
30026593
30032423
30058991
30368840
30402199
30404197
30405312
30493209
30533381
30535739
30611521
30628991
30636723
30661064
30672694
30676211
30706181
30755343
30782757
30803155
30826127
30919346
30920911
31004618
31019978
31036628
31084983
31094823
31131853
31153903
31258830
31267718
31296786
31310525
31315408
31337918
31383599
31422883
31479612
31566181
31570096
31570871
31571226
31621383
31791266
31872669
31896816
31946714
32042225
32259356
32264101
32324871
32325981
32344413
32397140
32686565
32695413
32772560
33059299
33062631
33072273
33087456
33145718
33171896
33426860
33451402
33471449
33495537
33521873
33535251
33572467
33610538
33611849
33732257
33743558
33749452
33846472
34031094
34079503
34140072
34275631
34332191
34347196
34356930
34366099
34419674
34422382
34426462
34473688
34486409
34553351
34591661
34591999
34597323
34604594
34620902
34702016
34740132
34757701
34764742
34876692
34905150
34929205
34989860
35181742
35218762
35360293
35373409
35389747
35431768
35498435
35510694
35535831
35622749
35637627
35800344
35922595
35966038
36010905
36121610
36122511
36147547
36174863
36176758
36354144
36447680
36467556
36472355
36476083
36535054
36674528
36676231
36733126
36763231
36862778
36871300
36973641
37162035
37323963
37451696
37457439
37549694
37574164
37694957
37807610
37836549
38044913
38080747
38234384
38239264
38308841
38401314
38575339
38673395
38699299
38812137
38864943
38973441
39161394
39235101
39236690
39249356
39263509
39375629
39392694
39437201
39441762
39534064
39556992
39559170
39561621
39562296
39777020
39790861
40056134
40157101
40230562
40278756
40309630
40368596
40575645
40800559
40846077
40879441
40915333
40935102
41052106
41131271
41196096
41415267
41843816
41855779
41930257
41967396
42002821
42008230
42105021
42152919
42258761
42361982
42646960
42858209
42905773
42907186
43235979
43246306
43305045
43329362
43391965
43826086
43884701
43938284
43946296
44079352
44515396
44567147
44741484
44955426
45181921
45999319
46078688
46502122
46808483
46913573
47273250
47507091
47892020
47987460
48375434
48383763
49703253
49812423
49932877
50556403
50791539
51309209
51710098
51772167
51792700
51859017
51875865
51936239
51938290
51941274
53766190
53771919
54896719
55253080
55890043
56299165
56324987
56469732
57012123
60400377
60656829
61595187
3989513
44552781
20498
22694
25012
4956
8105
8931
10766
11000
11706
13353
14926
24773
29097
34655
47494
47640
50507
50921
52005
52683
62412
63376
68244
69616
72590
89379
104041
107337
108211
128047
130373
140581
148089
157030
160808
182603
205348
212157
213416
236646
242866
264624
296483
297632
333654
369159
381256
422621
448205
465841
494920
534658
543864
549207
647075
696893
936168
959831
1396257
1449904
1559176
1595106
1836466
1845251
2116599
2461933
2596232
2835758
2856801
2927767
2948654
3059982
3164645
3213432
3225903
3335663
3544095
3665816
3810474
3981622
4573446
5085444
5113768
5468036
5833374
5943967
6036459
6153537
6364545
6654899
6714605
6967459
7048659
7142835
7557398
7682014
7962953
8289580
8790654
9430959
9658903
9786695
10734076
10835712
10858625
11730972
11858954
11921836
12678856
13483798
13729062
30583543
31027037
31066621
31354252
31729532
33728425
33912387
34930335
38356223
39481766
41309184
41333155
42710816
22082
75662
120203
128195
152403
553424
756952
945750
1051616
1187543
1975348
2520825
3523443
4438060
15372049
56351153
62020332
2254
2289
2321
2342
2356
2383
2384
2423
2425
2426
2442
2454
2455
2462
2490
2493
2508
11759
12690
13851
27548
36011
36062
72871
77732
108508
126292
141250
143926
151383
155366
159251
176371
185825
187953
201224
213840
285838
355927
402178
496416
529941
574162
585457
614314
646192
658481
789456
821881
829538
884802
900612
913092
932105
948911
987252
1233037
1255133
1268197
1317355
1452861
1466716
1577320
1578202
1723359
1753019
1942516
2057521
2151846
2163761
2242191
2338014
2421746
2450799
2576894
2635730
2781556
2828080
2876100
2959723
3458446
3471786
3472626
3510012
3560865
3702942
3723762
3783082
4009430
4642165
4674526
4695581
4911835
5113063
5391843
5438111
5458562
5500423
5748203
5789456
5923777
5997449
6173624
6183428
6190514
6199924
6226065
6741319
6841206
6875357
6956460
7211180
7419263
7797736
7799429
8063584
8494124
8711537
9180378
10044861
10054890
10245076
10317545
10829958
10886619
10980223
11047429
11073088
12150719
12742761
13122771
13144653
30771579
31271239
31570762
36732336
36833414
61045879
26583903
9381
15869
48663
65469
71358
73968
132960
195425
215897
280216
308617
341746
489248
1022205
1023346
1185991
1244569
1368218
1374502
1473697
1475740
1564980
1694588
1839192
1839445
1917483
1969849
2262411
2296830
2336366
2371385
2408185
2468775
2561345
2698274
2723452
2751879
2866943
3067181
3068441
3156798
3231320
3287404
3454639
3540175
3571857
3713347
3739573
3758237
3845344
3851791
3858606
3976006
4116291
4242223
4595572
4998821
5011961
5074013
5313582
5482805
5593622
5767916
5900421
6265250
6411605
6452682
6571744
6634746
6882809
7001841
7109078
7157825
7542242
7574536
7720551
7738446
7795148
8110960
8153215
8181997
8196172
8342564
8662420
8664349
8666279
8669194
8903164
8983270
9095820
10017799
10369096
10462050
10834710
10844231
10860992
10871458
10950744
11281851
11333007
11692514
11819617
12018959
12077925
12228651
12276287
12382764
12503020
13005850
13096529
14243831
14398746
14424410
21237798
29482086
30424358
30668056
30694600
30731354
32371841
32421306
33024403
33067171
33210791
33611075
33883125
33893636
34143049
35261932
35415270
35526187
35760968
36083701
36085402
36652481
37764938
37773651
38720421
40163153
40307319
40628366
41133510
42640024
43385890
43672195
43878403
49354485
53786740
60417064
22909
79929
81992
185443
307885
4523
4539
7726
7952
8890
8906
20903
44366
47375
50393
50947
72626
102572
151686
164774
214666
240931
309185
413504
768173
165780
2850666
10821638
42206805
4375
4567
6844
11770
16084
24751
27387
28074
30902
32127
46920
66964
81501
86194
87381
96349
101502
107952
128117
143808
153821
158830
201542
314370
381722
427894
462605
571938
792483
859956
931457
990589
1163257
1371190
1447799
1558491
2181130
2210897
2259619
2465736
2648323
3113256
3360449
3637074
3729504
4474014
4596716
5744990
5977839
6098118
6403643
6622345
6912448
7105845
8001303
8467064
8771076
9200797
9689864
11440782
32263523
32922151
38893105
43389969
44349906
101153
178284
269275
405287
445714
999135
2203967
2774524
7046038
12817243
9023
12769
22992
31974
34724
46328
53342
53993
74329
104873
105173
107436
132125
133740
139382
162555
181443
203440
220494
303552
673836
978622
1055642
1485044
1610847
1682005
1711893
2234770
2267018
2897977
3289590
8097730
8688444
91238
97034
102946
197527
1577605
42660
74387
110288
692983
2253170
3591550
10110456
11987835
49035967
4679
10070
11861
13790
17642
18943
21680
24405
24674
39778
40824
54818
59673
60707
64679
67957
68929
68999
79882
81928
84828
85805
91378
92553
103598
103640
105237
107176
110093
122613
130336
136422
139806
147613
153259
153921
156056
157116
157137
158304
159679
168097
182107
186874
187569
190580
190763
205883
211017
220561
228771
229569
232283
234842
248644
250118
265438
269368
285927
292766
305014
310574
319013
343415
347086
350916
356755
369383
413044
415079
426375
477185
527185
590429
591193
600217
604602
619616
709492
715357
717984
722939
761366
792455
860882
883972
908216
909130
921711
934152
955941
973154
1056699
1156942
1214475
1232834
1247542
1277687
1283781
1310649
1328267
1333899
1351017
1370105
1393198
1413132
1451384
1459315
1485031
1540573
1603485
1630188
1668691
1676239
1727520
1759751
1787329
1826075
1875197
1902994
1925557
1943812
1966904
1994560
2014385
2037341
2040364
2051232
2053581
2079591
2136376
2150532
2153615
2174072
2209391
2251622
2278062
2313412
2447625
2464536
2589002
2625493
2641809
2655747
2661464
2721628
2750599
2785811
2794256
2802621
2822130
2862790
2864539
2889911
2930044
2930065
2948960
2972418
2980865
3003618
3047067
3053129
3057104
3086781
3111290
3163244
3170247
3177028
3186500
3222673
3245712
3387963
3409707
3424888
3442876
3449816
3499093
3529926
3533198
3643912
3658395
3678951
3808678
3809782
3830397
3861746
3879564
3892413
3922985
4017769
4427729
4447547
4454635
4469381
4496377
4533412
4673281
4679790
4708828
4725753
4891855
5012680
5034600
5113205
5120681
5148838
5554384
5681197
5896891
5986236
6120871
6149526
6230546
6232506
6273522
6431076
6474079
6507691
6551400
6557808
6564685
6569195
6615653
6652791
6873529
6903236
7063338
7350417
7382884
7534741
7727550
7785743
7840081
7857529
7873962
8016199
8172916
8190731
8202924
8210714
8239434
8254832
8315806
8375661
8397234
8520960
8548775
8624062
8671759
8684440
8714055
8757421
8841235
8941050
9048145
9105570
9417539
9526748
9628415
9653766
9666877
9754249
10008274
10101635
10102541
10113652
10162346
10170477
10214772
10233382
10259326
10295267
10427477
10494208
10610623
10660475
10829093
10850890
10953619
10965378
11022632
11038754
11054087
11094139
11102492
11107264
11241895
11252671
11265929
11284069
11294984
11306384
11361991
11451289
11514668
11564258
11623625
11684553
11836653
11869744
11921766
11996485
12152336
12155363
12266274
12430881
12555319
12576317
12687807
12750059
12765206
13192541
13237443
13371582
13500090
13699807
13814035
14045627
18268997
20616780
21408992
21463014
21917822
22262296
23494550
24229844
28358949
28492797
30460192
30516395
30596438
30665912
30703706
30940304
30949312
30990409
31039468
31104360
31346466
31656014
32060227
32113176
32343993
32652608
32856851
33251501
33408970
33424673
33455568
33500385
33625523
33712408
33744696
33780914
34133242
34419301
34471797
34557781
35002100
35337480
35472329
36181688
36282593
36413838
36468910
36490675
36570342
37157869
37212091
37486833
37556899
37811605
38230835
38669197
38800574
38834267
38943598
39073504
39623791
40048633
40369523
40723515
40782016
41096863
41639317
41710974
41849933
42075642
42571716
42577195
43530886
43794059
44415194
44576214
44584823
44611358
44775848
44907223
45811834
47722572
48395177
49316658
49584342
50227671
51369939
51758467
52247822
52927203
53641817
55492652
57958271
59047434
60697468
60940075
63669052
67350293
100307
3886384
6787478
60228
99657
125611
1937755
249555
2522
4843
5055
8480
8483
8508
8516
8524
8526
8537
9564
11252
18465
20318
20650
22204
22449
22831
22902
25571
26331
29802
33461
36138
37043
37316
39190
43010
43077
43093
43117
43143
43145
45599
47498
48135
60383
65630
68426
70514
74201
75716
88864
94276
95073
96391
97197
97690
98776
102727
104776
107542
110229
117102
124574
124877
128119
137131
139704
141045
144067
149076
150297
158288
159415
165741
165803
169635
170838
170964
171011
180945
181491
200534
208626
215586
248010
253721
256197
259904
297952
317077
338060
402734
422676
422756
426509
547228
583612
623389
650731
714414
716023
911802
916419
946583
976825
984022
985373
999979
1046668
1046945
1081622
1148478
1148691
1492615
1553929
1728650
1756079
1836237
2158008
2276525
2381209
2427087
2461632
2547189
2910720
3166068
3252356
3295055
3357411
3828929
3930613
3951734
4018160
4042174
4289517
4447898
4515365
4521121
4720618
4722243
4730687
5009841
5046471
5701489
5921854
6061866
6166578
6186954
6259460
6635185
6645559
6788151
6861541
6889447
7384948
7638574
7992501
9555240
9603911
9615150
9896905
10245145
10612151
10685614
10893893
11156922
12644270
34568635
35585386
37290670
41991400
43040472
43793655
37071
2746
4786
6074
8592
9449
12163
13127
16403
18046
20226
20228
23895
24086
37144
39668
41832
46026
57106
67846
67975
69504
84402
84561
123799
124392
137538
176615
190273
227091
280253
313738
332492
361104
407792
483722
506519
535663
1361378
1691229
1812919
2120983
3011854
3294053
3350446
3635854
3796496
8780374
8999617
9434992
9726573
10714384
38374060
18719
28288
67327
106323
114698
128218
131346
134683
190682
256778
363624
630488
752814
896009
972811
995661
1035007
1035187
1096087
1223517
1282427
1296516
1655287
2266670
2421732
2585216
2723017
3257338
3399345
3561467
3776075
3799556
3822278
3903484
4409523
4498651
5014188
5568091
5738457
5783205
5978512
6518487
6983651
7907074
8490057
9361248
9540001
9559095
11193486
11597849
26421277
32874857
33230895
33480236
36318324
36944871
38165388
50922916
205838
189
839
4139
4573
4800
5023
5522
6038
6078
6458
6643
7020
7110
7261
9125
9137
9402
9512
9729
10054
10127
10394
10802
12101
12939
13155
13482
13769
15019
15158
15289
15726
16356
16723
17084
17651
17825
18098
20479
21815
22250
22274
22581
22673
22674
22677
23156
23421
23496
23710
24669
25258
25314
25723
27916
28745
29950
30363
31206
31363
31794
32057
32347
32626
33427
33453
33685
33756
33798
34052
34212
36640
36851
37318
38215
38413
38957
39557
40612
40620
40825
41106
42024
42397
42768
43266
43337
45590
46950
47278
47340
48012
48024
48191
48792
49088
49218
49427
50776
51302
51418
52024
52097
52504
52638
53067
53198
53245
53289
54994
56036
59599
60170
61022
61891
62208
63502
63678
63824
63957
64754
66559
67197
67207
67747
68057
68604
69124
69838
72694
73104
74582
78840
79510
79987
81959
81997
82118
83717
84482
84960
85545
86794
87394
87901
88364
89526
89994
90331
91266
91272
92731
92736
93049
93310
94271
94363
95509
96166
97176
97448
97486
97701
97783
97835
98133
98227
99139
99251
99731
100127
100330
102424
102951
105448
105762
105766
108490
108623
109190
110945
112026
112136
112370
112484
113202
115241
116552
116689
116957
118583
118591
119729
120370
121253
123297
124116
124610
125167
126811
129550
129682
129890
130502
131350
131467
131833
132328
132687
133400
133525
133824
134594
135449
136121
137096
137144
137184
137306
137907
139337
140370
142217
142735
143143
144146
144199
144766
147946
148175
149216
149887
149940
150381
150974
152222
152916
153733
154314
154563
155337
156743
159738
162151
162961
163957
166495
167012
167284
167400
167470
167853
167923
168895
169516
169675
169787
172168
172880
177080
178541
179065
179325
180731
181786
184119
184473
186435
187450
187551
190181
190468
191595
191884
193704
193724
195418
196136
196556
197168
197423
198614
199104
199279
200920
201444
202147
202637
205609
206795
206981
207516
209595
210671
211070
213036
213748
214144
215352
215862
216367
216906
219060
220211
220289
222455
222778
223157
224709
225251
226686
226952
227003
227139
227210
227251
227377
227684
234443
234499
239228
239557
242071
243435
245288
247846
248112
248632
249320
251506
252934
253951
254508
255021
255433
255948
256666
259604
265504
270646
272862
273840
274696
276090
276252
279795
283060
288046
294799
295505
297389
306248
307082
307125
309009
310510
313574
317584
322669
322950
323156
323906
326599
327450
328234
328470
331234
334459
336032
337486
337955
340917
343238
346581
348553
356536
360754
363594
364086
384087
386027
386831
401962
409829
409999
416581
416696
418561
420068
420593
422929
429376
429442
431678
446806
452728
454252
461218
469366
471366
474940
475388
476309
500194
503107
503225
525484
529995
532195
543810
556461
558915
576886
583809
601391
605554
605795
624337
631483
631783
640510
642206
650525
653327
654307
657854
663448
666128
680000
681223
687324
690330
691760
693692
694997
697129
697589
700427
709932
712469
713562
730720
734833
737727
739965
742816
744852
749854
762140
762283
764445
766071
773982
777118
783084
783403
799527
814080
815974
825724
834257
837304
839417
841210
841352
854038
882595
884269
888225
891687
900116
904071
906403
911953
913355
916222
916615
931785
935199
937620
956965
957656
960521
970199
972084
975226
980640
981699
993003
1004976
1012715
1016042
1032376
1033668
1036132
1038324
1040547
1049103
1051863
1056339
1062757
1088433
1090348
1098148
1112832
1121816
1129404
1129931
1131153
1133076
1133544
1133879
1135543
1140706
1175071
1180226
1183416
1193692
1198438
1201391
1210168
1217757
1224906
1228522
1231398
1237672
1237925
1253669
1257147
1259729
1261940
1272234
1276612
1281234
1285347
1296957
1308288
1311234
1319129
1321286
1328912
1333062
1341260
1354363
1365890
1374103
1378837
1390366
1391744
1393224
1394145
1395373
1399272
1399974
1420244
1430731
1443903
1444564
1451219
1454763
1455346
1455663
1461883
1476934
1480082
1481565
1489211
1494001
1495228
1500068
1521439
1527698
1544728
1544904
1545572
1561313
1561675
1571486
1573887
1610571
1615660
1662854
1667609
1668008
1675973
1678169
1679673
1683882
1687931
1691402
1694217
1699551
1699750
1710907
1716476
1719117
1720700
1721220
1737963
1739913
1742109
1752860
1757073
1757509
1758561
1760198
1763793
1765853
1768149
1775628
1787670
1788959
1791075
1796388
1799550
1801861
1803467
1804815
1806487
1810700
1816849
1822124
1827263
1830524
1831223
1836348
1840589
1844000
1844383
1844935
1847217
1848695
1849207
1858090
1869767
1874095
1893140
1894529
1897715
1898184
1901388
1905640
1924119
1933543
1949125
1985453
1986678
1992279
2005849
2008757
2016937
2019628
2024123
2025548
2031671
2033487
2036989
2040574
2041949
2046254
2046976
2048231
2056176
2058554
2060414
2060432
2068682
2071057
2086544
2094797
2097556
2100513
2109604
2111733
2113729
2118854
2124334
2137401
2141737
2153259
2153859
2177648
2186822
2191217
2195165
2200863
2216800
2217813
2220131
2224821
2225698
2230760
2245682
2249365
2263399
2284012
2284548
2289528
2292252
2298379
2300162
2310036
2312198
2319227
2328435
2339943
2355023
2379878
2391918
2392863
2393532
2395169
2401729
2404633
2420262
2422774
2433575
2437425
2447370
2456026
2458867
2479378
2495077
2502665
2503147
2503468
2510557
2514128
2517444
2529914
2532275
2535570
2542519
2552078
2566983
2579156
2585514
2589944
2593136
2596695
2605758
2608931
2610656
2615867
2618855
2624043
2632508
2636112
2640659
2641068
2656134
2670870
2675930
2685810
2691644
2693360
2704408
2709514
2722613
2723180
2730836
2734408
2769356
2780591
2783240
2787303
2788998
2798406
2805135
2808993
2810665
2813855
2814621
2821063
2822301
2822332
2853148
2859289
2861677
2867733
2882981
2884179
2885883
2886566
2892532
2899666
2901399
2905438
2927271
2931889
2937316
2944346
2960374
2960761
2969339
2977302
2993800
3009574
3029008
3042827
3044808
3047976
3066805
3067527
3074314
3097701
3097875
3110280
3111166
3148198
3155670
3164273
3169453
3170306
3175881
3182448
3190831
3192726
3196441
3213196
3217998
3220388
3226373
3235731
3241311
3259616
3262114
3263062
3276310
3276591
3288046
3288440
3295400
3300272
3300802
3301064
3304352
3304940
3318272
3365301
3378237
3381063
3385584
3386646
3400019
3403771
3407755
3408146
3434943
3446284
3452900
3465190
3476054
3479400
3485214
3487331
3499329
3513607
3529966
3533231
3535996
3563154
3573582
3580738
3581351
3586358
3588325
3588621
3597571
3615118
3623904
3624375
3633367
3640515
3673520
3676590
3694096
3705184
3725800
3725946
3733867
3741517
3760394
3790716
3791450
3811038
3817730
3843362
3848477
3854362
3867440
3869071
3870365
3879313
3879876
3880052
3881281
3887098
3893419
3896117
3899592
3924530
3960711
3965258
3966833
3967006
3998195
4006165
4015389
4033114
4048162
4072158
4082420
4122767
4129350
4225638
4243652
4255880
4259484
4277356
4297703
4301363
4391224
4391872
4392300
4419310
4460274
4461470
4475355
4477358
4495820
4532839
4538442
4563320
4589547
4609706
4616098
4624534
4628188
4649279
4656197
4663080
4696673
4708129
4708207
4714169
4714344
4716113
4716604
4718471
4723959
4734304
4734896
4762703
4779694
4856762
4904243
4927507
4934036
4956460
4960648
4965674
4981041
4999642
5064458
5065276
5077756
5080573
5085013
5095273
5104253
5110985
5126736
5170031
5278101
5311161
5380641
5389224
5392993
5450402
5452676
5454398
5458553
5464075
5470053
5495480
5558781
5591309
5621412
5642759
5693060
5711984
5714181
5728915
5751215
5751504
5828153
5828410
5852517
5876345
5891287
5939318
5941217
5979528
6059163
6076942
6077598
6084309
6096303
6103130
6110184
6116911
6133986
6139937
6149261
6177585
6184929
6186813
6199821
6200182
6228352
6232806
6238823
6248068
6254154
6265592
6300659
6306749
6319842
6379527
6388328
6407896
6424213
6455665
6458888
6468657
6500619
6500752
6528525
6529765
6535496
6549303
6566012
6584198
6600038
6602128
6621390
6668611
6669273
6683633
6697054
6710788
6715509
6719541
6722228
6724962
6731042
6741592
6746504
6760354
6770536
6795155
6807187
6844252
6860420
6861453
6867690
6868935
6881109
6887077
6892552
6924124
6926726
6935097
6938949
6957627
6958494
6960374
6970199
6973247
6987063
6993457
6996158
7004266
7027579
7037635
7065067
7066546
7106076
7109474
7141156
7148205
7165328
7210466
7211091
7213436
7215627
7217454
7225884
7230299
7235676
7250380
7253778
7263087
7263173
7274967
7314484
7334568
7379518
7389039
7399566
7407694
7451693
7456280
7463024
7468123
7485901
7489974
7490686
7496170
7520537
7530086
7536531
7554764
7561329
7562220
7627291
7631096
7635674
7648947
7655062
7714294
7716532
7724146
7730522
7760049
7782066
7830654
7894484
7915227
7930946
7961237
7980481
7990784
7994617
8000163
8036398
8052131
8070816
8071079
8075775
8090943
8110530
8225142
8238637
8241066
8261144
8265809
8270947
8276328
8279738
8296171
8297402
8307761
8316070
8327300
8347862
8351731
8354854
8363937
8367583
8368334
8383410
8384999
8464862
8499246
8503675
8510767
8539793
8621298
8632224
8681879
8698543
8700044
8715690
8716600
8716601
8716740
8741637
8743775
8753758
8777596
8829445
8830821
8869736
8886459
8917549
8991030
8999607
9043432
9067693
9077182
9085936
9087052
9097075
9111426
9186231
9187865
9214263
9245361
9291479
9313748
9318575
9387321
9498017
9501813
9542086
9584106
9591218
9605437
9609326
9634172
9693699
9704364
9747184
9987515
10001911
10003178
10003182
10011021
10026585
10027064
10038333
10078965
10079293
10154049
10159273
10171409
10215993
10243751
10248161
10266834
10318464
10324980
10393787
10503384
10537626
10547712
10564606
10580502
10583995
10636327
10663666
10675412
10681811
10703774
10708995
10731042
10737155
10739267
10823367
10879448
10899062
10902470
10949730
10987334
11018416
11027684
11030355
11035989
11079948
11081482
11162307
11303252
11317835
11331143
11334863
11360068
11379048
11417945
11424465
11439792
11580153
11581953
11601599
11650519
11662646
11664083
11677477
11732313
11745888
11759396
11783189
11790101
11815690
11849699
11921063
11925065
11976865
11994146
12023358
12164695
12244449
12317885
12327386
12355396
12378214
12388293
12403588
12426472
12447976
12483690
12500287
12505196
12520512
12575721
12644315
12649213
12667253
12669120
12687737
12694438
12700945
12719189
12725580
12816826
12961253
13100507
13146517
13202353
13207164
13568712
13660326
13685179
13711351
13789092
13845412
13999104
14190885
14268978
14307420
14412697
17302859
17962049
21249911
21535075
21603848
21840915
22838451
23095320
24567946
25863809
26521331
29158043
29234842
30409892
30516457
30544779
30550062
30588961
30620652
30873516
31038789
31384319
31420642
31574034
31696819
31806546
31822296
32026126
32063352
32105361
32185626
32199522
32292970
32321310
32332562
32435857
32527317
32556555
32727048
32727448
32799934
33031949
33255516
33319544
33374772
33495434
33652290
33831261
34458247
34461082
34958328
34995248
35392517
35914559
37122394
38132430
38150281
38715489
39663683
40498653
40904243
41978654
42554599
42597529
44297871
44354430
44765628
45209132
46144787
47544249
49045887
49205522
49248220
50229604
50391639
11580
15175
42896
58003
434930
634666
915728
5199298
6521610
1898
3919
3991
5438
5839
6472
6599
6618
6770
7273
8829
9079
10472
10738
11206
11686
12551
13161
13626
13895
14137
14403
14702
14823
15341
15343
17159
19455
20157
20607
21122
21488
25255
25260
25267
25982
26426
26901
27896
28063
28155
28309
29144
29399
29770
30724
32418
32506
33296
35460
35812
35901
36334
42701
44938
44962
47585
48008
48246
48881
48981
49523
51079
52263
53272
54328
54478
54526
55621
56184
60135
60160
60396
61112
61438
62578
62984
64080
64351
65524
66189
66409
66624
67789
67864
68281
68796
71070
71720
73935
76480
76558
76871
76985
77855
77875
78207
78652
79302
80103
80506
80621
82001
84697
85830
87443
87515
87676
87700
88520
88802
92093
93594
94958
95110
96049
96575
96812
97604
100843
101256
102296
103931
104342
105864
107179
107511
107872
108475
108491
110067
111511
112366
112902
113390
114379
114822
114867
116322
116439
117100
117782
117977
118989
119291
121318
123108
123853
124281
127425
128219
129609
130271
130524
132498
132614
134393
135050
135510
137232
137240
137254
137319
137617
137654
138843
139520
140324
140593
142675
143645
145800
146310
146746
146960
148522
152959
153879
154100
154174
155781
159593
159650
160297
164805
168346
168590
168863
168872
168937
169117
169224
169346
169354
169711
171394
173601
175646
177062
177756
183432
184329
184823
188308
189365
190732
190855
190993
191234
191681
192489
194230
194648
194792
198918
199496
200239
200912
201580
202947
204705
205092
205165
205439
205584
208418
208679
209090
210177
210524
213985
214791
216487
219957
220771
222743
226262
226839
227042
230632
230807
231171
232976
234292
236938
237321
238040
244311
244639
250331
251574
255037
255287
256226
258212
268995
269831
278348
278767
280804
281839
284376
285403
289171
289295
290077
292811
293006
294619
294805
295926
296789
297873
300041
301228
301231
301550
301838
304529
306280
309252
310173
311004
311904
315833
320452
321139
337498
340575
341691
342452
346247
347015
348146
348411
351982
352089
352191
352525
353730
356849
359753
369525
372367
372558
376393
378856
379677
381030
382322
382412
386176
389280
392657
393528
395565
398267
400215
402159
405150
406814
406864
409056
411246
411719
417101
418449
421446
428533
436978
438872
441999
443104
448625
450535
457609
460160
460171
460761
466470
467184
468990
469525
469706
470529
470783
498512
501895
522425
524804
528644
533188
538132
545290
550835
554138
554329
559340
562696
588267
592522
597048
598911
615547
619511
625688
628135
632545
638141
640953
649775
650349
658243
660418
661526
662786
664621
664937
666592
668316
669586
674085
674913
681566
686086
691796
694273
702039
704263
705805
707180
708503
710426
717876
732942
742718
743222
751266
757132
765172
772283
806761
807702
812462
816971
818698
826746
844029
857402
860788
865482
866637
880941
885630
890193
899895
905671
909329
915585
916177
929996
931227
933677
934332
947283
962485
973259
974408
978930
980410
982154
987831
1001927
1002112
1013568
1020260
1025433
1025512
1031959
1032095
1032470
1032849
1036775
1037359
1044502
1044522
1044550
1044666
1044820
1044838
1054309
1067163
1083768
1090153
1090677
1113060
1125081
1136167
1144569
1163370
1164889
1179855
1180575
1182462
1188087
1198296
1199002
1206181
1206457
1235032
1238198
1238743
1253456
1262189
1267173
1268089
1269672
1270226
1273668
1280801
1282834
1285833
1286363
1302434
1316343
1331287
1341639
1342090
1346801
1353272
1364558
1368307
1377587
1381929
1382747
1384056
1388003
1389421
1390003
1392209
1393119
1394451
1395535
1397784
1397983
1401053
1408344
1413419
1426190
1435996
1436034
1436896
1442625
1447606
1448705
1452379
1461199
1468407
1501073
1516442
1535282
1536794
1544817
1551525
1552538
1555977
1558219
1561750
1565998
1572447
1587730
1593445
1593572
1603790
1604624
1611706
1634717
1641933
1652832
1655306
1665993
1666939
1695480
1707696
1714436
1714596
1714602
1744812
1748856
1754390
1759306
1759859
1771506
1791575
1796544
1803422
1805499
1828479
1830036
1830897
1833124
1841888
1845153
1846002
1850128
1853262
1857412
1858869
1869851
1879823
1880077
1884482
1896335
1914186
1918141
1918948
1932518
1944324
1989860
2001799
2006875
2016667
2028596
2037566
2037588
2041499
2041948
2064588
2066216
2099434
2100344
2105600
2106148
2127111
2147067
2152800
2156516
2156852
2157435
2178727
2195313
2212508
2230386
2269709
2271225
2277930
2281014
2282182
2290202
2326598
2326734
2341135
2341559
2341663
2347717
2353839
2357898
2371953
2376247
2376667
2377262
2378194
2380435
2396917
2404516
2405233
2407093
2451730
2463526
2466690
2475613
2479709
2483226
2488427
2508808
2522420
2525189
2540351
2541720
2552241
2563176
2575586
2584985
2600602
2607951
2612868
2623899
2625677
2626602
2627740
2633486
2634477
2640697
2653625
2660380
2675640
2676586
2694387
2713359
2732498
2743684
2748593
2752273
2768228
2772044
2775251
2787391
2787626
2792654
2858844
2864361
2909767
2911659
2919752
2925175
2949948
2966374
2972072
2974993
2997518
3004669
3015194
3037603
3040956
3044140
3047227
3052343
3058743
3068413
3083791
3095054
3097373
3102280
3114547
3141281
3146371
3155319
3172073
3182338
3187491
3187650
3188364
3207984
3249581
3251673
3258590
3291321
3291990
3316970
3319544
3321929
3322858
3338809
3360493
3403742
3409756
3429976
3430383
3435355
3441698
3449393
3453397
3471471
3482338
3507531
3514113
3528054
3561442
3563262
3580395
3583041
3639379
3654326
3660914
3664574
3673313
3679693
3680213
3681357
3695040
3716767
3774052
3783458
3792971
3799106
3806542
3806584
3807404
3812706
3817448
3824453
3830748
3842134
3851792
3872032
3887600
3944598
3950386
3983326
3993964
3996390
4013415
4022656
4026980
4047580
4082488
4089508
4096886
4106207
4289129
4298493
4386521
4397086
4405019
4411797
4443113
4444526
4446467
4467069
4482781
4518149
4534065
4567836
4599712
4605224
4607494
4626417
4658991
4659236
4666200
4680321
4683966
4698227
4707038
4709766
4711307
4759159
4769366
4846830
4862878
4862941
4865309
4876447
4878671
4916393
4945926
4954544
5001069
5002343
5024924
5066942
5074855
5078029
5086458
5090417
5102524
5102551
5247179
5301421
5341105
5453766
5467879
5563592
5664239
5702950
5758881
5762882
5773241
5781358
5833788
5862010
5865871
5872353
5925431
5938797
5941967
5962253
5972632
6076329
6097872
6103257
6112119
6115398
6160155
6168559
6178407
6218676
6219404
6223935
6232297
6258187
6263404
6264700
6295148
6338935
6370705
6403949
6413788
6455099
6459574
6480032
6484416
6497453
6502173
6512176
6521486
6525968
6556063
6556474
6561929
6562073
6591947
6593168
6618040
6654882
6670196
6765108
6818094
6835070
6858582
6882081
6897359
6910013
6922418
6923440
6966549
6968253
7032153
7058110
7066775
7084198
7095019
7099211
7105155
7125307
7141417
7171893
7201249
7207133
7210008
7226732
7294838
7306472
7328304
7332494
7336998
7338770
7340449
7387500
7393281
7433568
7482661
7487203
7487694
7494168
7496189
7507852
7511798
7515746
7530878
7534258
7578279
7589851
7617769
7637567
7639259
7643874
7648005
7663007
7669847
7708559
7737153
7756925
7769780
7774134
7813028
7825884
7835638
7841021
7884904
7894751
7924522
7928696
7943730
7950884
8016748
8056459
8105243
8147750
8157858
8161539
8162648
8187236
8220725
8222579
8231971
8241483
8310701
8327792
8333993
8348277
8409016
8418863
8424165
8425984
8430057
8453914
8514376
8543922
8644068
8644316
8698026
8699670
8702170
8709185
8748445
8757313
8759961
8846603
8912163
8933142
8960094
8964067
8981591
9060128
9061264
9074734
9081196
9094234
9097859
9125161
9170940
9188877
9188913
9291401
9319270
9340263
9353634
9371865
9377728
9391659
9395286
9404742
9411391
9411629
9413365
9507882
9543426
9620619
9639333
9694082
9700555
10019192
10024656
10044721
10084367
10157071
10232898
10236962
10314317
10323907
10327054
10346808
10380891
10481638
10511077
10528190
10597811
10618245
10642981
10649259
10662702
10663683
10663752
10680660
10790327
10807255
10813266
10818976
10823460
10825661
10835028
10838216
10897208
10915099
10940161
10945185
10952359
10965981
11032547
11044645
11058003
11059427
11076119
11089025
11116870
11120716
11123709
11167312
11185346
11254735
11330562
11341485
11383674
11420837
11435987
11437875
11472178
11553268
11575916
11621015
11663835
11670212
11678280
11705547
11775820
11971249
11999001
12048988
12050698
12115848
12151650
12210701
12222657
12245119
12257146
12260100
12316438
12350805
12398937
12401366
12417651
12539755
12544751
12547831
12613425
12643177
12658619
12680730
12692184
12701835
12762906
13093391
13143994
13188866
13296604
13334424
13444471
13660574
14129726
14397635
14469529
15197874
15247619
18368530
18956326
20226420
21407298
21524152
23757853
25762457
26614295
26677670
28297344
29604369
30386006
30393246
30413297
30478724
30493604
30614120
30647008
30830018
30929900
30930441
30946790
31003261
31008237
31179776
31191046
31201567
31300626
31355321
31444489
31665278
31707891
31894758
31963364
32008283
32133298
32187755
32355458
32361228
32836168
32892273
32919293
32925503
32950823
33072528
33082223
33153165
33175613
33256692
33297799
33320725
33379188
33396802
33461033
33467949
33517774
33527588
33613455
33850982
33853060
33875954
33889744
33959503
34030951
34084480
34270993
34285095
34316061
34329666
34441594
34459723
35010771
35020897
35052640
35192013
35243759
35403844
35462873
35900860
35948737
36022578
36179955
36462972
36665898
36734199
36751778
36769849
36867627
37062988
37310338
37338080
37378446
37594101
37618024
37745283
37769275
37969302
38227039
38340816
38463645
38468280
38763737
38782245
38963888
39215176
39226277
39374006
39376721
39386672
39402323
39414798
39544956
39678012
39717795
39830017
40056925
40127933
40181324
40289520
40289768
40352149
40416569
40588897
40591295
40591990
40748060
40784107
40817977
40919839
41094787
41359525
41558409
41876574
42153859
42291715
42406385
43152410
43267325
43287973
43613590
43890955
44213123
44252549
44520715
45221910
46171760
46281710
47158512
47339669
47354883
48604540
48729038
49056100
49536128
50004244
50307560
50377457
50525264
50544959
50908413
51390479
51574938
51698420
51711557
51718058
51724105
51724855
51807395
51952847
51963184
52163543
52278728
52438006
52676812
53134116
53438865
53792501
54728508
55252062
55789885
56127348
56400147
56770263
56937902
56962740
57168892
57422213
58057983
58299802
59134578
59434748
59859685
60115139
60910002
61036256
63038996
63256751
63277468
64499024
64689635
65465055
36123
116174
255823
986212
1733459
2062626
5074424
10722737
610939
1534
4584
4696
12475
16376
17470
18121
18850
19691
26599
27613
29653
33442
44932
46732
47689
51028
54561
61807
76061
87050
88262
91646
105577
110726
167857
179735
194333
213522
252349
293044
705099
715794
909779
994840
1593081
1725447
3767536
4113486
6235840
11936668
12311283
35716478
81016
100848
221963
7228644
8192556
30643010
31536898
4350
4370
4390
4411
4500
4577
4597
4657
4742
4782
4904
24239
212644
3817487
4290912
10156
11715
14586
20652
24533
28703
29111
29732
33686
36677
59810
65352
73382
82163
85135
86187
89010
89471
93431
97292
104551
115460
117676
123126
127967
137590
142690
155382
156560
161183
163233
164488
171697
176602
178015
180002
191101
215328
216080
226849
252502
282143
326419
347518
396925
406251
408891
415225
454274
507027
561582
591823
598923
600185
635602
739964
817986
882638
927633
1015423
1017853
1093920
1156362
1192896
1279436
1301819
1390589
1395096
1396134
1398877
1443140
1454347
1456475
1464391
1487147
1640189
1658215
1682589
1708517
1713972
1724523
1727639
1851943
1853183
1927534
1967333
2001334
2021555
2086342
2180488
2267991
2296786
2315306
2424346
2487132
2494864
2571295
2574840
2632546
2649133
2660828
2748800
2883864
2997001
3012956
3090615
3119964
3251941
3326227
3332151
3416758
3889915
4090938
4105220
4446133
4557088
4644419
4876699
5319673
5903168
6103953
6246905
6311988
6445855
6514167
6524354
6553579
6559997
6593975
6666944
6833335
6898296
6921791
6991048
7005586
7153452
7272235
8079317
8185732
8220584
8242724
8304139
8442076
8442307
8594289
8754119
8882852
9294864
9360244
10006269
10157021
11742739
11744649
12022097
13644089
21488721
30396708
30426816
31376098
31434758
31776608
31923772
31934746
34358951
34432815
35524360
35642836
35712489
35935939
37241363
37747196
39011292
40099097
40289052
41157651
43713019
45096414
45259771
51775184
61011323
76040
3799
26277
37536
83714
200697
640429
1355346
1713217
2196171
2626176
2925106
2932166
6952175
7235925
9552896
10791777
11627117
12273535
12426626
13156095
31334998
33081233
33283052
34131411
35273448
38327529
39290747
40164918
14765
20311
66689
155457
713401
3941
4335
19546
24204
36375
44255
96185
192620
245692
303255
340602
411732
431740
1690682
2651967
2852880
3058759
3565215
5691509
13986217
115644
120277
266190
356426
3816
4624
4961
5094
6116
6450
8257
8320
8731
9972
10071
10096
10947
11492
12035
12845
13719
14362
15482
16968
17435
19317
19752
19836
20472
23165
23352
23797
23913
24187
25224
25465
28219
28811
29564
30887
32025
32566
33747
34026
35218
35407
36013
36153
36650
36714
36774
37251
38297
38644
41068
41291
41962
42310
42804
43012
43044
43696
44940
46053
48672
49016
49668
50429
52044
53025
53817
59356
59556
60876
64302
65481
65636
66163
66403
66830
68286
68616
68904
68940
71676
73678
78359
78596
78677
79569
80605
83357
84663
84834
86513
86889
94676
96118
97033
97199
101345
104734
105585
106391
108628
111372
112468
113355
113499
114342
114508
115557
116344
116695
117463
117939
118170
118324
119258
119944
120217
120362
120795
121235
123185
123941
124964
127138
127712
127779
127896
128667
129015
130831
131680
132112
133949
135132
135924
136006
137985
138740
140399
140928
142456
143471
143915
143979
144840
145908
147363
152077
153806
155022
156112
159787
160243
160244
160799
161113
161362
161556
161924
162038
163111
163704
165845
166823
166920
168770
168926
169191
169227
169280
169284
169348
169695
172582
174136
174863
176553
177760
178125
178178
179549
179763
181743
181893
183596
184610
184620
184845
185181
185701
187615
189767
194724
198896
199497
200999
203383
203733
207648
208187
208642
208821
209134
209640
210007
210318
210419
212487
212637
212692
214833
215573
216050
216646
218106
218827
220460
220512
220644
221945
228131
228210
229012
230296
231500
231729
231969
234586
237171
237410
238906
247369
247772
252398
253153
253968
260062
260332
262837
264211
265515
270304
270732
273479
277938
279628
280164
282035
284354
284894
288793
289268
290202
292843
293269
296379
297993
300003
300098
301230
301233
301433
304942
308407
308560
310974
311102
316463
316591
317392
317805
318180
321363
328715
333644
336641
341960
344955
345894
353773
356788
360538
365500
366167
370765
370804
371834
373303
376997
379352
382948
386584
386698
387612
388224
390351
393767
394238
397179
397512
397725
398833
401150
403068
403197
410379
413671
414241
416886
418556
419978
422663
422907
428640
428649
429683
433255
441095
443120
454121
463573
465337
467983
473609
477329
479379
486543
496228
500422
500978
511756
518621
523870
533265
543180
546973
548114
549909
550653
553205
555088
556007
563587
571287
571455
576622
577718
578024
578553
578815
588701
592456
596449
603651
606147
620828
622411
631049
637784
643833
644090
657361
664717
667088
667972
671256
679789
684336
687524
690660
692019
694872
696506
696592
696770
696868
700072
700901
707248
710680
712261
718039
719581
720011
722925
723313
724202
726502
726896
730492
731174
734751
735947
736880
739713
757589
767434
769968
771351
776775
795447
797618
824753
827396
830104
833082
837137
837817
849782
854331
861569
863402
866700
882435
882644
883493
884861
887012
888343
889129
893091
897483
898355
898463
898690
900537
910032
915303
915518
916578
917794
924919
931900
933905
934834
935415
935942
940162
950025
951507
953280
954706
954785
954948
958312
961011
963237
964658
975275
976642
989111
990821
996440
998789
1000463
1002627
1003576
1003588
1005002
1005796
1011231
1012057
1020522
1021756
1021896
1022985
1030378
1041710
1044707
1049910
1052039
1053039
1055653
1058992
1066550
1071073
1071125
1073115
1075450
1076426
1076532
1079133
1083206
1096953
1104108
1104192
1122697
1126029
1129556
1131212
1132799
1133496
1136940
1139807
1140695
1145943
1153765
1156312
1157543
1160122
1162932
1166881
1169436
1170499
1171816
1172555
1178479
1181512
1187384
1194721
1203591
1204138
1210361
1213164
1217344
1229358
1232069
1235036
1237668
1239671
1242504
1245557
1246425
1249339
1250609
1253629
1255071
1256880
1257155
1260572
1267559
1268151
1275755
1289349
1293454
1294279
1303003
1308652
1318092
1322311
1322493
1329154
1335202
1343504
1349776
1361447
1362098
1377493
1379651
1384380
1388896
1390983
1391097
1393400
1397776
1400280
1406558
1416276
1421818
1427009
1429320
1447277
1449324
1450791
1452174
1456260
1462150
1466123
1466226
1500349
1504300
1506209
1511644
1515244
1517290
1522760
1529518
1535421
1536126
1542312
1542602
1542611
1544866
1549295
1550037
1551158
1552456
1555156
1556906
1571814
1574976
1589279
1592499
1596523
1599058
1606264
1635665
1636907
1650511
1652810
1661756
1661877
1673573
1689405
1690133
1695620
1697415
1702749
1704623
1711785
1714317
1719679
1722065
1723338
1724864
1725437
1729852
1734265
1737557
1741063
1742656
1754913
1756144
1762265
1763026
1770617
1771078
1772249
1775177
1775279
1784164
1785287
1787806
1787849
1789972
1794598
1797765
1798222
1799365
1799486
1802254
1809531
1810062
1817453
1817722
1820277
1821754
1823678
1823794
1826435
1829773
1832338
1833375
1834739
1836835
1839360
1841078
1843096
1844248
1844456
1844939
1850597
1850651
1854812
1865385
1868961
1904830
1911528
1914553
1927421
1934370
1937116
1948870
1955233
1962038
1964621
1964904
1977396
1980900
1983827
1986213
1997040
2005010
2015591
2017151
2024313
2037112
2041875
2059946
2061916
2075564
2076046
2085460
2085566
2086335
2091655
2092805
2096801
2108013
2111906
2125908
2130101
2138716
2156139
2158342
2165549
2178620
2179298
2180761
2183520
2207356
2207373
2207433
2207678
2211103
2214721
2217884
2221443
2225982
2233945
2234084
2237811
2238749
2241909
2246096
2249266
2254237
2255296
2257187
2261566
2274759
2277095
2277293
2286200
2286732
2294125
2294983
2295597
2297520
2299694
2300729
2309562
2314632
2321222
2321755
2328279
2331263
2331960
2333358
2340079
2344744
2344836
2349025
2367251
2369094
2371449
2374113
2380806
2381069
2382980
2385862
2393029
2393210
2401009
2403484
2409558
2413352
2420227
2422871
2427908
2431579
2433325
2433784
2439741
2442636
2446795
2452832
2458174
2458861
2461630
2461736
2462064
2466679
2468002
2473604
2483945
2484470
2495328
2495553
2496062
2504494
2517480
2517653
2518683
2520168
2535256
2538178
2540054
2542792
2544937
2545679
2546219
2551403
2553299
2554852
2559823
2589252
2589919
2601011
2603662
2618288
2620496
2622465
2625181
2626883
2626931
2630636
2636141
2639300
2647750
2650686
2650859
2656527
2656760
2658235
2664936
2688562
2690750
2710548
2711303
2719618
2725965
2731145
2748736
2754609
2755115
2775265
2781273
2789129
2795510
2800846
2815060
2829847
2832441
2835383
2845189
2846498
2858681
2858700
2860198
2862760
2880257
2883015
2892248
2905787
2906602
2909066
2917851
2922199
2939532
2941885
2943539
2954162
2996013
3000119
3007683
3017523
3021332
3024041
3032063
3039032
3049380
3049469
3054848
3057682
3072061
3088842
3090542
3094586
3094966
3113868
3114489
3122469
3130556
3139627
3145875
3149613
3149831
3157233
3167243
3173610
3181794
3182134
3188666
3192955
3193072
3194960
3196779
3205910
3212759
3214030
3229639
3231802
3231905
3239654
3242985
3243736
3254200
3276821
3293424
3296926
3308980
3310166
3312174
3322410
3323498
3328076
3347507
3354428
3355853
3360165
3367578
3386410
3387228
3389200
3405951
3408855
3430797
3439522
3454774
3456858
3460592
3477159
3483298
3493667
3498467
3503669
3504118
3512814
3513418
3523321
3523405
3523488
3526395
3536551
3537682
3551147
3552458
3560627
3577628
3578765
3591290
3591565
3598665
3602193
3606410
3623086
3624314
3637834
3639950
3654124
3655105
3661678
3672840
3680306
3686120
3688449
3690587
3695700
3697009
3697171
3698482
3715644
3737788
3738901
3739030
3739263
3740744
3769548
3772441
3773019
3773563
3777456
3779776
3788611
3791603
3797777
3805769
3817159
3833826
3835103
3842138
3854061
3861625
3878790
3888405
3889952
3891482
3891779
3897990
3905178
3912927
3940918
3945454
3945737
3947088
3949427
3952630
3955288
3955417
3958274
3977388
3978699
3982950
3989690
3993316
3994786
3998249
4010528
4022836
4046937
4057574
4089640
4106740
4132473
4204672
4227206
4248485
4249347
4254277
4259473
4282024
4289262
4292005
4299977
4307320
4311448
4374283
4377447
4388726
4396609
4396698
4410155
4431977
4436704
4453853
4457928
4459419
4460039
4460267
4471197
4491110
4494355
4503812
4517141
4518550
4523517
4562837
4593843
4608367
4612454
4626288
4628113
4634032
4639806
4639897
4660575
4663500
4692850
4701676
4711176
4751734
4773779
4780824
4781071
4852380
4864892
4881874
4882302
4900565
4901741
4906450
4908437
4908921
4913257
4936803
4941956
4943041
4951091
4954402
4970371
4986308
4998940
4999375
5001413
5002921
5010216
5014317
5015886
5016481
5047654
5072310
5084297
5085039
5106897
5114067
5114425
5128561
5131757
5141511
5163074
5165234
5191622
5299160
5372528
5375168
5399346
5404707
5454803
5470062
5476090
5526694
5571825
5603254
5603920
5630744
5665105
5673455
5686486
5703092
5713746
5729942
5742112
5752989
5768213
5793744
5795550
5801012
5819666
5825069
5844933
5850822
5890008
5912270
5915525
5925551
5933749
5934083
5935688
5936635
5939135
5942311
5943276
5949379
5960232
5974057
5981298
5986847
5994201
5995160
5995654
5996595
5996616
6075696
6077870
6084203
6084310
6084681
6085678
6091879
6095476
6097943
6120425
6135399
6172563
6176959
6180865
6181252
6182376
6183042
6186230
6191682
6205313
6206745
6212735
6216398
6221753
6241707
6248887
6250703
6254327
6260866
6265801
6268398
6285775
6300736
6344167
6349949
6358324
6361380
6364648
6392902
6406819
6407776
6438238
6441712
6455164
6460594
6475265
6483632
6486930
6493711
6501610
6503283
6505723
6508246
6512780
6514565
6518107
6522804
6538519
6548695
6551648
6553200
6559479
6565673
6575464
6601549
6621412
6629337
6637251
6643409
6670713
6679806
6693110
6694093
6696848
6702926
6713303
6729566
6732804
6732886
6742774
6747482
6754376
6754645
6764789
6787893
6789584
6790354
6798622
6803991
6804856
6815416
6826378
6827559
6840817
6868781
6869748
6870616
6905704
6925766
6943588
6954159
6988141
6988150
7000953
7006306
7006550
7009202
7023362
7036804
7047279
7064547
7091453
7115946
7128555
7132329
7148038
7175967
7186461
7187685
7200881
7213897
7223847
7226573
7227055
7232773
7233273
7249084
7259686
7287727
7306450
7309051
7314592
7319807
7344137
7346443
7347598
7377910
7387364
7387377
7390886
7398956
7402245
7425497
7448149
7457619
7460191
7468920
7476751
7483309
7486775
7495105
7505095
7512317
7531733
7536784
7544134
7551868
7588510
7617166
7627032
7644105
7652015
7658980
7678120
7679500
7691472
7707026
7713696
7721685
7726044
7729897
7732689
7737703
7771728
7783709
7792210
7821420
7825384
7831804
7882091
7913693
7916186
7922143
7938100
7949538
7951035
7959976
7960262
7962503
7969609
7976067
7996705
8054557
8055952
8083242
8086245
8124251
8127650
8132590
8136463
8138059
8142765
8143114
8156407
8164562
8167800
8170403
8194671
8195777
8208760
8210710
8220209
8230932
8242852
8273930
8285557
8309912
8334629
8355124
8366830
8367087
8369436
8380189
8383828
8451216
8451385
8473956
8489559
8494904
8507269
8526658
8536228
8538919
8561491
8589801
8620146
8632554
8635436
8642942
8678640
8700934
8701232
8701589
8708054
8711981
8716459
8716616
8723161
8727778
8731661
8732050
8740632
8743155
8743335
8758985
8767572
8774062
8774075
8809974
8811864
8817651
8820244
8820379
8821257
8834003
8838311
8846755
8869697
8884491
8908368
8985049
8989980
9044491
9052521
9095367
9103533
9136310
9187243
9190708
9199913
9211880
9220127
9225993
9226340
9243296
9257907
9258244
9261250
9292359
9299398
9307164
9311515
9311660
9324322
9325886
9329886
9374701
9380862
9383057
9384605
9407229
9407646
9409984
9447823
9466737
9515641
9535838
9571303
9575662
9590605
9595930
9600061
9604135
9618961
9619338
9622032
9640726
9643425
9662154
9667705
9681623
9681655
9683809
9710318
9731592
9739053
9757429
9776636
9801022
9808610
9876923
10007759
10011997
10014652
10016361
10017719
10029794
10030964
10033238
10039077
10046859
10053957
10069151
10087014
10104833
10111954
10141769
10142526
10145228
10145944
10156133
10175874
10213381
10215989
10229891
10243208
10251924
10260389
10277654
10278822
10300318
10340486
10352413
10358347
10367467
10372869
10420250
10426702
10447047
10447589
10464198
10498952
10530224
10537019
10540462
10559154
10565112
10565984
10572052
10579745
10590519
10593723
10600729
10606712
10622251
10631442
10635634
10636436
10638414
10656519
10671908
10675948
10691669
10710409
10748971
10773486
10791453
10825210
10835873
10845689
10853013
10868086
10885408
10900872
10901162
10919284
10938577
10949327
10970386
10986878
10997450
11002337
11016435
11018291
11019120
11020200
11020516
11031380
11064357
11081718
11149089
11149396
11167632
11183831
11184864
11185999
11211215
11217218
11222224
11228427
11239589
11262851
11263928
11275462
11290506
11297147
11297894
11325216
11333288
11343016
11344385
11382798
11382941
11396339
11398034
11404031
11417207
11452267
11477274
11482098
11484137
11520838
11528157
11532307
11537517
11545640
11557135
11569220
11598433
11621485
11640214
11661966
11688806
11696458
11712249
11740696
11767267
11778502
11793811
11799864
11830104
11835154
11837121
11859920
11865835
11872709
11876149
11876414
11915689
11920009
11939654
11944657
11957698
11962210
11963067
11966261
12032083
12033611
12049071
12083233
12085186
12117477
12119963
12169889
12210803
12251597
12276338
12280792
12281702
12283718
12358125
12361519
12395228
12412911
12419244
12424272
12444679
12454403
12500940
12506306
12514741
12521790
12523999
12538393
12555237
12579692
12583170
12643745
12668641
12703135
12710203
12717485
12794124
12816161
12816958
12819193
12824423
12829506
13096193
13118022
13131541
13151595
13162176
13172745
13198850
13199945
13219801
13243686
13304793
13316387
13330585
13345186
13361190
13383923
13392329
13404666
13487830
13500030
13513638
13536305
13560279
13591689
13595248
13642632
13648471
13649531
13667734
13677165
13678761
13825920
13913530
14019463
14029803
14032861
14173748
14357979
14502061
14502346
15127467
15474726
15518714
15571018
16347217
17404290
17617833
18331146
19441324
19790997
19958903
20555923
21298163
21472548
21603227
21731799
22207203
22336523
22807268
22811171
23025211
23131188
23355375
23726790
24045926
24446663
25439689
26906433
26923717
27716081
28122758
28200163
30089508
30251789
30357428
30391078
30412777
30415067
30418280
30420493
30441313
30520233
30531109
30656262
30677504
30699273
30726376
30729350
30731027
30746240
30755652
30781389
30785153
30790962
30851686
30857320
30892305
30923843
30939214
30941430
30962083
30973112
30984803
31013346
31055718
31085803
31137374
31199760
31215316
31221554
31229805
31272727
31296618
31327632
31342272
31345533
31377612
31406679
31461032
31473787
31477724
31480299
31562860
31616892
31620389
31670093
31674433
31677533
31728928
31774072
31791463
31879983
31885284
31923141
32004393
32031174
32085974
32086003
32105713
32116341
32192482
32221332
32235645
32252602
32261733
32314916
32316115
32322027
32401646
32408613
32414613
32438135
32438993
32453862
32474880
32487337
32569295
32594894
32616310
32683754
32751924
32769286
32786862
32787928
32875523
32952725
32976291
32996296
33036865
33079733
33113399
33140780
33191924
33230298
33235151
33253756
33273862
33274593
33289049
33298955
33301633
33380905
33386914
33423621
33443057
33455663
33459938
33480168
33499768
33504898
33507236
33530076
33602771
33610811
33627262
33629064
33656429
33689559
33717732
33732844
33747657
33776118
33779495
33817507
33909023
33923459
33969918
33976852
33992620
34001708
34033690
34036339
34106931
34196594
34233163
34245825
34292998
34319529
34330731
34351068
34352372
34360902
34616115
34646116
34646861
34650125
34737327
34778245
34778312
34800868
34802550
34823144
34847483
34876164
34916513
34940885
34941385
34961841
35005951
35010548
35072849
35082364
35123663
35154418
35175410
35224145
35232431
35234910
35254330
35323594
35366024
35389774
35449380
35503248
35555927
35675560
35786932
35895558
35933178
35943315
36083476
36108434
36135660
36141985
36166188
36239943
36244271
36300930
36377289
36429582
36433636
36451396
36546541
36581604
36685566
36751824
36752034
36765659
36842214
36893623
36910374
36999127
37005552
37012509
37033888
37035743
37057554
37075692
37162680
37172764
37191440
37193792
37200940
37222965
37287195
37322323
37344217
37390949
37501178
37509903
37557122
37580763
37589479
37651455
37713980
37751788
37798680
37844088
37875491
37910463
37918448
37939319
38125851
38143055
38147946
38155184
38194690
38290596
38316383
38464965
38503611
38514983
38542438
38545095
38653400
38803467
38841244
38968867
39070358
39089569
39217314
39396663
39399112
39421151
39424015
39650591
39660878
39890598
39914266
40234293
40245699
40314765
40318025
40545684
40600709
40645552
40723352
40749617
40770109
41162470
41251703
41259245
41433785
41533952
41639707
41661540
41671810
41972231
42352074
42398376
42611326
42617643
42725549
42735848
42831129
42940334
43084042
43403118
43844059
43847058
43864108
43878568
43895800
43962918
43968452
44156609
44293153
44314507
44566007
44609226
44629282
44930667
45106023
45651009
46026765
46076746
46094336
46103002
46112555
46415554
47017527
47535693
47544438
47731662
47978679
48077892
48590162
48593717
49036309
49180711
49426169
50431652
51254577
51607917
51762287
51766952
51794723
51853344
52460078
53600835
53613122
53654317
55976492
3063
3876
9011
12680
13019
17928
24219
51740
81215
82241
95448
107937
115908
120372
129883
156719
162506
190309
339759
413665
501763
683264
732374
794404
794765
832271
1139742
1169106
1178507
1266407
1283274
1368868
1394320
1740464
1825344
1874541
2327166
2483295
2561167
2633348
3125158
3234065
3395991
3729839
3807487
3930743
4679374
4949055
6071308
7157859
12222155
12332133
21309104
33038031
34880045
36332423
40070284
130767
123109
7326
25393
35782
51663
63704
64417
80664
98305
105828
117495
139204
145140
146627
169093
193534
199473
213929
234689
243524
257812
267646
316909
789686
1021074
1046411
1055878
1940711
3368613
3691629
4204255
4248792
11151252
236360
3831023
4508712
6259691
10786616
10992938
234554
110953
165288
291766
311438
398544
456690
562618
592773
770407
1295863
1465140
1593745
1622735
1826364
1982900
2254222
2265093
2391278
3798079
4241896
6337656
6515050
6682661
6694790
6750748
7248037
7673605
8923652
9662623
10020419
13264463
13693722
30928285
31475102
33511214
33654804
53198872
23358
17717
30074
35540
52891
101715
132045
331311
78497
137028
137400
619597
868352
1604199
1782368
4597035
5099820
31627831
300567
820427
1756624
1775054
2032541
3566244
6075831
6826056
7054611
7740983
8303535
10684105
10996785
11665188
12044072
13360112
39376470
5795
1159259
2225534
2251901
2565188
6602197
8810162
10143891
23479
268899
402269
565142
939004
2485984
3537887
6081297
7988624
12448386
37529440
40025544
147766
7018
15003
20476
25558
49458
52920
68631
81168
113520
145841
215867
216371
321729
345153
2086246
201323
1544206
4664615
49512
51090
57610
66468
87831
89134
110819
200659
649603
1489062
1678122
2724840
4296975
7099796
7338403
52269
254640
365570
1316488
1316595
4007692
8173506
9226900
30669942
35998354
42273305
8459
13256
13525
14622
15119
19530
26280
26395
31993
36005
61009
74477
92440
98106
112104
127171
152789
165857
198491
233825
676398
739308
979192
985634
3812635
98033
13399113
986
4127
6165
6921
9148
12370
14957
16110
17023
20235
21508
22595
22649
23162
23486
23764
27454
27975
30922
31533
34662
43014
43153
44006
50053
53054
53481
57642
62210
66461
68125
68964
69007
72624
74233
80069
83118
83736
92565
93060
93247
94291
95416
99824
104017
109090
110381
124838
128016
131564
132586
150273
150948
155613
160605
162271
163863
165594
178135
181161
181825
182042
185157
193104
194461
196895
203561
205690
208585
212763
233929
234854
238946
244964
246541
247955
266275
271386
273398
291854
293468
323783
340013
342254
342919
345626
355590
371278
380947
393102
403156
419162
424275
431170
433456
443068
448712
478903
483490
485370
493394
496938
516525
568462
575766
589917
595440
616860
623908
626808
628161
631120
647060
650459
667064
674470
720009
730313
756782
862120
894339
899971
909182
914475
931564
942297
947511
975720
977242
1014249
1035262
1038218
1109574
1115510
1155405
1205268
1205466
1206589
1227124
1236118
1255134
1257586
1277701
1294046
1361941
1377598
1394663
1431607
1439856
1449066
1463988
1528914
1555987
1591287
1600892
1600979
1603304
1647741
1702146
1703958
1706519
1725896
1749511
1752556
1753455
1794613
1813161
1815626
1816781
1831338
1831516
1857745
1901990
1919163
1920859
1925436
2018466
2027401
2037565
2039704
2040308
2054157
2055136
2070762
2094727
2128272
2153976
2169155
2173508
2198801
2201632
2220489
2256031
2259305
2274536
2279759
2301485
2328566
2329875
2344117
2368978
2375393
2379738
2390756
2391240
2447664
2486242
2517993
2526057
2546049
2555035
2557946
2576826
2579113
2579717
2589288
2615512
2617020
2619025
2623093
2647249
2707733
2714006
2818358
2855694
2891839
2969439
2974775
2982488
3046397
3053557
3100226
3117190
3135870
3148301
3159398
3193646
3210143
3217234
3225104
3248110
3281985
3294594
3303934
3304147
3314759
3346160
3357217
3371493
3478424
3504399
3566861
3608394
3622868
3668190
3743439
3750521
3768444
3784652
3792185
3876829
3898532
3946830
3956272
3976264
4075918
4280329
4306727
4336464
4386429
4422293
4431518
4478698
4517758
4754108
4880439
4916315
5120331
5160152
5388638
5525590
5694586
5709110
5819498
5863632
5940840
5966677
6072898
6122955
6189045
6232826
6239723
6504088
6532318
6549181
6591801
6651260
6652064
6690062
6698379
6699331
6731970
6807960
6916631
6980593
7028577
7246768
7372214
7433303
7444147
7471992
7478044
7595989
7688191
7747019
7881121
8039138
8051015
8062642
8070858
8104377
8265027
8389509
8411314
8441473
8478325
8557713
8703981
8728104
8728992
8805298
8856377
8963429
8973641
8979525
9102758
9134452
9384639
9387447
9540398
9576665
9605812
9711382
9718179
9727426
10023289
10193648
10304273
10335793
10351663
10357690
10379624
10387148
10607852
10643177
10897841
11077265
11100869
11186060
11223156
11255119
11369601
11383290
11394297
11418419
11504404
11564193
11590541
11855085
12061343
12077873
12150785
12516467
12809159
13136022
13213321
13336349
14746239
27312117
30356618
30568202
30588912
30755588
31312656
31474865
31734407
32065844
550031
2841171
1831
2532
6408
11670
20849
71711
72537
150077
161471
192043
227084
242418
243545
252304
269983
308478
356801
393172
666268
764384
933703
991357
1020436
1279250
1492709
1595832
1634362
1766688
1817177
1833799
1846893
2088424
2335547
2795153
3142589
3423718
3452888
3598447
4016384
4261435
4708374
5123985
5602987
5979781
6140150
6607971
7414534
7976209
8135213
8600175
8718426
9570061
10033903
11012860
13246782
13361476
13759418
24136954
30933148
37920479
43434790
71135
118376
142720
162995
236415
420750
689392
1370871
1572522
1774860
2568961
2862919
3232277
3438843
6692123
8764896
12342818
13402726
13871329
30398295
33709002
33717409
35860061
37350098
45934676
51821433
86730
4158
19356
83942
211776
1148841
31209494
4165
4270
8416
8990
10892
13748
14396
22054
23880
27680
31613
32934
34638
36047
38514
42988
43086
43208
43253
44541
44904
45950
47787
48190
59651
60061
62696
63567
65733
66637
71718
75903
79295
81859
82090
86759
91497
94176
98889
99717
111937
114675
116126
130251
130857
139075
144059
144150
145876
150199
159798
161100
167525
167568
169991
179959
188236
189101
189198
190361
207538
209040
215584
215679
216394
222623
234335
239582
252310
252365
259902
260293
266235
277959
294418
313982
319775
341788
344875
365483
374475
376084
387288
421882
422056
471795
473275
514756
523755
534331
593088
600247
611662
612937
635866
654458
681628
683122
718332
720775
785175
816912
828036
834336
841493
842466
856081
908047
920064
920428
950130
978770
1004649
1019332
1078984
1094074
1104405
1142430
1142881
1193771
1205994
1254937
1283237
1291600
1294609
1314110
1331879
1363750
1394700
1395994
1459887
1480891
1520116
1533943
1547182
1555286
1560797
1576520
1577656
1597263
1601393
1630697
1649224
1747832
1752633
1772075
1805239
1847483
1848087
1848683
1895316
1900905
1902293
1902754
1955384
1960706
2000522
2011960
2028086
2035967
2053457
2092477
2109450
2137383
2147232
2160878
2180427
2189142
2195314
2202225
2210962
2225055
2266828
2288804
2293884
2306514
2348397
2363004
2367427
2377978
2387107
2413836
2456970
2469265
2479815
2490493
2495855
2512169
2516558
2531257
2542204
2566669
2589168
2589836
2591750
2608131
2725765
2737953
2771303
2822466
2836228
2864508
2890751
2906152
2908182
2913794
2945070
2988543
2991646
3081944
3113851
3170610
3181972
3186879
3203083
3218552
3223996
3281775
3327367
3398148
3403642
3463924
3475487
3495875
3504751
3512591
3514276
3527020
3616154
3623377
3640889
3663145
3678902
3679359
3694122
3704291
3789232
3792834
3820421
3824893
3868713
3878459
3883166
3884956
3888277
3903627
3904980
4012901
4089430
4220300
4228761
4260753
4267794
4301072
4314701
4382457
4408832
4413936
4461365
4478146
4485980
4496357
4528837
4563358
4571425
4608221
4687650
4700931
4720786
4736554
4779595
4783133
4970046
4991816
4998713
5126557
5143653
5464657
5557965
5726875
5746314
5760569
5797266
5814300
5834730
5920826
6000963
6001895
6071426
6074045
6075858
6094200
6094202
6151073
6176914
6190299
6217036
6219125
6237821
6257132
6258551
6308925
6397884
6407087
6407559
6490591
6523001
6541810
6558616
6577003
6587861
6645536
6780517
6805857
6819438
6823768
6848400
6943028
6964720
6977744
7165265
7205539
7259572
7340272
7359261
7361586
7364253
7381888
7387394
7410968
7414218
7545485
7570241
7595530
7633872
7746397
7749207
7764922
7812817
7839075
7843103
7870465
7884123
7914609
8006550
8027307
8072772
8152384
8206790
8245733
8247708
8277037
8293344
8328201
8376354
8413527
8440401
8465022
8475133
8477161
8558022
8559885
8612891
8682657
8685016
8711269
9037142
9067465
9079075
9116768
9176375
9196228
9197776
9246087
9380130
9609446
9756137
10039523
10276759
10349039
10426744
10636019
10686310
10784392
10852935
10974330
11086840
11156554
11375149
11663972
11795679
11907071
11919638
12036933
12080761
12187932
12206163
12361131
12519293
12680292
13160114
13243829
13630342
13631389
13662078
15473897
24436718
24497372
27727696
29991295
30394780
30613072
30643483
30879677
33188419
33830516
34847830
35143703
36554745
36817115
37244775
37488698
39054725
39279140
46577273
47396882
48016770
51015267
9517
84366
1552946
3978930
149272
1462761
2547438
5023509
5332505
7830709
144024
2094411
8209
8815
9396
9916
10327
10785
13600
14388
15860
16766
16937
17034
17955
18414
18481
20734
20801
21707
22450
22538
27549
28103
29616
30409
31317
34256
34685
35842
36580
37186
37696
38641
44406
44949
45158
45873
46033
46291
46784
48032
49504
51026
51703
52479
53451
58184
59649
59928
60912
61755
62231
65750
66947
68226
72071
75493
77869
80790
81288
83079
84170
84959
86096
86316
88439
89616
90017
92833
93638
94051
94348
98913
100002
103350
108233
109176
109239
111100
111669
111895
115816
116991
117320
123746
124376
125402
129582
130621
136246
137157
139034
143947
146504
146895
147092
147369
151786
151843
152076
152640
157724
158853
159576
160356
162774
163785
172491
173875
177085
177404
177826
180056
180512
182383
183462
185307
186660
188501
190154
190207
193671
193760
196499
200475
200989
201785
203808
203939
204155
205047
206059
207961
208444
209199
209700
210314
210330
210950
211093
218540
221376
222058
228080
228403
229075
234414
236741
239287
240545
241953
243523
243655
251474
251628
252215
253845
255000
264591
266118
275098
279456
281876
295357
295372
300754
301847
303086
310241
315855
315969
319936
320414
321471
338371
340320
342106
349136
349434
356857
383078
392106
427761
443920
469961
470941
474825
475084
493854
496251
504766
517624
518703
521583
525402
548875
556935
560027
563478
565542
565931
567362
581464
584245
593381
597432
599525
600815
603294
619526
637436
640623
642369
648005
649442
649936
661879
676728
683196
691768
701300
702210
721076
735276
737736
740070
746490
748595
751414
753464
763607
772853
779441
788782
791398
801496
802540
805922
823256
824498
825725
825965
842680
849203
849382
853940
859739
868418
874330
897890
898173
914980
920856
922173
931956
935087
943931
943934
944127
956092
958243
975507
980556
1035319
1051873
1052223
1054075
1058805
1084405
1085467
1089592
1093020
1124243
1129774
1139517
1139970
1148409
1151441
1167655
1167967
1178513
1186591
1189995
1194761
1197709
1238452
1258264
1259232
1263189
1295004
1304140
1310743
1328802
1341665
1368245
1382184
1384902
1386639
1387387
1393534
1394733
1398855
1422713
1423582
1431412
1454455
1455487
1456752
1460182
1461700
1461738
1463327
1471887
1486672
1492025
1495261
1505834
1512499
1517485
1528238
1534113
1549031
1553963
1562729
1589593
1600858
1602685
1612634
1628294
1646912
1648377
1663534
1667824
1677989
1682430
1691881
1705079
1708860
1712614
1713837
1717851
1717932
1720583
1734367
1744650
1749497
1799429
1803437
1807046
1827537
1830787
1837233
1856180
1857688
1860615
1871194
1871897
1878092
1878706
1909031
1912547
1912663
1913822
1920050
1922689
1930421
1938098
1939229
1961716
1963393
1967281
1986007
2005227
2007293
2015049
2017055
2027121
2028210
2030733
2044055
2055640
2066227
2070802
2076301
2077509
2078129
2083940
2102878
2113099
2119537
2122705
2125208
2156098
2170006
2176877
2180505
2180652
2182635
2182938
2204799
2205367
2208514
2223706
2239795
2261152
2276898
2286110
2297456
2297664
2310392
2312995
2316716
2320311
2329860
2333189
2341909
2360954
2372152
2378010
2380278
2381291
2396962
2450467
2464839
2495765
2530699
2533792
2537788
2544837
2554728
2578454
2596322
2634511
2653961
2745445
2750484
2756356
2807087
2820652
2835780
2836439
2847934
2879998
2903350
2942565
2957837
2979464
2981406
2991122
2997079
3010908
3012182
3016264
3026933
3029746
3043262
3049528
3051710
3053699
3099619
3124178
3133997
3143740
3156120
3158026
3166665
3172222
3174442
3188802
3212573
3216631
3230661
3236574
3251071
3265774
3267378
3273753
3278646
3284495
3304124
3315100
3322724
3331302
3340045
3401014
3403457
3407977
3420350
3455739
3477219
3484011
3492810
3496131
3499694
3505685
3509450
3524565
3552553
3578502
3591632
3621418
3621728
3642140
3652885
3684485
3695227
3698517
3710254
3747187
3755488
3763053
3763846
3776381
3778321
3805632
3805762
3810561
3814561
3821794
3825390
3828331
3830994
3833877
3874205
3875374
3877457
3878280
3897943
3922067
3922888
3951520
3983764
3998129
3998374
4005208
4013666
4031979
4102998
4112953
4221095
4259609
4261337
4262572
4272108
4291262
4324235
4381967
4388450
4424817
4426120
4426180
4431382
4434221
4435550
4441681
4455145
4457231
4468592
4472396
4473340
4487878
4520998
4564388
4594077
4602139
4609710
4613176
4639917
4647871
4659551
4662792
4673834
4678178
4684435
4687657
4708563
4717027
4731405
4743002
4757955
4761287
4769592
4876981
4907739
4924621
4933694
4993151
5008280
5011352
5012292
5022714
5038356
5134867
5388305
5420320
5453802
5455339
5542531
5552325
5558109
5707358
5712742
5757631
5782811
5785644
5822646
5825185
5835337
5902567
6001941
6072015
6074927
6085389
6101722
6104395
6116953
6132475
6135966
6144883
6180794
6202207
6210612
6214877
6230035
6268421
6327042
6332982
6357026
6399777
6466391
6478244
6491242
6520457
6522481
6526171
6538733
6540156
6558053
6578748
6579084
6644426
6646560
6650037
6653847
6669823
6682494
6709512
6735007
6744781
6761515
6765049
6826604
6830560
6852426
6860549
6890369
6960396
6993274
7027576
7034479
7046146
7072539
7077297
7099579
7134214
7168809
7176973
7189352
7205139
7222108
7230743
7282153
7301427
7338662
7359220
7361123
7381921
7431353
7496107
7514471
7538145
7543652
7570356
7571558
7573170
7580649
7628210
7785716
7823046
7880861
7929568
7961913
8038121
8044824
8050306
8058412
8075502
8115384
8153722
8180512
8189992
8245270
8262189
8343125
8389178
8413156
8430634
8436368
8537502
8568613
8574382
8648799
8649460
8683679
8713038
8714355
8719745
8736276
8739571
8756275
8758829
8765374
8771689
8772580
8778679
8819888
8964570
9038881
9050661
9072681
9084216
9125764
9173102
9184585
9196335
9196489
9259673
9545797
9603073
9607138
9608354
9669998
9677659
9683516
9700106
9776246
10005278
10043387
10055422
10136424
10170625
10190945
10215299
10218254
10281811
10285225
10314765
10321040
10324053
10333989
10381648
10391459
10439764
10635933
10641945
10655270
10663468
10682265
10787155
10805283
10807576
10811574
10814244
10873710
10921530
10927845
10958818
10980341
10984969
10994319
11071326
11075664
11106892
11107872
11135554
11152285
11194385
11207398
11208423
11382493
11397466
11442455
11450844
11463248
11602757
11664740
11706054
11744978
11754962
11765636
11789155
11834238
11893361
11964477
12073236
12211035
12224479
12256854
12272384
12279348
12280128
12383748
12439509
12494702
12518951
12697683
12709072
12739800
12752919
12785152
13108333
13128612
13166330
13186214
13228424
13234029
13317974
13318627
13546815
13629170
13637064
14049997
14050117
14257031
14289441
14850005
15546163
16093969
18483196
19400187
19528398
23103442
24072958
24800585
29632208
30404125
30414334
30455358
30544454
30564192
30660006
30751344
30772804
30845833
30916571
30982379
30998500
31056139
31105316
31147588
31400909
31600254
31641155
31825672
31829813
31923449
32015576
32080954
32145654
32287074
32425296
32583675
32586534
32650712
32910497
33150003
33199895
33407199
33488691
33547912
33642246
33644452
33653663
33676131
33824139
34134267
34403769
34598490
34738608
34840688
34845134
34986981
35125053
35159425
35229169
35269082
36083433
36157817
36209552
36343000
36430750
36706764
36800574
36894844
36944891
37857050
37932652
38141614
38293362
38293549
38358214
38392571
38461546
38665369
38794348
38866942
39108686
39303684
39582269
39865721
40010028
40400727
40404237
40607117
40660097
40723412
41684771
41837257
41908827
42068537
42182448
42222687
42983026
43258522
43393545
43926594
44115487
44153461
44349613
45016241
45124970
45646659
45880043
46090824
47097783
47273647
47793551
48124892
48392086
48595939
48684752
49081346
49267668
50555464
51114499
51713205
51782996
51837698
53025640
53292393
53594282
53883196
53935773
56129288
56198466
58649354
59106374
61157481
62094542
65243534
3011
11530
21562
22040
25489
42723
48467
73004
231696
342134
397081
471576
625997
663964
723933
921758
925125
1293806
1390726
1462024
1758606
1967998
2464384
2488444
2715876
2879332
3160686
3272815
3417685
3435656
3652613
4649250
4717244
5053229
5408023
5480775
5829131
6538881
6571977
7050258
7686076
7842406
7885550
7902826
7919085
8563587
8663826
9327373
9474864
11359262
4214
447180
1849682
1895207
2212342
2238661
2642875
3723662
4590238
4904730
8791990
9157512
10959487
11611537
11641835
32042363
37546185
37964256
40241851
47561987
338005
525118
541413
1306887
1789041
2002079
2490436
2580547
2965618
2977601
2992157
3408611
4739093
6829767
7516987
7818207
8672294
9639224
10599688
10842103
11446288
35106623
7082
9060
10663
13538
20290
20505
28405
33439
34180
34536
36391
39217
45886
60719
68239
77257
83387
93836
98362
103960
120991
139778
144407
148532
148750
149185
150850
166522
167786
168001
168633
169425
170404
177549
181076
184582
187269
191858
199179
199313
208271
216303
220194
221207
256155
267632
268094
290914
293020
312555
313340
328298
371987
379567
445551
465805
470298
471618
503613
532050
540496
542927
559014
596605
625800
644208
647616
686835
729675
741958
786266
797075
866726
872934
904522
920661
975266
982585
983172
989071
1103469
1117199
1130912
1187961
1204049
1209704
1226527
1258125
1278818
1296177
1320147
1411717
1412439
1412791
1453555
1470409
1490819
1494951
1526669
1550760
1587072
1602847
1632099
1653271
1786968
1799296
1810337
1820237
1828740
1829408
1832692
1835568
1894830
1898838
1936168
1957092
1993203
2019338
2020413
2024258
2070233
2086273
2121854
2173246
2191883
2192614
2281769
2310928
2385535
2522357
2535259
2582213
2625148
2712064
2759390
2863158
2972107
3020254
3139142
3209749
3371965
3389759
3406285
3408921
3419837
3516783
3530723
3538455
3576528
3684164
3731635
3759203
3763572
3767976
3801416
3810622
3840194
3842120
3859756
3890534
4028017
4251584
4299141
4526786
4619821
4861337
4883797
4998167
5000842
5087160
5150906
5411566
5621225
5750416
6005937
6074584
6087784
6099001
6152734
6153977
6250042
6317441
6483402
6512109
6609131
6616583
6650670
6757935
6904688
6941926
6952409
7041152
7072980
7083598
7231317
7461456
7529378
7564081
7787015
7811994
7906017
8074492
8177577
8206636
8276501
8425535
8494343
8509883
8697937
8747469
8885947
8941130
9363347
9524234
9807253
10007914
10049723
10051494
10245101
10717819
10722030
10836915
10866469
10947125
11191593
11461236
11492548
11648897
11858673
12060559
12203924
12235429
13394647
16054614
16445036
21317582
21687533
24059922
24172682
25766597
26960997
29001454
30391615
30588461
30772426
31065479
31345168
31454438
32031019
32065119
32083026
32201616
32208400
32348136
32425907
32471832
32616937
32910778
33245935
33516725
33561140
33836153
34133690
34327062
34435589
34571793
34707356
34805066
34831924
35280219
35735986
35765527
35946228
35953670
35966051
36439167
37548860
38912167
40335167
41087582
41399419
41491000
42123717
43162677
44174026
45576596
45615240
45827718
46113624
46492389
48077590
49030051
49357706
51729401
52145961
56289846
58580440
28786
29553
43003
113403
121763
174025
192297
205347
286430
312223
399715
1800548
2477361
3875667
4746960
10438346
12285200
134106
3892
3937
6148
17517
51565
74930
202216
242561
276632
472111
2079989
2576725
3336722
3412768
39158148
13194
4278
11671
15853
16491
16507
33901
35482
35828
39041
49261
72711
83070
108366
161639
162147
213662
264232
380027
630317
761225
6573778
121688
138786
245392
417644
1180045
6794251
10523
106415
6689
17038
44293
66992
71347
201888
1752086
2221415
8462399
8576538
36699461
68701
123599
193507
339668
4291
11994281
7165
7488
64496
74029
117942
143267
144970
163776
176616
179018
235908
246654
1202662
2951972
7605367
14341
28464
44487
51971
102277
110778
169035
198973
275615
283577
412557
4341
9566
23357
28145
36627
44001
44023
50828
59386
61473
63284
72745
100997
103746
112703
114445
118746
148673
176184
186837
206377
215777
218742
254742
302994
320408
527129
3457813
4393
6825
8237
9781
12321
12903
17447
22946
45406
50286
52813
60459
60812
73755
77668
94584
99695
110603
119937
120034
130841
145591
155690
157298
174531
177601
210132
234853
254634
280722
309297
313114
323440
348706
367234
379378
379901
381248
387988
436198
487240
611560
621532
711498
717897
790797
835206
858627
903395
930817
933251
1051696
1154822
1181860
1205654
1307107
1381754
1395681
1413660
1441634
1482966
1534716
1540163
1573127
1635419
1706454
1708886
1802672
1818348
1825270
1847932
1914022
1922601
1924716
1957183
1973691
2018811
2025664
2068690
2074927
2090013
2098386
2142743
2183433
2197928
2207932
2219461
2230258
2230789
2342367
2406460
2426430
2470548
2480968
2556852
2608520
2679042
2693238
2735782
2893309
2923825
2958297
2974363
3001518
3161521
3165240
3237744
3368059
3383939
3392911
3430251
3435751
3539309
3554799
3576348
3637251
3707906
3879707
3927532
3928539
3966758
3998095
4039303
4292897
4591895
4632092
4753438
4755391
4862836
4907132
4907756
4966088
4993057
5064838
5376657
5436646
5439260
5453829
5458677
5502545
5960275
6000802
6072283
6139489
6159861
6196277
6208350
6217835
6262899
6282513
6452068
6456875
6466208
6566984
6644743
6823884
6860738
6873642
6937922
6981040
7026520
7032541
7162414
7179588
7284189
7334939
7362516
7443457
7471292
7537950
7545811
7558391
7563016
7713129
7735303
7815445
8004156
8077632
8093254
8339251
8378798
8409443
8430856
8623032
8714440
8720713
9034457
9080184
9178712
9206297
9289607
9425204
9608193
9609061
9641546
9651829
9718116
9749545
9846227
10006676
10043183
10068472
10131503
10260620
10327918
10611132
10645802
10785563
10803590
10804653
10908693
10984118
11029656
11050461
11110702
11290994
11291414
11491316
11876339
11973495
12078973
12109482
12109822
12127441
12142927
12169609
12413514
12429652
12722401
12728873
13128728
13559120
13679610
16187044
16959545
17092054
18102239
18982313
21082414
24579680
27671803
30561988
30644543
30701925
30731112
31008511
31061241
31110099
31724752
31811558
31885425
31970469
32603639
32778081
33024883
33027298
33068286
33276182
33471583
33497891
33966836
34721354
34740650
34849461
35115679
35240945
35313473
35323538
35385912
35547412
35754104
35807059
35906627
36283596
36306044
36333081
36735531
36774928
36836689
36923526
37160408
37326005
37334458
37341018
37483463
37492973
37667933
38512051
39058486
39229433
39244425
39547863
40363964
40695904
40799392
40920126
40947321
40947701
41043200
41232311
41320268
41684934
41934461
42599615
43035716
43686208
43688881
43762125
43884861
43958982
44098325
44606897
45167520
45675250
46095253
46107084
46683939
47768413
47934116
47941469
49364062
51006310
51201798
51427109
51585199
51703654
51766563
51947416
52002629
52469667
60954936
63814141
64028925
64217101
4507
24871
50206
85223
219972
622257
1715960
3118674
3862105
7001174
9475148
16569458
41557598
51759552
4448
4715
4721
5892
13465
29621
34957
39374
92162
92391
104038
142233
146731
154755
185990
206597
224677
232330
253545
267370
297084
367362
403305
518956
732625
821438
838222
1006462
1214132
1317048
1421889
1488621
1866516
2543286
3599717
5862721
60035013
6902
145934
221936
417052
4561
14482
20501
44852
82027
137672
177795
334017
1068508
15712
34229
52275
55789
93525
182969
1018352
2018452
2127058
2189199
2483511
2519599
2560388
3145184
4046013
4046695
6651993
8084901
8663478
37232553
46059251
6742
29309
65237
204694
304639
313395
367917
511157
588924
1023010
1167050
1366719
1369567
1600123
1770160
2109940
2811679
2898758
2990801
3439449
3450154
3876773
3918356
4263722
5534037
5538046
5690476
8122353
8424469
8460454
9096957
10544574
10576942
10702411
11013440
11913623
31282537
21464
34478
35395
44666
70572
78838
84390
110283
112711
123598
125570
131124
136436
137126
156408
162092
167835
196089
274289
294251
322650
359684
404322
448325
476503
514403
632653
639737
650082
688807
915166
1017227
1018216
1083281
1233483
1544947
1731666
1765878
1904144
1969427
2015727
2047734
2084127
2226678
2257062
2264846
2502849
2514109
2556732
3255330
3671599
3771930
3826095
4603048
4692039
5934467
6322122
7238763
7390931
7727533
7920323
8381770
8748227
10605710
11206557
11383849
11695491
12302629
13110054
13110378
13313917
13421710
24003554
35433152
35444756
39006519
39247582
63931466
5726
10494
17157
18392
18808
20401
22988
30152
54654
69923
76178
77525
78070
78804
78931
93105
223158
234556
302721
333092
352513
365805
387544
398402
435716
439150
592571
657195
857331
925830
962365
966848
1009462
1153076
1218395
1264743
1369141
1376169
1680446
1767744
1768345
1769613
1874505
1929801
2082130
2118049
2170975
2266840
2314890
2437377
2440902
2492894
2493688
2612223
2733421
2813077
2899648
2940495
2948321
3047049
3183218
3222181
3276861
3548967
3587834
3634537
3704141
3883721
3983281
4013299
4053992
4258074
4262224
4496800
4512170
4710610
4716429
4964709
4966950
5105514
5265475
5685068
5747042
5775112
6379232
6389475
6422470
6538440
6554755
6703708
7005173
7033491
7206431
7210436
7293621
7529045
7604224
7808809
7820174
8271963
8321524
8533299
8628638
8702576
8716112
10806029
11005221
11275298
11305162
11307639
11392486
11884326
12721587
13303644
13766281
14097323
30363963
30525450
30542754
30549564
30913893
31150892
31197626
31674138
31861271
31998786
32135446
32241068
32312308
32914437
33483920
34008951
35469335
35708198
36073086
36627441
39956475
41734102
42310268
45082376
47633519
49851047
52309548
53789150
131572
8788
39798
60442
65088
100942
104623
134424
191809
216259
324796
505812
593438
668843
747014
771109
884299
965180
974221
1003647
1065933
1097923
1275421
1327543
1398421
1405870
1459188
1492848
1555138
1805702
1985931
2047681
2125320
2151603
2482227
2510920
2529853
2760052
2766628
2897906
3051622
3076805
3111094
3141850
3162044
3178562
3307485
3432485
3541582
3568850
3652598
3694481
3776804
3882020
3924111
4265980
4271808
4306424
4681941
4718021
4749174
4781746
4974582
5078200
5595288
5598375
5798829
6220077
6563741
6798972
7123108
7123613
7144415
7210288
7396101
7535636
7568835
7845844
7967383
8121319
8178031
8295561
8541687
8575026
9166129
9184623
9369546
9380946
9620179
9702373
10147004
10247510
10467137
10568360
10646105
10781128
11059472
11138183
11177701
11238641
11266460
11383129
11420641
11981493
12083684
12229826
12516751
13137360
13314647
13647857
14444129
17060116
19527438
24642597
27900585
30899469
32206953
32582269
33424297
33521199
33676252
34717319
35877848
35977849
36579477
37410399
37491206
37952859
38198116
38527031
38828891
41647799
44513871
1020980
1210744
1579380
1840973
6855256
362103
4828
5309
8425
9163
9183
11601
13839
19813
23233
23865
28974
36323
38247
39845
41209
43314
45756
52882
60116
62773
69210
81771
97097
101215
101585
105312
106285
107403
122953
125289
134456
137791
140888
142606
143056
148840
149803
150884
151787
164264
171224
179081
180721
191963
194075
199459
209720
219862
220290
235735
258711
264766
266902
277059
289133
294321
317727
326324
334128
336047
341150
388596
420820
460365
472085
497690
507797
525633
620730
669198
692767
704443
711977
715778
732743
748300
816869
818154
909170
932601
945819
952689
985684
1015821
1027830
1032485
1032585
1040380
1056456
1085449
1090631
1188698
1235348
1251217
1328339
1442872
1550221
1641175
1663176
1702226
1715681
1810467
2111818
2140897
2150676
2156393
2166824
2181602
2232875
2292402
2296482
2321671
2462127
2495195
2496802
2515773
2535653
2592738
2614621
2634199
2636017
2639613
2657399
2744918
2771709
2831408
2880539
2897917
2946211
2979652
3002752
3054078
3317311
3328330
3359680
3369954
3406764
3500726
3509789
3528754
3565622
3601986
3633015
3637456
3654428
3807771
3821546
3851399
3878792
3884409
3944777
3999643
4223821
4291424
4377807
4596752
4598229
4601174
4609665
4637862
4644568
4701208
4752859
5101878
5102114
5323600
5471559
5571154
5667965
5692307
5833576
5890194
5974069
6075774
6113421
6153669
6157830
6219645
6253882
6280559
6433379
6487523
6494455
6539665
6797851
6817873
6850815
6867613
6895535
6921556
6928535
6934702
6995115
7032620
7048020
7124773
7139143
7144390
7149205
7174128
7252672
7338049
7382381
7482092
7487081
7533271
7654431
7732736
7933595
8081907
8218615
8268921
8277694
8302027
8332098
8411743
8463823
8586054
8650093
8660981
8692216
8694757
8714301
8723032
8749393
8822172
8921308
8958994
8985756
9040859
9200298
9209748
9427146
9443781
9540054
9567872
9585875
9614971
9616016
9631740
9707231
9783901
10008152
10191492
10438164
10488711
10497341
10508597
10526797
10652711
10664156
10732328
10733382
10768276
10780848
10848429
10903826
10945419
11039057
11158500
11159525
11188071
11193299
11207743
11237610
11297170
11309591
11323917
11455479
11770898
11858081
11874469
11977056
12115973
12122138
12138138
12200285
12327077
12445100
12453549
12648821
12761337
12832889
13096545
13120799
13131462
13157533
13329632
13629598
13672757
13742850
13894249
14699850
15483961
15537045
16853505
18069406
20565617
21721248
21756896
24448039
28034215
28293004
29147742
30074331
30461657
30618270
30667081
30840476
30886294
30899956
30965316
31058866
31089860
31109116
31120811
31236163
31647024
31771786
31834932
31875926
31899854
32195862
32228809
32302548
32324256
32543100
32544542
32736381
32917441
33168934
33281016
33303695
33334459
33587061
33627252
33647939
33673548
33847762
33857989
33952547
33960915
34320535
34333184
34351761
34355898
34577657
34650430
34741984
34960304
34974036
34976809
35144223
35486300
35551296
36026362
36033838
36070560
36167434
36226193
36449304
36669843
36810782
37032551
37055442
37074003
37203491
37237102
37393416
37564572
37644187
38168267
38781086
38928522
39139214
39176403
39687070
39687968
39976138
39994299
40411028
41025245
41624074
41898823
42025074
42635205
42896065
43253514
45079799
45346565
46181392
47192062
48042191
48246585
48293540
49143264
51832391
56301050
57517883
57893797
58783585
62506392
64432976
67245146
11616682
30720818
156443
5113000
47314
50447
83237
106283
138488
202190
48035
160819
381746
4292
4578
6290
19007
31827
39285
44228
64531
144951
166077
171875
179603
209445
228817
287787
355131
359482
509866
515625
549748
558912
573722
590405
627697
984354
1034301
1116099
1160450
1219425
1278093
1344383
1419649
1549007
1619263
1761111
1828487
2071129
2307089
2563319
2657728
2732130
2966619
3104653
3126947
3195144
3225426
3243711
3564701
3604502
3849774
4474221
4666949
4667293
4992653
5073993
6535154
6786050
6944374
8767767
8977572
9185040
9875589
13622016
1567
4907
11876
20221
30452
36733
41223
51148
59690
61024
61625
66462
68994
69691
82583
82737
90666
92522
100937
102168
119500
127204
127970
137085
137386
160059
180117
201843
207436
212180
230044
312021
313508
459999
579609
691203
697870
843885
877145
935394
1031691
1261565
1955101
2143887
2190097
2308147
2333385
3688957
3782661
4782740
6670357
7603340
7894827
8009185
11680224
12032211
13338011
30450519
33938686
6084
10661
17236
34210
42138
50868
60814
68465
136146
184678
345294
430666
632752
807772
1067147
1871118
2067162
2137783
2564592
2608729
2666504
2813189
3091166
3440398
3457841
3984287
4384206
5037598
6071475
6077687
6196659
6263586
6426243
6878325
7641927
8188131
10663590
5019
179253
252993
359854
533692
617179
687874
695449
719396
811643
947308
987870
1081628
1392678
1400359
1457301
1790028
2413321
2417801
2440877
2461851
2462653
2468556
2755137
2858117
2906520
2963917
2973070
2993878
3102236
3133582
3310817
3536004
3827672
3857582
3986341
4140686
4547142
4571432
4759709
4852114
4908170
5161186
5368918
5451371
6182019
6567370
6588578
6830653
6984523
7010852
7484154
7839998
7931923
8082955
8448087
8622613
8762229
9056872
9606758
10141454
10530161
10564377
10643313
10649996
10681126
10691119
10870335
11286404
11328775
11528787
12296646
12401247
12450467
13208766
13273952
13330349
14577076
18792376
21325568
26186209
30486585
30563425
30716263
30894434
31638223
32025552
32266204
32356888
32538279
33355331
34097609
34236220
34691928
34698991
35143341
35281122
35882462
36086742
37199588
37651676
39722389
40486472
41043189
43798121
44252384
44616805
45019342
46478145
49039234
51715296
34054
154578
158448
195662
220730
234850
297639
297748
340015
398452
473898
538382
1045387
1280050
1551688
1870187
1922589
2126357
2127246
2247436
2427808
2504416
2847146
3156455
4615570
5058241
5832755
6232947
6235157
6948395
7638642
7889594
8963795
9568939
10446411
10477486
11141567
11380454
13366212
23476514
31056925
31577047
31859378
32177849
33304359
34940681
35739595
36616459
37118469
37424975
37952846
38228017
38303566
38341190
39554513
40189916
44038536
45585303
46749897
50692985
53151237
55611677
29803
101491
133046
139680
220112
807139
2733901
6688358
8044603
186395
1118
1331975
138653
143819
146774
166429
171272
185580
199146
562430
30916089
5069
6852
19298
25313
73284
79954
99693
104354
119713
129812
160201
685847
767687
1040993
1252120
1395078
1524832
2121953
2483804
2541628
2769593
3635377
4102229
4693038
6373886
8496218
8718517
8742737
10698611
22859554
41302489
49187879
62171541
119965
131507
170823
204486
210240
2084079
3135856
6891851
6049
6199
9271
10978
16758
17112
22549
23381
24520
25286
37225
38574
42314
47765
47887
50878
59185
66619
66910
67943
69953
73930
80701
81781
83685
85481
90314
94062
96165
97934
105545
108672
113793
114809
116158
123759
124842
124977
137172
137760
138352
138835
143128
146058
147423
147454
155365
158462
159994
163780
165375
165779
174322
178987
180115
180514
186786
190040
190586
196047
197642
199381
200205
201204
208914
212750
221951
236400
243254
245724
246112
248302
250386
254257
287594
301764
306493
310269
311747
356417
358406
362966
365213
366132
412002
415415
418280
443520
465736
509166
514894
602181
610737
625733
632443
702695
728810
743826
787134
865437
935154
936633
946310
958736
960211
1134180
1146958
1147123
1205175
1219181
1246395
25947
41800
53235
59679
99637
184063
203192
222345
250285
259680
273974
334300
347448
356398
446709
447516
487846
494006
533534
545964
629286
647751
724731
762723
770550
807875
870962
896861
935149
945951
1014313
1058311
1104232
1186875
1220243
1268600
1340346
1340767
1397556
1417218
1428597
1446084
1507965
1590076
1652127
1669793
1686218
1755928
1757386
1787944
1803481
1819064
1865674
1880797
1920168
1978738
2012710
2051754
2061442
2070191
2074420
2085355
2103580
2164899
2202092
2245850
2247795
2262777
2392268
2420174
2428615
2467795
2481008
2595033
2595857
2693695
2778354
2830407
2875487
2938687
2941162
2971472
2978998
3024650
3041046
3136404
3145602
3167817
3279399
3364753
3390221
3591470
3653911
3696409
3772010
3813632
3875729
3955959
4098157
4511337
4530069
4684614
4687676
4770488
4901186
5121097
5454643
5532800
5558267
5569714
5717518
5725135
5735999
5771712
5817726
5845170
6112834
6148155
6191062
6192520
6247429
6247599
6253896
6254140
6426628
6457185
6512651
6518039
6576346
6578527
6610576
6656247
6675892
6687058
6699657
6807508
6822706
6910569
6919847
7041844
7158197
7283250
7365136
7813673
7819640
7862017
7883742
7941688
8003112
8016201
8016796
8115315
8152638
8170613
8237978
8308400
8468266
8539860
8620406
8632432
8807236
8848130
9104907
9314825
9317453
9363017
9371314
9377292
9398844
9611060
9757188
9862659
10024576
10544028
10709218
10731484
10736963
10753851
10839615
10940264
11006228
11129847
11218961
11253112
11294589
11430572
11660348
11661716
11720620
11723651
12100061
12148574
12210760
12317826
12410080
12414472
12502787
12821328
13146705
13212470
13296893
13444680
13586790
13699491
20650858
21237193
21484698
21671851
23970271
26240286
29676700
30411539
30416959
30628099
30729099
30811346
30862657
31216483
31277602
31607802
31618027
32048802
32087191
32357815
32498085
32915903
34128455
34180841
34469982
35087120
35503855
35903610
36395643
36656906
36684622
37027281
37042792
37277915
37284692
38031861
38760289
39389689
41300287
41552979
41578360
41724072
41901430
42020093
42516827
42549747
43752057
43933610
43934838
44248111
46986603
47856956
48257131
48339075
53723552
55259859
56365534
58929960
58975690
65081204
67500507
3785470
5618
5621
135658
885350
961552
2191178
6952288
308957
1186974
1222206
1359823
3211156
6123928
8024746
7498
8504
11037
14682
17989
31877
45358
61081
66089
147970
162458
188029
299881
959681
2244632
385161
42915
133646
227943
281190
300217
448274
3430987
3719313
5053002
23769
50779
116411
187129
212540
818011
1524378
1818971
2102913
2249742
2534972
4076271
4489556
7194368
7267288
7290839
8424076
34507448
36417065
47809841
59283266
7544
61381
248251
570555
582444
1051976
2105492
2236758
2265526
3377391
3521804
3720973
4388974
5452523
6361762
6620596
6786064
10346428
12221201
37912566
51562442
9683
211415
1332023
2590542
3696648
11432706
44944
60070
66482
69040
92123
112311
131969
142986
187686
215961
299383
327591
560135
871606
1044408
1836263
1966344
3061375
3435817
6498109
6819168
7816442
7819795
8769903
10002616
34993050
36846802
39436453
46708115
149280
22865512
5052
5243
11213
14473
16154
26894
26941
31160
32206
35387
36093
43050
51583
54252
61825
62756
67691
92777
105088
135524
153625
155347
155854
160791
173796
183156
187804
187943
265190
282087
340115
351756
425680
526369
720787
952048
1066148
1202246
1205177
1701629
1836565
1848674
1877099
1915678
2233528
2462756
2477833
2556153
2917676
3079617
4243746
4419501
5108356
5536922
6088683
6176968
6652641
6663769
6767910
6807800
6811264
7315170
7326989
7857423
7896993
7924808
8112388
9602553
10129763
10216029
10415871
12125260
12191201
12242998
16489991
30513931
16160
96628
118941
618593
2300716
2332512
2380381
3690478
7020754
7722157
2054288
24356446
24819597
37974703
45242524
5064
5260
5546
5688
6039
6799
6847
6952
8451
8877
9123
9667
12930
13711
14748
15022
16162
18307
20462
21679
24291
28328
30114
30937
32828
37390
39386
44517
45190
46072
50850
53154
59159
59259
62835
63789
64418
66526
69958
70735
81808
82886
84166
84190
87195
87490
94588
100348
104096
105174
107024
109792
110986
111902
113218
115233
118284
119600
123101
126933
127362
128353
131202
133181
134258
138451
147679
154567
159507
161697
164242
164359
166331
167080
167814
171737
179336
181640
183779
184109
187204
187389
187602
191295
194691
199151
205526
206253
212835
228312
228595
235257
243463
246690
256977
257378
261381
269217
272670
273809
273821
278396
281360
286143
297960
298557
307135
318118
320242
349638
357533
361675
374144
386992
391134
391288
402398
407145
408683
416744
420510
423177
426118
433346
451152
454573
455161
496365
509013
528961
547562
555417
556087
574547
580769
621709
639951
650717
653577
661825
682344
688204
704249
712965
724986
725687
753079
763801
766431
776069
781267
783538
790116
820925
824772
853848
856435
884686
890589
893203
910631
915690
930415
930912
937842
938784
972136
985219
989248
1005131
1034814
1035028
1048835
1060176
1071495
1072253
1075276
1103520
1141369
1153946
1165238
1166215
1179167
1188753
1197774
1224744
1246013
1260279
1265728
1272025
1276399
1277330
1284272
1329485
1332663
1336868
1353491
1372473
1397655
1398568
1401540
1401682
1417537
1421960
1428389
1441310
1456234
1456508
1462590
1479755
1487523
1495399
1500455
1504387
1526588
1549597
1549611
1550913
1558055
1574744
1640559
1648524
1652097
1656484
1662830
1697419
1718380
1734885
1749471
1751084
1757240
1783423
1789438
1847391
1861452
1862055
1877037
1880490
1889728
1893830
1901494
1922998
1943493
1947847
1951409
1983754
1990453
1991319
1992304
2001866
2004338
2021948
2025981
2031911
2041051
2081499
2113439
2125044
2128249
2161293
2204092
2213910
2227324
2228366
2279774
2286925
2341215
2341459
2346690
2347394
2357920
2381201
2385687
2391301
2397057
2409090
2410073
2429527
2430473
2442148
2455993
2473051
2498416
2520406
2538575
2555524
2562815
2577653
2608654
2614448
2648504
2652003
2652696
2653479
2655779
2666753
2697995
2731911
2767115
2774209
2790871
2815945
2838575
2857004
2876113
2879531
2896216
2898082
2901002
2936344
2957086
2998341
3018746
3023571
3023575
3037978
3054402
3102441
3112012
3123539
3123692
3130749
3142736
3145671
3147764
3161335
3166561
3181174
3186772
3220503
3240268
3243381
3248266
3248419
3284881
3294450
3315304
3338289
3356119
3358698
3394554
3418345
3450904
3498556
3535076
3551780
3580772
3585211
3591178
3627939
3637862
3690138
3701125
3740969
3758114
3779901
3817098
3841737
3844726
3857615
3903779
3930799
4070339
4092919
4138308
4172355
4187339
4220941
4256090
4298242
4303400
4410009
4429605
4473034
4477427
4541447
4548561
4639275
4647307
4669376
4684160
4685703
4699531
4704353
4717089
4723057
4781052
4886921
4894431
4898784
4905501
4923788
4933736
4946744
4960462
5030865
5035949
5058868
5119596
5226555
5352109
5424054
5444236
5453801
5454758
5468055
5482523
5562367
5593468
5644550
5665465
5684711
5688527
5732235
5772760
5781296
5896728
5989150
6091110
6203641
6204861
6221638
6223752
6233955
6240543
6247674
6252421
6277309
6279553
6284925
6285488
6310473
6355663
6393135
6403749
6408280
6412227
6418078
6425136
6478085
6482089
6501961
6508722
6517051
6548936
6561765
6566858
6567947
6571971
6577519
6640227
6666441
6671648
6694156
6763550
6819409
6853770
6882227
6940779
6952882
6995203
7004578
7018451
7057201
7062932
7068621
7071545
7109793
7179498
7220705
7236329
7347375
7401369
7638905
7653081
7654718
7711088
7738811
7788453
7930259
7952696
7985028
7997498
8068461
8092976
8104476
8119595
8279457
8299489
8308286
8314472
8333200
8430537
8471628
8507368
8531227
8552550
8565534
8585363
8665530
8680398
8691693
8724895
8725678
8736039
8771471
8781484
8854700
8902523
8998986
9056558
9065110
9074723
9077493
9091011
9101709
9102438
9117924
9179999
9225799
9252257
9258799
9296993
9325261
9354628
9360225
9394875
9408337
9442821
9482609
9490059
9528209
9545627
9583316
9628897
9654154
9730478
9807821
10005545
10055503
10057726
10078469
10099702
10115499
10122895
10208343
10297293
10314446
10333353
10337018
10413219
10455992
10474867
10562508
10616729
10626215
10661140
10662910
10669189
10688635
10707010
10712317
10725850
10728924
10747298
10800862
10815085
10832471
10893048
10897592
10912290
10945683
10958540
10976015
10991268
10999312
10999315
11010998
11025411
11046781
11071487
11128962
11139385
11173319
11200466
11201930
11249412
11280585
11326125
11375038
11392542
11422835
11441212
11442290
11531741
11610486
11678980
11685870
11687107
11719250
11772622
11824850
11845171
11859048
11932524
11986481
12013716
12066561
12142637
12147208
12156713
12208249
12217519
12237094
12237907
12257569
12279718
12318897
12378306
12382308
12448800
12458588
12461003
12473810
12483628
12519708
12524054
12530068
12617591
12802796
12857025
13104277
13106804
13113594
13164165
13184523
13187075
13192135
13229752
13230207
13232066
13250297
13313130
13360826
13361284
13400083
13434662
13664031
13683401
13685762
13714297
13767585
13817345
13867070
13871575
14263517
14281491
14373084
14373490
16354196
16704919
18221844
19066789
20026097
21139111
22330315
25357008
25370501
27158971
29014730
29496660
30437216
30452285
30477341
30545408
30570668
30654496
30694677
30717054
30747766
30752137
30904157
30908066
30918221
31060529
31070411
31209849
31233094
31272939
31297626
31324586
31328249
31341970
31414487
31449651
31462608
31536618
31573954
31613680
31618635
31645763
31653782
31654957
31668450
31680436
31835722
31860315
31890837
31954836
31976857
32103265
32169097
32193010
32415628
32562310
32572883
32627598
32783129
32914948
33009064
33060268
33155998
33191520
33262988
33265123
33268545
33326113
33326898
33376060
33442328
33451110
33474523
33579969
33665898
33699621
33784383
33818706
33839373
34148970
34181628
34182412
34418748
34455780
34576804
34647279
34650258
34668587
34717037
34751059
34790725
34908364
35278947
35438698
35527180
35550835
35556903
35689316
35881792
35922962
35951205
36022079
36059359
36111781
36125670
36143769
36156430
36343057
36356667
36692205
36781718
36839648
36944406
36963884
37024205
37065866
37081916
37247387
37295078
37301263
37313032
37345485
37508208
37629774
37656536
37729422
37786687
37929304
37945930
38166147
38232972
38359718
38462307
38561380
38708990
38964860
39203177
39280486
39481681
39586361
39709594
40138424
40160652
40312741
40387454
40449787
40631643
40754302
40890519
41112240
41319644
41831300
41924119
41967646
42012855
42108554
42228874
42403045
42487079
42513590
42792202
42879416
42943297
43563009
43906063
44142611
44430753
44593102
44934409
44945143
45098588
45496553
45648679
45737323
45846797
46407339
46426375
46551806
46930863
47430814
47717479
47770946
47958927
48067441
48238698
48511823
49191178
49244685
49333384
49370952
50405777
51798589
52162116
56462978
28620
132208
1395139
3306367
8740586
49095
138659
147200
267072
998802
1085852
1279863
1650548
1860142
1984002
1986334
2085289
2555055
2643367
3020808
3092089
3369822
3667798
3897490
4119722
5525350
6168686
7208781
7608991
7658935
7954191
8763789
9079528
9587406
9643852
10818122
11439267
12225069
13134263
13396357
26588324
31547817
31563067
33650841
34374936
36481700
36538148
38534406
39359263
40893182
50218825
88489
951902
1062327
1355239
1770867
3001195
5110614
5914985
9343337
9376793
11347085
70919
1016224
3187292
12248
27519
35911
62519
71618
80021
80818
81817
83273
87979
98626
104549
146424
183783
205689
219882
229330
289504
305757
329671
393720
419390
434900
458011
467858
556908
610265
718103
720573
720590
773317
906017
955701
1035473
1101035
1208836
1219771
1223785
1309401
1318527
1420246
1427357
1427364
1444081
1446771
1497923
1561232
1596658
1671824
1683015
1693280
1703467
1716289
1733377
1745748
1791789
1800128
1857968
1901943
1952401
1957967
1992660
2006041
2025592
2056486
2068189
2119168
2144421
2154538
2191774
2207195
2211292
2215206
2235057
2251660
2290035
2309200
2319410
2336575
2348065
2357983
2379904
2392029
2402139
2406908
2418808
2439437
2480062
2482385
2502321
2510314
2560169
2576652
2577419
2640043
2643711
2656057
2657953
2658557
2671668
2755367
2803149
2844116
2890397
2896152
2900393
2941423
2986000
3001412
3005685
3009671
3027992
3034194
3046432
3073052
3109618
3111830
3175535
3197308
3237697
3237837
3266551
3268012
3289428
3292243
3358466
3406338
3407212
3407907
3431061
3482491
3485613
3488045
3499606
3500370
3536252
3563968
3615670
3704790
3758327
3818136
3826226
3887372
3899007
3933068
3947197
3952465
3973104
3978504
4000710
4002295
4028485
4240649
4290364
4311407
4313443
4453901
4523412
4625227
4642721
4666495
4673523
4701942
4758943
4762344
4825213
4874585
4907223
5002082
5057895
5087007
5305257
5409453
5429951
5453416
5479594
5481894
5489031
5730832
5735451
5790198
5861118
5901517
5945483
5967081
6000886
6070733
6099457
6124143
6172133
6186310
6186544
6219175
6219701
6226066
6233410
6263452
6421707
6441325
6452746
6480760
6496203
6507367
6552583
6559955
6565102
6585909
6590186
6602417
6629109
6652317
6671715
6673705
6677095
6718436
6719106
6735791
6742030
6754514
6768321
6777326
6801240
6805751
6810039
6810304
6866331
6887924
6925436
6982211
7001537
7004190
7006274
7031849
7035269
7047788
7059628
7205765
7219189
7219703
7252766
7286484
7297882
7309716
7380910
7400222
7478635
7499059
7502946
7507696
7545176
7555287
7597664
7679658
7681663
7684944
7698275
7757797
7766816
7783675
7784742
7806183
7820017
7862063
7862699
7904202
7944237
8001448
8003959
8014390
8017581
8057633
8062522
8098015
8120933
8129181
8171967
8174365
8204030
8218652
8233945
8240499
8258292
8264796
8274363
8283068
8431792
8515791
8516623
8516945
8519656
8536093
8576393
8629501
8681606
8682608
8698575
8718720
8724596
8743111
8744700
8744832
8748614
8766809
8833980
8842545
8849671
8882755
8959992
9215286
9221763
9226800
9270266
9305875
9329642
9349434
9387411
9443425
9481177
9506416
9562499
9606881
9611495
9612859
9639266
9644499
9687021
9771812
9777091
9890882
9893640
9899006
10005921
10006497
10009964
10035617
10055013
10105349
10107229
10149737
10201035
10220275
10232669
10280940
10296801
10400912
10402199
10454988
10501227
10530009
10546575
10549127
10551946
10560253
10589436
10603929
10661284
10664126
10672015
10673456
10731787
10735677
10742578
10777226
10875085
10878961
10957066
10960740
10964972
10972187
10979378
10986420
10998025
11008633
11035792
11089225
11100539
11107831
11137139
11175175
11236316
11295081
11295964
11411157
11423876
11476517
11487227
11618033
11626585
11634183
11677158
11678050
11742731
11753589
11847468
11877133
11964177
11976022
12014024
12032712
12062029
12081401
12095100
12165602
12174135
12185863
12216081
12236301
12319527
12335819
12345163
12364788
12375054
12401094
12519969
12642078
12646113
12703802
12705646
12720185
12737824
12788139
12816970
12839822
13134629
13151378
13158480
13159189
13172980
13184596
13192878
13205394
13205453
13241545
13256860
13289080
13302784
13307240
13352942
13369131
13389826
13396022
13406198
13417935
13420182
13437601
13437689
13458495
13604556
13630753
13641453
13641815
13738857
13847384
13934945
13962033
16637868
17539628
19827162
20252791
20931697
21731672
22874208
22890397
23223102
24175442
25108716
25525214
27189990
27228879
27484414
27962895
27995484
28169567
28196676
30355520
30404676
30408398
30417556
30442383
30443331
30548049
30554472
30555718
30588378
30671734
30673564
30738806
30749695
30796170
30817850
30837641
30857067
30954578
30963090
30993506
31008122
31011551
31018757
31039248
31073276
31138013
31147573
31174879
31191648
31351624
31536000
31536638
31567594
31570266
31584396
31634771
31741733
31821906
31871589
31879958
31883724
31888431
31912377
31931218
31978486
32045755
32056288
32094751
32190042
32191136
32237868
32261975
32287524
32306272
32347372
32417310
32441936
32495222
32611370
32622801
32756100
32801446
32850921
32960524
32996370
33080178
33165882
33182860
33192047
33195311
33316584
33452133
33452557
33505020
33509206
33538607
33626994
33680075
33695028
33704788
33894580
33897393
33934589
33963549
33990830
34078546
34101220
34210545
34280968
34362899
34367893
34386859
34420705
34443477
34555741
34591203
34892450
34918082
34929455
35028863
35282292
35285354
35295644
35330698
35369326
35369683
35404536
35434126
35573470
35653530
35703637
35824430
35829765
35946396
36050549
36112818
36121764
36495675
36604558
36715693
36737915
36891866
36893716
36961264
37160095
37160426
37209687
37434098
37561066
37606333
37765480
37772556
37775312
37818272
37851322
37892325
37973524
38193682
38350705
38417440
38497485
38629940
38669243
38736832
38787638
38866559
38917694
38930721
39002568
39035639
39145100
39197922
39346224
39396792
39399816
39461412
39526717
39527208
39743833
39869618
40040096
40068002
40250556
40265348
40306546
40414288
40767613
40960581
41090317
41267920
41309771
41430240
41554972
41584314
41812629
41833756
41884424
42295904
42965932
43163374
43301093
43374197
43407345
43668104
43978146
43986630
44186858
44370540
44372708
44463019
44664289
44694988
44731487
44989114
45019751
45109200
45177363
45558201
45754001
46923244
47219259
47225513
47698105
48610991
48617570
48826433
49395470
49441325
49896595
50085150
50176963
50413623
50457689
50741167
50889817
51054832
51698097
51700769
51703670
51757354
51783961
51784662
51791217
51802799
51826407
52019837
52091974
53265299
54427694
54649742
55542183
56101775
56697683
56715526
57971513
58273227
59240565
61443045
61589514
63665650
64370746
5291
7219889
915418
5690011
7868573
5308
12886
23255
24155
34619
35104
39748
43468
47743
47993
70905
74754
76774
81165
86579
89581
105698
109037
109253
114465
116283
142832
150438
160675
167311
168178
180525
198010
202612
202813
210536
235922
284585
322936
328846
369518
457496
654768
685142
723895
743318
799306
893315
1012107
1180597
1234470
1275950
1311378
1444185
1460475
1518826
1736504
1844743
1847293
1900240
1958160
2105521
2175009
2224359
2245985
2254631
2291320
2311033
2366000
2374299
2408992
2590720
2691459
2970853
3052657
3080160
3170521
3184699
3188858
3244974
3249803
3322809
3324064
3443071
3485878
3920659
4405145
4449072
5503835
5511607
5513211
5744134
5751774
6128584
6186505
6212471
6513413
7300960
7386914
7644265
7822169
7955756
7994549
7998624
8059030
8154536
8687856
9071397
9081697
9250474
9634149
9713702
10641521
10939867
11353616
11449287
11730141
12402376
13604754
13953075
16087961
26405404
29104653
30532918
30610494
31113011
31973281
32034171
32208485
32548297
32664545
32750575
33232648
33406352
33556840
33610421
33912671
33993375
34664026
35875936
36633566
36782394
37067853
37359114
37443190
37931036
37990663
38032533
38514340
38787929
38928040
39332647
40336505
40998764
41188204
41366605
41416079
41427191
41549427
42406328
43305924
45340802
45906482
47154793
47430378
48795959
50652385
51725986
52020713
53645962
55192050
59133203
61278227
64283279
22403
51970
53413
92717
116379
669556
3055974
3598772
922962
818820
1722799
2100821
3746270
5468601
8912479
11019290
35123487
37194026
5721
178574
10585328
154878
782810
9381888
5940
218048
1509041
1834817
1915042
2641333
4397837
6096500
7789326
10441993
10453063
52367472
2661118
5465
30082
2239619
3144689
3460764
3583188
3632173
3837741
4876956
9048292
35609466
40656935
50718703
51817986
29266
68413
81017
110321
110652
126548
127453
166607
195314
230935
296035
306383
348000
387760
397012
430791
439861
503928
564400
582246
644486
647699
734986
753740
863505
865691
898313
934558
950482
1033126
1050882
1103699
1112990
1198274
1207660
1243017
1295376
1297095
1305443
1393060
1399896
1421348
1432126
1435388
1448690
1457537
1465328
1480058
1548416
1645683
1654671
1659228
1681514
1685516
1689055
1769996
1770930
1816099
1826379
1833546
1872081
1873172
1913037
1919671
1944072
2039234
2049526
2056847
2064728
2180826
2184590
2237236
2289943
2311731
2384896
2484986
2489963
2491304
2547682
2571309
2613547
2657203
2658192
2809577
2836882
2859617
2878074
2909783
2917870
2998265
3024037
3044666
3061410
3090231
3172929
3197827
3244049
3296272
3390181
3407143
3409374
3429674
3481438
3486556
3488768
3623122
3670866
3679392
3686660
3721096
3726515
3761957
3788149
3861128
3902061
4003702
4188482
4226619
4246395
4253041
4261654
4306918
4340405
4372749
4394136
4398215
4441467
4443338
4486445
4492470
4608301
4662913
4667302
4748976
4759645
4781183
4898224
4901115
4913199
4981668
4983551
4985286
4999041
5018219
5079870
5111102
5114134
5150489
5157416
5159991
5192121
5412228
5527222
5534412
5542619
5594882
5765980
5830632
5856768
5903614
5922964
5927925
5966796
5972137
5985774
6020105
6071153
6071484
6123574
6127252
6142979
6227736
6247320
6263319
6369063
6484683
6566757
6581188
6620227
6637572
6711365
6718433
6719024
6803818
6860737
6866922
6891209
6905538
7021180
7108437
7116325
7136063
7149728
7170476
7172997
7202970
7219260
7233045
7334379
7336135
7416597
7480467
7480942
7525928
7538272
7623625
7656621
7754567
7761871
7779673
7788150
7796737
7797713
7869271
7882191
7883142
7914000
7914135
7973012
8065347
8086388
8092907
8107200
8110248
8126576
8133854
8221551
8275791
8280901
8298353
8389730
8391281
8466772
8495014
8509077
8544417
8596653
8625128
8663261
8689920
8701871
8706512
8713471
8737734
8780486
8830836
8898023
8937043
8989314
8990103
9032904
9057560
9083858
9091184
9124241
9203195
9225440
9352568
9376596
9383551
9442365
9569376
9574878
9590036
9676357
10016740
10020446
10083485
10107466
10124846
10127022
10194073
10231530
10314133
10316308
10340416
10347009
10501342
10548145
10575114
10618455
10621221
10632763
10658260
10661638
10662578
10667613
10705881
10892665
11130386
11131893
11163450
11207076
11299357
11335325
11355770
11446454
11485725
11611045
11734419
11758582
11797208
11905792
12153511
12169859
12296804
12688567
13413268
13519064
13573120
13676435
13695774
13997399
18747104
22949810
24528917
25945895
26092783
28583463
29630094
30085663
30432019
30449206
30901825
31073106
31095565
31175274
31194293
31902739
32111412
33117870
33282724
33423944
33670897
33883147
33931006
34181735
34920924
35276902
35281846
35510266
35634608
35707700
35775599
36284778
36446248
37208341
37310368
37333709
38135120
39319989
39560863
40309727
40392044
41787407
42023250
44774509
49318588
52232195
53169083
28053
5659
24432
116418
116429
117680
143013
175738
182881
217620
221809
260633
438198
550365
1052259
1230688
1458528
3233132
193422
502033
1081389
1170378
2054246
2155633
3208357
4747976
6139577
6506267
6532816
7540306
7610909
8746518
30987886
32263781
33532906
34240199
39636762
5441
12180
12990
15612
20207
20473
39056
40843
41046
45742
47911
51430
75019
85253
109368
129786
137899
143403
211924
246421
272866
344968
553447
573774
873403
1023659
1194698
1243463
1261643
1273946
1319720
1393729
1479891
1603667
1701751
2050184
2109229
2113822
2256640
2508668
2782100
2836923
2882400
3389404
3498518
4588851
4595004
4703983
5962615
6565345
6869071
6948261
7483882
8184734
8366582
9159470
9406319
10444492
10554711
10856626
10919733
11105068
12236918
12544819
13307226
14166559
14382096
31549144
32434544
33200423
34303399
34394806
36627290
36728523
37700503
38239367
40070125
41335604
43235822
45508042
49392880
50020935
50199291
51772179
56728623
60710816
60899049
200725
209118
1338753
2192740
3654277
3675427
5757091
6205287
7466682
9285126
10257894
32001286
11855
319550
5701
11308
14292
17373
21908
22951
22952
24306
30276
33568
39367
41509
46295
54123
55530
55771
55772
55779
64176
67188
69791
73969
75108
98288
109149
112505
121087
131453
132959
140261
142091
146587
159785
159928
163685
173861
175279
179049
201893
202386
206214
210651
212762
221021
228714
232401
234831
236519
237822
251422
263241
273503
279812
296898
298949
306458
316253
317991
326157
331090
339966
344961
364854
378462
379883
417058
418731
418763
434992
435378
442614
485170
486190
548935
570800
641346
649991
673069
675087
678171
686834
693499
697318
704142
718511
808709
811149
842505
853239
859127
871573
884232
886387
900490
910759
927229
940718
944524
945651
989738
992039
1005288
1027418
1051707
1090484
1161090
1177197
1178645
1182092
1195758
1211314
1213828
1252027
1265573
1280690
1280783
1293426
1314385
1316581
1357365
1376902
1396805
1409383
1418237
1451144
1487386
1537518
1561010
1561397
1576984
1601258
1633627
1635700
1663299
1729430
1754963
1758946
1781566
1790877
1797810
1829746
1836439
1841724
1846306
1877793
1898673
1913528
1932111
1949046
1962903
2028307
2029690
2058981
2071425
2108638
2119161
2207148
2210814
2233892
2290403
2319707
2326137
2347437
2348048
2364310
2404861
2407581
2457062
2462100
2466284
2466533
2470723
2473074
2484249
2492509
2494754
2522040
2530032
2545371
2599635
2602348
2619390
2623003
2625409
2636219
2638030
2639882
2645421
2648249
2650018
2652555
2684446
2710673
2752312
2813739
2816236
2864995
2878245
2893260
2904465
2921268
2923630
2946864
2973878
2977369
2978226
3012748
3021402
3044805
3049921
3052998
3061066
3078389
3168272
3241247
3243515
3253293
3291113
3294445
3306450
3317972
3342266
3365652
3370926
3397296
3406044
3406798
3481172
3490983
3506489
3532282
3542096
3553575
3565132
3572793
3587989
3645300
3646576
3666774
3696568
3748115
3816900
3820362
3823373
3848358
3859726
3875389
3881091
3885133
3947270
3963619
3966704
3982820
4034967
4056083
4193083
4220890
4249259
4290113
4440537
4514436
4516033
4518787
4524492
4557717
4595161
4636450
4659057
4660742
4675936
4692222
4719414
4722321
4750269
4754167
4875482
4884671
4981872
5002066
5009857
5053562
5082885
5099201
5147150
5403796
5452266
5489118
5641034
5664544
5666836
5713285
5715603
5743560
5744494
5768859
5816427
5832797
5850930
5919068
5950167
5951617
6071398
6071624
6097322
6146938
6184116
6200235
6205501
6215100
6243495
6264768
6291420
6292247
6303084
6330084
6383882
6395257
6402997
6445277
6447692
6454935
6495317
6504898
6506920
6524676
6529301
6530860
6532465
6532623
6561324
6572889
6580844
6585848
6599653
6682941
6698097
6730742
6759677
6797603
6829430
6829606
6868526
6889643
6918231
6940768
6947901
6954741
6986802
7018815
7085553
7109265
7111656
7252691
7259157
7311437
7349256
7353063
7381627
7426615
7460422
7483657
7550987
7562771
7567449
7593600
7596490
7615705
7620262
7667947
7668561
7678122
7708339
7767029
7780084
7812554
7887231
7919756
7939041
7951456
7953910
7993341
8085970
8093419
8100045
8132228
8163516
8207108
8207660
8220270
8221850
8222868
8254069
8263842
8286011
8377612
8390874
8497913
8524420
8535167
8582401
8670004
8697364
8707424
8716720
8720406
8743109
8759208
8856024
8874078
8984065
8991665
9046186
9074873
9095357
9129712
9159449
9225731
9225936
9286655
9309669
9333376
9350178
9387530
9401290
9407810
9409094
9467544
9468214
9502509
9579049
9587103
9617536
9625587
9626051
9629475
9630799
9740247
9820663
10043318
10063523
10069473
10125740
10167100
10177008
10202050
10222245
10245659
10248127
10276748
10349063
10392597
10402865
10430136
10478089
10479980
10490032
10514447
10567916
10575824
10635349
10641594
10658664
10669599
10671489
10746857
10775113
10783618
10814899
10818004
10892722
10976757
11006201
11027873
11043152
11162012
11176636
11192706
11246194
11252620
11260410
11292628
11391360
11402581
11411183
11418636
11431765
11465130
11471438
11533504
11534923
11539128
11587542
11605903
11623913
11627864
11650288
11679575
11720533
11724573
11832926
11834248
11840166
11878762
11906042
11921308
11922756
11935147
11990612
12021915
12038918
12077488
12113834
12150945
12187266
12205296
12252462
12256895
12279058
12283625
12336028
12339614
12370267
12374139
12375341
12399986
12438628
12495618
12505457
12506863
12525234
12537315
12568667
12654418
12675495
12683786
12800098
13152365
13157412
13202953
13207416
13212258
13320400
13337444
13400919
13501104
13580290
13631849
13642650
13649249
13677898
13855792
13906673
13947199
14034621
14093219
14284743
14290046
14294567
14555924
16547219
17684955
20055795
20739950
20897121
23080612
23722045
24255290
24366970
25754932
26252714
27384281
28429488
29418121
30084671
30359493
30405173
30405296
30464965
30499872
30530968
30541661
30558247
30603011
30633298
30659583
30661450
30789399
30810129
30865102
30924282
30969729
31017079
31048744
31080379
31082246
31093637
31105762
31107507
31129271
31143571
31190814
31277725
31391451
31415279
31421807
31478844
31572758
31575226
31607910
31631093
31681131
31717592
31872580
31893538
31963497
32009914
32026424
32049955
32083833
32091899
32119310
32172002
32295391
32355453
32365442
32401085
32415695
32476884
32568694
32622104
32660068
32707323
32735820
32748625
32785049
32800347
32838679
32870761
32970456
33036012
33061332
33137353
33171583
33180832
33202566
33212870
33243802
33674155
33706104
33720638
33731341
33747011
33764746
33815292
33930137
34015830
34025204
34163434
34305663
34350041
34407162
34540939
34631022
34642887
34643383
34731127
34762153
34765723
34826694
34907482
34918556
34956855
34969972
35030955
35044449
35077765
35126292
35242291
35424262
35426010
35431359
35495770
35516540
35684237
35780142
35871106
36088911
36129868
36145136
36172109
36189574
36237641
36299646
36329585
36351908
36365637
36392599
36439850
36463094
36573314
36671128
36682024
36723693
36761486
36799270
36806362
36807501
36808897
36880769
36922695
36962970
36985325
37062213
37068286
37071366
37134589
37181254
37245671
37285476
37394231
37396378
37400663
37470995
37476516
37554809
37577225
37653285
37674192
37945384
37963598
38072409
38342171
38419313
38478289
38502596
38558422
38595785
38667955
38785253
38816096
38916852
38960917
39015887
39073468
39288622
39292909
39326756
39337864
39341598
39477803
39585009
39599051
39790233
39893410
40049340
40110063
40147554
40239279
40275076
40301825
40383359
40404657
40514906
40531157
40652185
40731175
40745852
40751792
40777681
40805673
40813057
40928851
40997651
41045245
41148425
41268238
41334471
41380729
41476665
41599782
41605275
41659106
41781658
42001198
42050101
42095678
42101921
42159004
42176672
42296024
42600382
42892137
42892953
42925100
42959280
42968696
42990621
42990801
43080595
43145030
43663238
43740201
44013356
44178657
44426803
44668053
44746492
44768444
44839070
44956202
45160256
45654214
45833305
45935228
45938113
45964428
45972943
46256113
46470168
46670086
47429952
47435728
48060186
48206299
48313750
48446676
48466710
48473394
48482349
48721763
48773353
49000737
49102090
49411858
50119073
50267776
50349974
50380485
50497593
50657586
50740277
51270226
51341328
51756412
51787592
51802143
51906108
51932173
52261278
53011060
53123396
53203280
54155811
54285355
54583660
55328554
55575706
55781664
56724965
56840782
58154919
58406354
59979092
60968458
61369933
62860701
63041197
65147533
51734201
9014
67191
162027
1401584
1410683
1429186
1755508
2658250
3280880
3315510
3727057
5007764
7011519
9373538
13417927
30959451
31290986
32919281
33050988
34699434
35364245
39267879
40123359
5737
16528
17001
63074
68818
70587
83017
99708
103484
113976
130317
140633
153087
171287
222076
234959
236838
238462
239145
250877
255539
285069
288981
314043
363000
376617
619022
621631
629105
632798
633535
933020
1019053
1127688
1278817
1296221
1341690
1821435
1957149
2122016
2147506
2188309
2493577
2589610
2596429
2618712
2833647
2852275
3304932
3375220
3387863
3703646
3931482
3949488
4000030
4187021
4397257
5661442
6238924
6581141
6860632
6903100
7452444
7928056
7989361
8265140
8682146
8716654
8757654
8800791
8862130
9180702
9784489
10201828
10677130
10912024
12104973
13104465
20604637
26192502
30655472
30938151
31913313
32495939
33142766
33240832
33349326
39149045
40493155
41690194
42339478
42516812
49510311
53336050
59271567
5274
5566
5580
5742
8859
12390
14467
17413
17746
18458
22365
22792
22865
28603
30086
30254
31822
32022
35423
43555
50248
56226
64516
64978
65753
69920
71875
73319
74498
76148
81290
82938
83730
84411
91966
95531
95914
96852
98933
110976
112671
126992
127980
129213
130723
132585
135189
141316
143724
148020
148339
149075
150105
155157
158812
158858
162450
163367
164466
167081
170827
177329
177687
178113
181253
188120
205000
210273
214654
215571
216896
222154
232086
249930
250397
258023
258962
260616
275357
281699
282278
284192
286468
287583
302816
302866
324719
332025
336020
340516
358957
367806
369394
376893
388624
395264
407762
425274
433719
445441
469650
474778
476966
495092
502794
505399
527313
532260
564860
566757
568912
582058
587800
596929
600466
608763
628099
644272
669713
672206
680185
683320
684001
684913
690293
695089
717496
720211
745833
746657
753354
762639
777807
780296
783086
795814
797836
819839
825983
835654
837180
837532
897256
898579
907031
931701
934015
936772
940174
963164
972696
993254
1008397
1026195
1028768
1030996
1032711
1034881
1035299
1056064
1061498
1112459
1140025
1170718
1182638
1226868
1230514
1240204
1246850
1273199
1286308
1296902
1299040
1321872
1331627
1376804
1377607
1387177
1396671
1397399
1398883
1398904
1420263
1457943
1483958
1525030
1543614
1554232
1577952
1658030
1674774
1715777
1726402
1747171
1749270
1768573
1770680
1792570
1797236
1809051
1810722
1827071
1838782
1842056
1845516
1868990
1870548
1875255
1876709
1903842
1964266
1998264
2016995
2026092
2033666
2051002
2058143
2066806
2078736
2127270
2143397
2144175
2157045
2160501
2172020
2178914
2205063
2223165
2224606
2229475
2244433
2292189
2296651
2316320
2356413
2364333
2365395
2367474
2374512
2374959
2380286
2412451
2444259
2447587
2450937
2456894
2471956
2474439
2490823
2511257
2517000
2517091
2527903
2544343
2551857
2579350
2583789
2601356
2635995
2645364
2650674
2683922
2698024
2712678
2736816
2743915
2756034
2759053
2768366
2770635
2779033
2801574
2830040
2850555
2865045
2871695
2893934
2900679
2916008
2926683
2930832
2972874
2974781
3018474
3039237
3043508
3050650
3060781
3072328
3096513
3106982
3108822
3127098
3138446
3144578
3158332
3166231
3185491
3221710
3239586
3243461
3253487
3268398
3318851
3325263
3325542
3394819
3410203
3415406
3425687
3459692
3490553
3496938
3497845
3505586
3512957
3547113
3548663
3548727
3568129
3571146
3583476
3587521
3619548
3679892
3682001
3740316
3752219
3763453
3770181
3785515
3831595
3857204
3866160
3871395
3872853
3899099
3931056
3935639
3943895
3961930
4188064
4189778
4225078
4264251
4295749
4336023
4340555
4403526
4418106
4450413
4497395
4517830
4538705
4606580
4628275
4630795
4708850
4755225
4847415
4859120
4875197
4884074
4894250
4992812
4993628
5036574
5050319
5106257
5161845
5285657
5420912
5428453
5454250
5473217
5473670
5479494
5502957
5570743
5577178
5602569
5667678
5682755
5704309
5725849
5726128
5790055
5832333
5878842
5900840
5903439
5934012
5941140
5957921
5978548
5981829
5982614
5997714
6069497
6095367
6098111
6108302
6116832
6122185
6201034
6231114
6231188
6251872
6253640
6254618
6274379
6293787
6431509
6461775
6462147
6504590
6505956
6506836
6514416
6516916
6519310
6525487
6535335
6548845
6559107
6564808
6569259
6576549
6626616
6639142
6664408
6683526
6687231
6697143
6698027
6719299
6734300
6758383
6766123
6785645
6789326
6794933
6806974
6871258
6875114
6959489
7002635
7011298
7049553
7052560
7106075
7124059
7131156
7155618
7189875
7201331
7211019
7239343
7247789
7248319
7274658
7311055
7350950
7365315
7451399
7462078
7467074
7510322
7514555
7548701
7571995
7613536
7615970
7616891
7693684
7711410
7759179
7773998
7817911
7863165
7904015
7930307
7937308
7938789
8017285
8065980
8072307
8073232
8111402
8120398
8147418
8152015
8153482
8171113
8220715
8293050
8299282
8309688
8322742
8373970
8393845
8397448
8397582
8417613
8434817
8449083
8450003
8454596
8505982
8525651
8536378
8541246
8547080
8593081
8606217
8608331
8636282
8658584
8666217
8687108
8696478
8699596
8706016
8711679
8722657
8732919
8776393
8803622
8807808
8835517
8856123
8954192
8962477
9018031
9034401
9040069
9047002
9055834
9070760
9075398
9082824
9089887
9199934
9210120
9214819
9228398
9233413
9253009
9267722
9311907
9324616
9333892
9343463
9345215
9346779
9402207
9534831
9549233
9585058
9585938
9605758
9623374
9623923
9636807
9640035
9644178
9673715
9708558
9717830
9776850
10036781
10043433
10050534
10057544
10077268
10107115
10113346
10115536
10119453
10155132
10155342
10171679
10183318
10192709
10285436
10317267
10333034
10375833
10392200
10480873
10501439
10523775
10574460
10599196
10611356
10621673
10627393
10641611
10642390
10660736
10671057
10686702
10694015
10764728
10770911
10787110
10807522
10829404
10833077
10833306
10841014
10868176
10897721
10933967
10977436
11002664
11009574
11018783
11100938
11115156
11132852
11135942
11162000
11182978
11185067
11233585
11310239
11344446
11354358
11413052
11428646
11436538
11437531
11506008
11512955
11549466
11560537
11605411
11612845
11627282
11642941
11646132
11659894
11788234
11854412
11948063
11976060
11983718
12000739
12007020
12164706
12170216
12280257
12330412
12330539
12358493
12370202
12468828
12514364
12543543
12573103
12623310
12668371
12670890
12704981
12732786
13011806
13035378
13128958
13148838
13161281
13169782
13172247
13174923
13184889
13205008
13215696
13221858
13256829
13332601
13367615
13388618
13413150
13422771
13486306
13498880
13627448
13641141
13647264
13653468
13655702
13658750
13678271
14050742
14269883
14357714
15587847
16732976
17033071
17644914
17772008
18337284
18693305
19277541
19294921
19395165
19584941
20192070
20582315
21274412
21280509
21464550
22559570
22771922
22777727
23716086
23770743
24006689
24494014
24641237
25416697
26193631
26455880
26583378
27840785
28120850
30208592
30369597
30386648
30401262
30410609
30490039
30494350
30653039
30669706
30673862
30704505
30718425
30722384
30833076
30839321
30951494
31055255
31125242
31132172
31188067
31211360
31238586
31268412
31311165
31393479
31398489
31578005
31594941
31644809
31647962
31685135
31947936
32009651
32034317
32131487
32194721
32209645
32377031
32424607
32564803
32598130
32616525
32639836
32733937
32744044
32780527
32816652
32831290
32863465
32867310
33056095
33063132
33183292
33183389
33221408
33248853
33262637
33282958
33300410
33421445
33422287
33579752
33634655
33637676
33644659
33719247
33728979
33736921
33759423
33795930
33824937
33887876
33932636
33955585
34000893
34066192
34082272
34140585
34157387
34159768
34209455
34385846
34388826
34451008
34516196
34588403
34706954
34861795
34912107
34943005
34971250
35007113
35011334
35120577
35437320
35440216
35457536
35515610
35545838
35660788
35808983
35818848
35920242
35947326
36056859
36131381
36132326
36140151
36167577
36172431
36182164
36364770
36376200
36421719
36431989
36475315
36554025
36585977
36764226
36848711
36854084
36903879
36912568
36954767
37012328
37048351
37128023
37355813
37380945
37468069
37568058
37605215
37668008
37763214
37843920
37876126
37967855
37979788
38105659
38132804
38158312
38167523
38185236
38445588
38475907
38518127
38676343
38739910
38753898
38817405
38828817
39135173
39260909
39335041
39342404
39367136
39711816
39736780
39751393
39756069
39885961
40008522
40033664
40085878
40089945
40102214
40255828
40301856
40414823
40467173
40490161
40560741
40625003
40732249
40867251
40933927
41066264
41076695
41398003
41860106
41891392
41912254
42123012
42158849
42326433
42516101
42615331
42926193
42985288
43310922
43692638
43707696
43725702
43910403
44453093
44457642
44645985
44823287
44898061
44944823
45064581
45181013
45377690
45641542
45703497
45761191
45909465
46114687
46202037
46857997
47079209
47374189
47521090
47955195
48247384
49133159
50104045
50369758
51003079
51020968
51707501
51750582
51753430
51800998
52002405
52009050
52089201
53639691
55102109
56142249
56176334
56320386
56625633
56874231
57883299
57997036
58269402
59936164
60273975
60705954
62035001
62838447
63018777
49294
598997
618316
1075107
1181885
1758788
2218872
2383738
2579404
3049571
6573156
7258201
7921218
8201814
8729192
8845364
10958720
31280392
31684121
33339482
33577047
47422930
48908737
6468
10905
15859
21519
23251
28183
65159
73646
92412
100102
107109
168293
184484
227272
351661
393768
560946
1871847
2229098
2314132
4289520
4439310
6613123
7210823
7392936
8305382
31415107
26637
101864
269480
984008
7884
141245
1077870
2102356
3172419
10317128
35597088
40358204
5758
303803
617322
2591585
4549385
4707428
5463541
4032239
2545317
31086
42990
3130967
1180429
5794312
19613
37480
86139
161562
169490
236006
721786
740840
1090896
1289955
1301881
1548668
1591558
2106993
2830357
8004079
8516498
11614246
12698128
27255525
12984
49451
94592
133935
213065
230056
284334
390837
472575
798405
857407
884806
931774
1012667
1055964
1224276
1294167
1904095
1960005
2172885
2406825
2521510
2551301
2892958
2969803
3028314
3410625
3414871
3629222
4308805
4610767
4736171
5054650
5126716
5500076
5779445
6217321
6244023
6709465
6945504
7501688
10367849
11080866
11276586
11708702
11937509
12545444
13290946
19946062
32334293
33135803
33273445
35934605
36910077
37415855
40240002
43513475
43814920
44556071
48520086
49092869
49532895
1251293
336602
16551
27093
45381
1413750
2211387
2325657
7635780
8139572
8493211
17024981
31906051
33618139
33729449
34373208
39670336
46838850
6073
6136
6200
12532
22676
41726
55742
65218
110265
113081
137647
206999
317864
372536
535497
1311647
1895169
2398375
2883862
5702697
6460426
8014991
11218706
11298853
12318924
30537226
35253276
47513454
1801072
7168890
8723659
10225339
10924165
32419486
51780118
51811199
11198286
61907
8910
19808
37443
41312
62715
73427
83720
106345
112971
119214
119646
136423
137149
137255
143389
233816
236441
285957
427536
582166
670558
716695
909755
1045018
1419009
1446167
1462579
2015281
2241423
2857335
3887444
6266128
6212
23688
36020
54308
54956
122611
161577
164782
176642
380703
381269
407812
415557
476463
528489
815444
827106
905848
930529
1335352
1820967
2008463
2038665
2087150
2102248
2174677
2271085
2559212
2626530
2944872
2965788
3181097
3494461
3577787
3635587
3837491
4304182
4388438
4389902
4403106
4453845
5030773
5753794
5758734
6072067
6161292
6499112
6604163
6682131
6882022
7047260
7486981
7553752
8449089
8699606
8770169
9551718
10318236
10401921
10517125
11121492
11977175
12030787
13327953
16846931
19249182
30529860
30698056
32492338
32506972
33301520
33344913
34591422
35220233
36484718
37273721
37990896
55455623
57340128
5314
931427
12787268
25509
100259
100433
204720
241964
286524
925484
973528
1644455
1746314
2089199
2434943
3924773
6440931
6549278
9539306
10003943
10826225
11065597
13149103
24766074
36301161
37648346
1120970
1489010
2323927
2636936
228034
337991
622534
1984943
2625106
3167516
3234392
5115399
6201400
6497151
7532731
7903511
8090695
8394895
10123494
26391973
40168608
56385243
1949
5041
7500
9051
13106
32730
37617
42403
43461
51000
55170
59161
61097
61415
72989
100541
115128
131136
133444
143246
143478
156096
168556
171874
187122
196159
214260
239329
259350
273376
284356
335516
349972
408673
428644
438147
445378
520826
539761
586891
774547
829051
844089
851499
855331
910182
997714
999549
1063026
1076443
1081420
1104858
1173025
1180745
1321673
1387295
1416364
1579742
1728036
1796641
1824626
1961318
2021168
2037151
2221568
2260169
2475024
2627339
2636863
2668141
2709386
2723163
2960946
3104400
3407970
3821345
4007344
5024864
5052844
5061339
5077714
5184881
5266835
5468206
6074039
6225770
6381002
7111898
7860295
8005508
8322501
8505539
8544733
8709345
8714303
9585557
10383246
10595340
10825895
10941945
11266111
11483354
11750190
12768099
13204771
20709043
22807482
30884043
33898087
34418437
36910713
38407098
39490047
39664761
41739434
42777282
45508839
50703963
4092179
35408
48639
51078
531040
742746
917055
1058123
1578502
2887843
3032709
3467801
4464532
6250141
6917137
7760585
7838412
8163457
8584612
8750494
37083245
39967022
168958
6390
6428
471495
6745683
6235
6930
7450
8612
10404
10428
11834
21164
22922
24348
24397
25301
25930
26534
26686
34337
39239
49558
50250
51186
54939
55257
55404
60091
62036
67354
68779
69540
70686
73154
75541
80610
80708
93128
95821
101597
107123
108071
110975
120481
122473
135239
138791
139899
141248
147659
150895
152325
152525
162169
165760
166675
175727
187106
194664
196172
198527
209898
211694
219154
221447
229490
243047
247136
250252
256599
256631
264895
271062
277824
299172
299480
301139
308156
308563
312699
315421
327661
332726
336005
340261
367276
377858
393921
396676
410575
416560
428875
462940
492780
513915
534235
592446
669313
713099
727689
732883
734788
736698
795595
799571
807174
932737
943987
944866
970624
989483
1003583
1029997
1031138
1032274
1075632
1104205
1109818
1122815
1142236
1143277
1192519
1223278
1257129
1271681
1324133
1346263
1381494
1399648
1478301
1506155
1514474
1546202
1553994
1569773
1590340
1598514
1599029
1668245
1678897
1695653
1709566
1709572
1713096
1718532
1719976
1822431
1901109
1922500
1936019
2006171
2032244
2100867
2103202
2111871
2114362
2119539
2238516
2254224
2261820
2283600
2320089
2369884
2389165
2406489
2478922
2491612
2505475
2524875
2526213
2537959
2538906
2567043
2567985
2578230
2586474
2603631
2615023
2627524
2659822
2707452
2713190
2750414
2825561
2924444
2973991
2977443
3111801
3136271
3210826
3250030
3304760
3336895
3373144
3385162
3406735
3474371
3476522
3490531
3495710
3529887
3534175
3540965
3550394
3586792
3644719
3704154
3738841
3739997
3740338
3762061
3789094
3794369
3872397
3951627
3986565
3996183
3998398
4013169
4017050
4021392
4075466
4088341
4257902
4288268
4300233
4404335
4410123
4432603
4434004
4549254
4561761
4593438
4662340
4720289
4824568
4847484
4908797
5061563
5131485
5197859
5268354
5314245
5381674
5398444
5456610
5538114
5759087
5810489
6071336
6164650
6176318
6189944
6202658
6306222
6387547
6409056
6411729
6416025
6495037
6507329
6555109
6579759
6618395
6827918
6868557
6878693
6958365
7010677
7016491
7026256
7152893
7220809
7258074
7338930
7389890
7476009
7500335
7720490
7755305
7886775
7989577
7996886
8034172
8088911
8402002
8469434
8498394
8508659
8650718
8733516
8769889
8808972
8873959
9034539
9080605
9101659
9336144
9579401
9626443
9676508
9695568
9825149
9903684
10003769
10034996
10092366
10111021
10233374
10475082
10486985
10645023
10672986
10730421
10734044
10775937
10806508
11055869
11092842
11222885
11300646
11391684
11406315
11626470
11682222
11843635
11871635
11903714
12034148
12098350
12373979
12545919
13146850
13174375
13210068
13834659
14729926
17102088
17720094
17878717
23923561
28430574
30529522
30543171
30783086
31009910
31126426
31879667
31906315
32086947
32308101
32700318
32847906
33438355
33569714
33724020
34017647
34761371
35395981
35537292
35923613
36165188
36305702
36354415
36691421
36866475
36899169
37134238
37644591
37796132
38391118
38679964
39095868
39759345
39871943
40062792
40937374
41865595
42390272
42885988
42932439
43075574
43444625
43827014
48739341
51901519
52123694
52976760
64524630
68294
26103
31802
41122
77445
88036
220830
1976589
3235350
50598799
97618
6506
19100
25690
35437
45371
51238
56477
106083
122951
146398
162596
340349
364579
444705
578432
584783
633840
674811
754710
1085720
1126019
1158464
1237913
1315927
1330014
1574859
1700847
1861365
1920265
1970464
2149378
2169541
2236840
2431292
2465038
3242245
3679307
3824254
4857736
4952101
5090017
5355854
5447910
5949136
6120241
6391731
6842616
6861392
7104078
7518783
7800280
8447371
8559706
8580622
8840927
9182877
9555822
11545207
12233883
12814175
30475734
34211552
35711676
44689688
141562
350898
489545
1070841
1481039
1674683
1760074
1852559
1856919
1884584
2446499
2524768
3008160
3165333
3946770
4072024
4507657
6496758
6559623
6577684
6621357
6623785
7141219
7291214
8288047
8618880
9579484
10240029
11195252
11432380
11993932
12831557
13130484
18660489
21291214
24376289
27906094
29228644
30439300
30721970
31882134
34485927
38646810
46507096
47761736
23250
53361
240557
372376
377953
2038059
3069181
4639123
5545038
6321
9686
9777
39999
51969
64916
95153
102687
133217
174805
175557
201921
202329
234670
286144
304361
333579
663463
675059
899130
923733
1170416
1177896
1292285
2001061
11116424
11163865
21985280
36845136
45392014
60213846
14327
136805
1237680
2982499
6827630
1831935
37934
12451
21582
23482
47723
62467
109828
313070
421872
683220
152802
962
5101
5136
6396
8267
11032
11979
14248
17031
17781
17809
20284
25158
26363
29055
29362
32508
33018
33581
38036
39311
39559
41655
41747
43111
44490
44896
60292
60647
61585
73539
85105
93536
95831
99234
100101
106349
108787
116367
116506
122687
124422
134626
141336
154271
158534
163428
164087
164678
167539
167661
168156
168256
168578
168874
178581
178791
181296
190744
205705
217346
232032
232507
243494
253828
267246
271677
303939
331734
332506
347192
348094
353610
361938
396518
403865
444550
462615
477589
515584
517154
666421
690895
704642
735550
738331
772590
882565
910263
912738
920261
932401
933563
983449
991497
1013192
1022852
1046052
1049353
1116701
1140100
1152287
1152550
1152570
1229057
1274135
1308005
1417638
1417787
1449628
1613764
1650072
1801732
1816140
1834241
1851579
1858837
1887233
1928864
1930122
1965020
1973060
1991059
1996825
2022115
2060743
2068563
2185137
2343505
2409103
2428907
2548003
2765180
2829362
3073395
3140058
3146899
3236395
3314111
3653910
3786873
3822521
3956204
4391581
4417056
4725479
4944736
4960207
4961344
5555955
5685726
5946431
5961038
6486489
6586716
6653663
6871342
6885738
6970911
7114832
7207070
7451929
7734627
8117692
8756488
79564
1185080
3141043
10008524
10193545
12078844
23316642
22948
33452
48049
61252
75269
92099
370271
477438
2023736
7107999
8344736
10454790
12228715
23459676
37900209
45081781
11307
75298
84568
107121
129688
149153
157331
185356
196648
219784
247744
257598
296301
303758
313555
329298
374875
386104
463875
584197
601965
704066
737417
869929
914544
974101
978307
1276066
1448429
1697621
1712697
1805297
1905551
2113464
2407293
2487550
2567110
2653184
2827199
3187058
3275099
3308884
3312939
3407430
3454145
3530086
3948689
4034331
4779165
5086959
6687256
8773422
8980909
9216262
9750985
9811040
10459889
10878707
11825389
11916273
31036281
32604840
41374472
42182657
1560131
48488
86821
6500
5092
31014
41630
45641
59219
88323
98829
110294
285672
359267
537396
1022070
1559601
1720520
3767703
4343303
4539070
7213
8199
12287
32841
70320
98029
129111
198945
237155
309625
1150141
1236657
1395085
1424135
1668305
1669747
1696646
1777874
1822527
1958533
2261639
2296664
2576757
2710739
2800560
2981205
3020268
3182184
3387432
3431910
3456132
3479042
3863514
4572568
4970215
5018443
5105969
5451015
5457578
5492957
5831889
5977708
5989015
6500417
6589941
6713223
6738089
7741937
8199214
8432007
8510086
8806878
9226110
9344681
10217179
10731914
10919321
10945662
11126015
11429966
11730337
11758571
11878954
12128626
12163346
13344832
14053631
22265989
30462919
30932292
32190918
32872200
33417727
34091465
35147189
36891582
37771582
39457210
39493458
39914440
40169771
47565014
47738369
49872017
51703983
51909574
3737953
42337703
56642
425406
20621
22859
37417
55105
58100
69700
113082
158071
248550
259055
294558
308376
338390
343988
358315
391326
411072
465465
521181
525695
535875
553028
605107
638800
655389
732657
746699
828483
920959
1015962
1072144
1133878
1169173
1179976
1181488
1183149
1275568
1296469
1346919
1369657
1384293
1413036
1415315
1542350
1558610
1702269
1703374
1721292
1727030
1769213
1807651
1851088
1860690
1939546
2056474
2092514
2177401
2193218
2207550
2236185
2239888
2294826
2328440
2722753
2872722
2972123
2992696
3043809
3090786
3129203
3159346
3198103
3340019
3478655
3632198
3658899
3726123
3768568
3851211
3881789
3969748
4040236
4046857
4130778
4371900
4607900
4610904
4650678
4660509
4689355
4725987
4772620
5002020
5148250
5540914
5713027
5736131
5807177
6071686
6098129
6135683
6553312
6560660
6593264
6681350
6756681
6861721
6902654
6929993
6944365
6952466
7128151
7143990
7255829
7442134
7451276
7475938
7564470
7619322
7727005
7752888
7830099
7945199
7978666
8041699
8489885
8542677
8594048
8716711
8800133
8855769
8873303
8885446
8985325
9060162
9110443
9180061
9370089
9385198
9386428
9437594
9439382
9683415
9684088
9724108
9769356
9778839
10047139
10071763
10186055
10227094
10230698
10239617
10585999
10627126
10669236
10714424
10806705
10904359
10934702
10982439
11057737
11076170
11171709
11180960
11200240
11207565
11245382
11271035
11278022
11297527
11320017
11371804
11576157
11826094
11959715
12054783
12063286
12094818
12114333
12149129
12230887
12299160
12410401
12505424
12512522
13117058
13121985
13233893
13537105
13818719
14235770
14259764
14341579
21516056
21536621
30495168
30548758
30550364
30609263
30650670
30665414
31058646
31091497
31158323
31278579
31424836
31598637
32027078
32078269
32109250
32540406
32557079
32600615
32621117
32835458
32882406
32904794
33012347
33161057
33216535
33405553
33527950
33819198
33930330
34649261
34772569
34836372
34994064
35399078
35890322
36155449
36312235
36521412
36603527
36713333
36990363
37053639
37297539
37327533
37345438
37395073
37833789
37929436
37941279
37966703
38023823
38705021
39142466
40071423
40338590
41358818
41781138
42351204
42482135
42528893
43263147
44004272
44456762
44537568
45756950
46056140
46098440
48228752
49143486
49870900
51089055
51766169
57583618
59149512
62090309
2229859
50755
1389859
4516839
39643199
11788784
706670
739219
833951
1964811
3024822
4736978
5605628
6494021
13803
15273
25429
28805
30415
32824
44128
45134
45972
47330
65445
77981
80490
84177
88325
93077
96504
97507
97796
97801
110556
110785
133196
172412
198533
210487
223905
230939
235256
244691
246616
314849
315164
346881
415511
433664
471142
494464
545763
797583
836688
932039
934125
962326
1120789
1193702
1226634
1273948
1291807
1410311
1715422
1748263
1751853
1816804
1836178
1861313
1878287
2058880
2091238
2126099
2127451
2138736
2200354
2212681
2224072
2308764
2345974
2478125
2828568
2836461
2880542
2981434
3054489
3067226
3175425
3214947
3348662
3622290
4004094
4059929
4188135
4929920
5034353
6165253
6186714
6229103
6319466
6542389
6800643
6925689
6962776
7069212
7180249
7345455
7560038
7917236
7930205
8997281
161
1985
5203
6776
9854
10840
11795
15405
16337
22152
24757
29280
33245
36428
38375
41591
43374
61030
64881
68570
71372
73899
78041
80197
82072
83936
84624
87783
89608
92468
93307
93334
107534
113241
116520
119613
119761
127068
134985
139607
144439
144757
146017
147969
151265
151595
158454
158500
160144
165792
166053
173579
175901
177632
182509
184633
184849
190289
193741
198949
201967
202014
203096
209272
216512
220910
229467
234612
253534
256184
258162
269826
269915
280014
281603
283029
305470
312443
323057
329663
333075
346538
350270
369129
374486
377795
386869
391416
394897
399521
402326
416359
421862
441407
458906
462280
474365
491627
510267
518193
542227
548435
553099
556607
561127
570866
571193
589038
601384
603341
607711
639586
661233
673010
696719
711799
732329
747036
756656
772169
784492
799606
845991
864522
904552
909231
922916
928783
940220
972048
987012
987270
988399
994492
1009300
1045098
1050859
1076278
1086156
1097829
1110252
1116750
1135055
1136482
1138478
1153112
1181460
1183243
1218324
1233676
1255440
1255916
1277177
1294188
1294590
1309331
1311784
1314221
1346320
1374408
1382561
1393220
1396203
1409401
1430234
1460551
1485793
1491796
1536772
1544258
1546002
1547974
1558305
1588863
1595546
1599201
1718237
1734340
1742110
1746854
1766799
1788674
1801127
1803306
1808835
1822939
1828065
1830127
1837524
1849623
1872227
1890590
1927212
1929214
1939186
1941384
1950181
1953960
1964035
1976868
1989350
1991367
2004972
2010968
2016635
2024453
2029326
2071138
2104342
2127140
2135669
2153980
2164751
2168434
2169817
2207905
2228104
2255341
2263476
2301275
2313691
2370480
2389480
2394459
2414432
2452340
2470820
2474977
2492321
2498318
2501918
2516144
2523021
2526345
2544157
2558199
2588674
2593234
2595152
2629983
2656690
2660365
2682365
2701379
2718756
2727480
2731998
2735491
2740915
2787699
2793962
2811812
2832094
2864807
2884087
2927308
2947249
2953001
2976377
3003434
3018918
3021432
3047349
3063768
3064729
3070999
3075209
3095776
3096489
3117268
3133882
3138144
3151816
3158728
3227847
3259733
3313647
3317437
3341951
3343739
3356536
3368617
3374019
3385755
3394964
3402550
3428256
3465904
3471759
3485016
3488594
3500507
3514135
3523555
3531049
3534462
3535624
3548571
3601643
3618004
3625556
3640364
3644401
3698582
3725797
3726671
3728462
3737552
3752805
3779158
3791901
3801232
3833079
3843417
3882402
3896790
3983776
4004544
4012004
4023188
4090814
4128645
4219455
4297833
4297886
4317147
4377885
4394059
4401879
4402076
4435113
4436431
4443479
4448565
4465353
4475337
4478311
4482283
4509877
4537171
4577612
4618014
4619629
4623607
4628928
4638613
4649377
4659267
4726183
4740790
4771523
4850615
4855903
4873534
4877820
4881901
4889408
4892053
4902552
4912144
4965312
4977108
4984933
4992127
5023251
5048971
5077128
5085301
5113106
5114661
5425499
5454629
5495322
5504294
5587859
5604926
5746197
5756960
5770155
5891277
5967007
5968229
5987165
5988009
5996685
6002259
6044973
6074665
6109715
6206012
6213492
6219818
6222140
6228696
6230968
6235461
6245576
6271558
6274283
6302422
6343156
6370927
6402988
6434844
6464373
6514665
6518390
6525882
6534061
6547535
6549063
6553638
6577629
6577790
6579789
6587105
6601013
6606824
6612021
6615461
6641803
6702323
6702441
6705260
6734380
6739228
6740561
6743264
6779295
6781666
6818781
6823626
6843924
6851900
6857454
6863261
6864073
6878556
6885833
6889226
6902539
6911998
6921125
6925756
6926334
6926387
6934769
6936799
6943804
6980827
7008620
7025575
7044227
7057581
7062514
7074590
7087650
7111640
7122365
7157154
7187680
7219417
7224344
7238349
7249943
7257721
7273040
7329379
7370799
7376289
7387353
7398333
7418921
7422704
7425116
7432136
7470485
7482560
7491449
7492798
7518390
7550163
7560074
7572989
7586192
7654380
7671091
7734317
7754132
7762463
7783620
7793360
7799620
7837306
7854663
7889883
7907269
7914940
7971277
7979050
7984604
7994268
8009490
8028163
8058010
8067154
8100080
8106847
8126771
8167755
8200871
8217776
8270581
8294795
8342135
8346745
8360541
8374737
8382811
8396114
8441913
8462172
8516487
8534869
8573644
8590977
8653616
8656346
8690697
8699452
8702881
8716083
8770078
8774531
8776601
8806647
8852065
8854836
8858015
8980551
8984361
8990252
8997883
9043483
9054813
9235107
9286895
9294803
9332490
9332833
9342991
9348319
9355828
9365534
9388733
9486848
9533065
9555236
9574078
9608060
9668721
9782389
9799563
10001720
10035435
10053960
10065546
10074046
10100549
10103596
10119626
10123147
10123546
10153385
10202286
10203241
10220272
10283502
10312502
10380846
10411070
10417298
10524874
10541798
10574309
10589439
10593756
10600174
10642072
10650592
10680855
10688707
10693837
10732139
10752443
10752492
10787826
10833770
10934829
10935326
10966424
10972590
10976866
11018585
11019821
11020984
11046431
11077637
11090884
11108707
11117382
11161693
11209927
11237481
11283663
11300992
11374278
11426233
11435852
11444599
11467983
11469229
11506195
11572254
11587682
11588414
11599808
11612917
11646171
11671175
11686088
11688982
11718563
11853680
11854340
11860176
11863779
11882695
11925861
11995655
12031618
12040468
12043612
12084636
12096329
12138538
12149101
12175439
12213229
12215762
12220828
12228263
12269384
12283227
12288131
12314832
12320799
12335500
12338377
12344836
12352441
12367191
12430799
12470457
12520243
12520945
12558548
12560293
12569184
12635583
12652267
12657833
12673892
12747856
12779376
12839578
13105761
13155349
13160803
13163278
13168684
13249790
13306194
13352562
13500772
13548482
13553823
13651612
13665008
13677756
13680613
13685073
13727465
13899867
14193528
14209146
14316533
14319539
14852660
15142573
15609347
16229154
16411996
16461048
16652088
17284667
21167587
22402509
22839484
22911514
22943221
23099788
23978131
24377061
24634550
25758193
25818752
28157272
29213552
30365810
30367992
30369465
30373091
30378023
30395919
30396628
30463825
30495388
30510701
30528241
30539294
30544419
30546423
30657199
30684499
30706344
30706575
30724272
30788303
30796475
30824034
30903979
30911233
31038260
31053669
31147115
31148839
31168332
31204846
31223834
31237521
31240843
31250413
31421129
31434753
31446335
31530268
31553829
31578416
31604984
31611685
31669279
31692389
31715960
31742298
31881441
31891607
31919507
31959007
31973925
31999900
32040378
32076078
32154968
32184624
32185353
32230788
32244490
32483511
32525394
32598599
32689615
32743344
32765689
32850680
32864975
32919028
32944267
33008971
33107985
33142210
33157640
33231214
33256311
33274777
33332307
33342205
33393803
33403857
33439463
33468892
33520535
33549278
33561954
33656344
33760659
33809509
33827486
33832656
33850754
33881530
33987673
33991589
34029623
34091555
34143934
34154794
34176124
34230148
34241343
34266946
34367772
34374780
34429339
34485578
34610374
34638675
34654219
34737547
34805201
34842998
34863222
34946690
34952294
34988254
35120401
35173158
35217590
35219332
35298787
35331415
35334395
35377983
35432227
35463487
35522083
35524051
35552344
35626058
35633137
35725182
35826936
35827523
35834550
35984191
36049833
36053421
36082623
36130717
36238022
36261480
36311143
36312866
36348314
36419268
36449902
36544688
36546580
36571596
36662985
36773325
36828270
36893381
36982311
37124504
37214630
37324302
37487581
37507319
37742500
37771757
37789677
37923457
38053944
38093836
38175294
38228052
38329866
38439308
38494180
38495212
38520188
38535845
38776194
38832408
38848917
38932733
38970674
39095926
39112650
39120759
39124229
39160976
39185505
39283494
39383032
39408748
39480522
39512438
39666167
39678652
39794546
39806575
39820900
39843718
39896780
39924654
39984068
40113200
40117763
40185128
40245542
40259084
40348256
40407490
40512237
40527507
40539688
40650106
40762074
40933997
41039242
41124387
41124453
41254397
41415142
41479434
41487310
41562968
41690802
41820411
41977901
42009425
42044776
42078625
42116235
42261988
42278851
42319480
42445924
42515856
42682305
42735429
42781873
42802211
42831282
42917812
42974672
42980660
43054928
43094454
43106785
43274109
43328746
43448933
43492947
43653933
43726559
43823764
43934627
44185245
44252308
44429555
44436362
44468415
44512510
44555209
44644253
44745437
44793488
44819281
44860432
45002352
45008115
45186914
45361939
45734020
45807062
45943111
45963709
46106634
46522533
47153753
47202808
47297082
47315145
47649365
47685763
47762149
48052639
48159215
48306026
48427102
48487460
48520824
48613118
48665458
48849971
48895490
49000586
49460590
49548450
49595242
50335107
50391665
50941311
51167131
51172179
51259768
51268609
51272408
51711581
51722892
51740544
51748376
51759103
51763727
51770186
51784913
51867045
52402431
52437298
52457964
53032530
53809591
54971250
55849086
56493132
56564496
56631859
56687115
56884235
56947249
56989137
57072215
58652293
58857353
60240784
60599646
61027115
61196433
61387950
62267608
63255651
63937775
64776313
52643
93678
192895
547224
1198185
1231484
2779317
3464449
8706938
11127822
11299628
22936401
38628959
44487685
4906928
4293
6682
17013
26874
31758
52769
53983
111426
112645
143752
151416
161590
234073
263424
336384
1209698
1653975
3883735
5449379
10696682
38357391
24038
1253136
1489313
23825
1250707
1477549
4484948
6228215
6252111
11959893
12205822
33501407
35902045
45686890
11978
15665
17115
26549
73496
75407
78244
84218
135596
338187
457441
510247
665445
749634
1064095
1100976
1252876
1851606
2250622
2937363
4262547
6465063
6718158
7474725
10761762
43683336
48455289
26649
54010
72350
191181
192076
1092897
3695051
5201455
8695674
11077953
34113
50710
337702
5480725
5488773
32483529
6746
6938
13690
318112
779127
2070848
2367297
3399063
37779580
52929
126844
482860
829301
1195930
1205855
2200086
2576641
3705776
3885985
4461700
5708868
5759329
5871603
6578588
7827183
8436187
13249712
38040704
16042
23817
36779
37167
39498
40872
44489
55974
62279
72419
75845
77263
82707
85522
129643
131920
132427
178235
178351
261989
263450
308404
376419
436162
531581
884508
946057
1028111
1034843
1062968
1100682
1269163
1390834
1436433
1688605
1768956
1797953
1888304
2003002
2096950
2164288
2233757
2248918
2318735
2503722
2810876
2852498
2870433
2905474
2949916
3288125
3459321
3522784
3783287
3802490
4287179
4555813
4646759
5431131
5664603
5814094
5853040
5963092
6075528
6542361
6564045
7215744
7402772
7498968
7572078
7658812
7961037
7982945
8837914
8848419
9196101
10734588
11130962
11599287
11846330
11964026
11998917
12018897
12485536
12816783
13261487
13393079
13721208
13846565
13946784
14165672
14481865
18540949
21869587
24420343
28571357
30360680
30853287
31265405
33166416
33596963
35144195
35324221
35351647
36571362
37444776
37516301
37653048
37852469
37965384
39234510
40694311
40925503
41753788
42429075
46737319
47321061
47813585
49024160
50832701
53234884
55878334
61673464
370516
8458567
13158842
41327415
4151
6991
12191
24062
27603
63866
66248
72271
240183
261297
341098
362466
403690
436770
650952
784054
893274
968866
1084471
1124506
1238361
1240972
1241708
1383578
1489886
1637955
1666879
1830312
2188951
2317612
2359257
2537241
2644567
2930827
3076949
3337720
4276938
5382887
6247643
6265288
6561731
6840523
6924575
6948548
7635840
7872109
7892366
8064779
8928460
9221549
9637606
10023511
10625176
10954818
12725112
13621348
18973895
19356841
30390377
31406132
32759698
33356363
33930220
34276001
35233864
38546095
38871961
50838824
63339725
20016
614256
1301794
1956646
2028959
2551743
3562612
6700688
8361560
12580701
165000
176041
7322
27222
28286
36535
74840
83563
90533
91764
93687
108208
115437
127719
127842
131972
136901
149941
156252
167409
168939
181848
213628
232557
234632
238731
252664
258441
291909
293026
309404
328492
329159
333417
333725
335770
342009
362102
416156
418600
427012
433459
451501
475744
498434
511161
545294
585038
586593
590493
616290
657170
695512
708915
716167
736249
749049
757512
788400
798343
810268
848673
932710
937191
1041273
1074666
1157896
1182834
1209710
1229783
1362689
1365404
1375187
1379573
1386770
1392825
1400001
1431840
1432669
1456189
1460333
1467157
1576202
1589703
1593176
1632529
1761615
1765484
1828118
1830980
1915706
2007464
2012777
2035240
2092745
2140208
2142590
2190305
2196660
2216110
2220762
2227736
2253520
2278286
2280878
2307720
2319898
2351276
2408952
2440154
2476970
2499988
2500260
2565799
2577007
2586729
2589612
2702271
2772993
2820992
2827771
2838041
2840324
2868764
2927033
2931579
2972248
2985686
3008441
3093770
3248222
3250433
3253929
3273127
3323215
3467896
3541322
3633958
3702017
3739232
3747423
3784284
3800731
3829778
3830245
3872108
3947170
4259993
4309243
4404816
4441598
4587635
4616581
4626172
4679517
4774736
4943777
4958246
4974862
5065448
5098172
5328384
5495733
5565724
5723056
5899481
5995564
6071130
6151975
6162465
6191197
6240085
6241988
6338471
6359693
6366037
6371418
6396191
6475643
6499717
6536171
6540542
6644565
6691244
6729769
6755075
6910369
6927163
6960454
7002495
7301625
7320104
7358627
7362671
7459494
7503309
7583814
7599530
7659784
7673463
7736911
7798151
7812587
7898367
7905576
7937440
7994848
8037731
8039140
8042134
8042628
8054511
8061537
8329694
8340795
8365608
8375311
8400027
8401672
8404051
8408363
8417270
8429777
8433888
8461537
8472422
8495001
8498869
8536633
8593753
8616839
8621696
8622096
8626779
8650511
8658760
8696168
8719464
8730012
8816345
8838837
8844831
8875138
8982317
9080705
9083918
9164562
9173069
9183975
9194464
9351764
9403824
9487053
9508726
9550887
9617509
9643418
9682612
9705237
10005818
10091745
10164204
10175373
10413941
10551234
10572764
10610727
10641524
10684656
10856151
10913486
10921989
10966651
11039446
11088821
11108424
11186482
11233785
11335838
11400025
11424848
11497581
11598102
11600267
11673744
11688142
11857344
11863507
11866117
11907558
11909887
11961486
11976916
12006885
12046949
12148239
12209489
12271201
12326178
12341051
12417020
12497306
12676799
12828396
13009090
13237847
13448606
13467786
13660837
13685407
13869877
14017093
17423099
17562053
17978123
21231694
21589788
23921213
24285026
24374290
24739183
25745050
27377896
27463425
29666656
30492661
30494313
30540072
30549792
30673941
30692855
30785649
30817812
30925803
31112518
31115504
31116528
31216128
31256400
31268321
31296309
31430065
31545682
31573009
31681007
31777451
31834234
31916700
31940029
32071749
32192633
32216163
32224495
32445971
32553310
32562698
32589423
32800569
32861516
32967331
33038637
33243014
33245843
33271815
33316152
33337734
33444969
33576510
33677869
33748645
34089624
34205932
34391908
34463732
34599435
34695817
34697267
34859885
34978164
35021221
35100029
35362941
35813864
35823937
35865263
36053709
36084266
36085472
36164732
36329176
36339070
36405888
36419908
36751116
36857528
36922646
37061340
37384494
37455646
37593419
37785609
37812696
37874630
37908342
38260740
38505460
38641500
38646901
38651719
38715635
39255838
39459398
39639753
39949557
40004778
40041952
40146161
40432490
40490961
40798324
41001563
41554118
42305995
42319112
42544308
43037179
43438692
43833629
43851832
44572043
45724011
45870387
45942011
47104869
47869541
48321867
48488173
48958411
49350187
50497208
50593416
51757840
51814785
51898556
51936138
52013715
52067626
52167566
52301488
56382887
56687454
57094115
57144305
57375178
57423122
57830137
57836757
59705436
62007546
43939
4713377
7111
8579
31646
53003
56245
79290
92465
123120
187179
262761
372666
422847
434920
474910
809255
969908
1337496
1596830
1927201
3126938
4338847
4666203
4865107
6543151
6715769
8714409
9339751
11203143
11731524
12726547
20700471
31184601
37761467
49359833
56586097
8590737
8645678
37900
84567
328674
416172
4097488
4256093
4736827
7684398
13187521
35193150
39345201
95217
137699
215964
218182
326449
349582
571106
2365188
2557892
4984338
6000648
6757273
6776202
8748811
9051224
10952723
11428042
12000459
13627319
14892037
30652381
33467279
33468342
33889087
133985
194618
328493
843846
1132538
1155815
1167039
1214447
1297309
1426677
1931736
1991658
2210217
2443859
2932979
4600953
4957108
6118828
8532241
8932587
9347212
10189681
10866783
34360155
35470555
2866282
3234259
4497616
5945007
6624956
7449624
7480200
9405339
10807134
13186699
30934796
33511902
36031833
38753253
52280245
6619
6635
7176
7179
7182
7229
8363
11924
17656
21075
26775
33565
35281
60036
82026
92035
106365
109439
131414
134684
134786
149934
169813
195834
199480
211342
211643
265594
267251
283872
341133
342219
367388
392282
404992
405212
406578
528627
616741
623846
674395
729321
811680
858154
881422
905727
944646
997991
1000592
1015957
1025133
1050890
1084945
1163051
1174729
1204714
1282258
1342189
1639315
1648531
1657234
1690808
1699280
1715531
1725248
1735201
1740023
1837975
1991392
2061267
2095182
2138435
2138640
2179474
2187350
2251686
2274512
2317231
2465323
2608944
2634512
2725798
2781471
2926783
2991507
3000926
3056352
3068542
3261697
3318387
3373525
3541659
3575095
3752589
3789835
4013414
4259784
4286630
4292742
4444519
4457714
4490324
4571736
4578084
4620595
4908591
4962419
5102878
5155303
5398480
5450076
5926688
6123816
6272970
6362126
6455299
6512150
6707065
6727688
6729689
6824207
6852764
6861138
6875634
6897560
6965242
7046781
7225430
7232351
7240498
7352003
7505936
7632493
7832266
7854727
8026146
8045395
8066334
8102193
8268876
8365475
8586294
8765135
8839504
8840800
8933111
9036962
9268958
9281464
9316455
9373768
9427469
9453907
9530716
9564256
9629346
9718595
10215307
10234805
10310739
10661085
10733418
10783954
10846816
10855872
11036078
11371059
11393903
11702175
11706851
11729778
11749419
11791317
11868205
11907881
12016252
12115943
12226224
12309684
12396104
12475031
12844439
13178601
13342048
13352551
13953193
14820854
22803686
28386951
30446079
30513751
30606046
30910578
31100232
31127880
31559720
31777833
31938780
32093255
32153895
32172440
32275082
32410097
32571994
32624020
32762239
33109854
33834308
33972505
34096475
34258004
34780656
35254353
35273128
35933818
36068279
36122455
36311776
36580627
36795255
36799431
36947493
37110884
37283213
37291803
37465025
37790323
37959051
38090546
38191743
38453921
38633568
38641021
38789003
39065983
39176252
39906950
40386596
40686709
40737310
41066158
41823335
41973735
42052546
42579408
42620786
42862081
43025617
43184091
43447168
44011141
45546104
46149011
46689935
46870675
47038749
47245006
48176329
48399548
49369473
50691738
51786515
52323830
53684656
57082282
57118454
57155829
59385471
59508703
60063400
18498
50585
84208
85387
106974
158242
198192
502578
1006514
1154504
1199278
1382103
1452164
1696633
1741587
2091851
2103250
2197937
2216984
2242496
2253377
2277150
2520186
2636701
2696389
2931969
3332176
3646872
4714171
4721655
5923365
6269507
6451311
6652702
6805504
8219150
8342621
8721825
9308028
9707899
10073814
10361651
10787240
12212898
12266202
12643078
12693042
13259637
15050357
17251285
18929794
22888843
28515098
30430915
32164801
32658557
33134186
35475927
36604184
37462857
37953084
38645280
39723422
39993774
40110672
41793434
44766769
45016453
48404170
48942193
50818488
63368807
7272
8234
8912
9284
9406
10996
12205
13025
14703
21336
24537
27663
36410
46815
48176
49105
51314
61389
61764
65134
70355
76068
79974
85517
111397
134173
137179
146597
156636
165115
167316
221126
254408
259548
304510
307708
374201
392178
400864
407619
418403
751942
934292
963813
1492675
5624895
390082
123204
2013262
5121374
8456
12417
14398
17542
25003
25534
30355
30721
36071
45186
46738
72921
80786
84106
94665
97163
104532
117137
122050
125682
133565
151816
154886
159401
159407
160809
172030
183167
183846
197191
215625
216366
217422
218920
227127
235914
247202
267123
279208
301977
369178
388211
417986
428506
440288
445379
462101
502895
523666
528888
533921
624143
641303
650329
662456
723844
743859
769276
791967
794274
827562
880956
927241
929128
938327
945725
950716
963257
1042678
1043961
1069844
1077883
1095203
1113714
1126936
1142685
1161241
1212373
1259728
1267068
1270499
1277190
1278375
1283597
1318142
1396065
1407676
1455644
1462600
1524149
1524275
1547569
1578647
1593434
1595120
1595589
1599588
1631799
1648073
1657101
1676870
1684941
1739358
1752551
1840110
1847134
1847349
1853816
1855357
1866852
1873908
1902737
1906614
1915951
1920559
2021138
2048193
2103354
2153386
2179138
2210587
2217632
2222677
2244629
2271446
2305918
2328375
2366984
2392023
2396904
2409478
2433810
2467377
2490421
2512249
2514406
2522639
2566450
2589761
2636697
2651764
2728530
2747124
2777338
2882712
2890033
2981376
3042778
3050320
3097027
3269722
3276009
3292079
3352827
3368570
3409780
3509746
3590295
3601752
3638579
3703583
3760722
3763016
3805498
3833167
3855788
4012678
4043801
4075939
4293615
4389864
4457449
4462551
4467106
4563277
4574013
4625718
5135691
5238117
5450802
5546860
5594661
6129124
6198990
6213470
6242439
6258347
6315626
6377300
6395821
6397722
6422431
6518500
6523075
6529212
6537613
6560979
6576141
6580856
6593185
6621931
6811988
6867248
6986829
7018197
7202784
7300162
7365661
7399592
7425489
7598282
7601119
7711828
7712281
7749053
7766916
8036036
8037343
8076189
8175713
8220922
8249343
8287664
8290194
8373896
8595846
8685462
8709607
8737199
8961043
9051241
9100995
9320028
9341127
9444181
9474689
10145221
10284317
10299726
10514780
10669159
10726644
10836400
10908426
10999798
11035655
11088055
11278534
11602448
11695135
11754428
11773737
11900184
11905760
11933491
11983085
12148916
12153183
12308081
12521551
12554350
12662718
13226167
13246529
13272234
14397554
24297535
30414372
31592932
32129580
32157485
33491481
33862596
34855891
35062376
35703878
35989597
36159882
36450711
37117173
40312817
41991859
43343977
43570552
53170664
60310562
1109266
11333
148514
160066
226633
3407346
4780936
9375573
10149871
30263805
31998478
323352
1053560
1614115
33481794
83263
1507
54923
61801
235315
420766
680139
762992
4254886
4725333
11054102
11872871
34296095
34578401
35850356
37871219
58747330
7352
15527
21403
44650
57880
222019
235055
1840044
3279279
3790549
4636293
4645047
4899314
5986386
6781771
6915453
6988981
8673419
12436378
30611473
31911391
31999046
32140230
33082193
34054526
38746159
40220941
42581008
45202924
21967
258975
1804154
2276910
3091890
3358237
8559122
11744285
34004909
36796948
37133730
38353288
38555151
39747399
12117775
13294246
595844
2019263
24308
43249
268840
842683
2741046
3291544
5420648
5896051
11364867
33687717
41221829
7560
7942
159464
1773414
94989
122672
132977
620747
894190
1090329
1109580
1246613
4604316
10575636
85893
94478
326933
378714
1111219
1488948
1866570
2490923
2608788
4338374
6552882
7124908
7656352
8019502
13903641
28233637
33446851
37764840
38794404
39579924
41344474
61174470
124990
1541306
63731021
168887
36742
98942
35541
6602
19592
60554
200969
438573
1050398
7378923
36796907
59948
168691
191630
198252
381031
390931
1467786
24666
173333
15434
33935
36487
65397
74416
92232
102919
130768
257298
262975
552126
675477
2403862
2732828
3339639
3523053
3766698
3800293
3921879
5039774
6072021
7848018
9711575
10352360
18164405
37595922
40699957
43264354
44683727
47201670
52975944
8137
8147
14613
17591
30453
35619
44662
50536
55321
90180
94532
116621
120839
123156
124823
163040
177706
194783
212092
217186
259006
372087
404535
440390
445591
540254
619634
651696
679916
776357
827605
831172
853856
881908
905060
1003383
1018593
1048165
1241615
1247322
1372266
1704605
1734048
1761193
1818323
1828572
1839380
1848565
1908652
2209901
2224000
2384169
2623845
2773727
2776301
3104266
3388145
3441520
3597689
3646155
3839886
3903844
4263822
4989147
5297427
5746978
5826895
5937359
5959188
5976800
6175201
6440786
6513896
6817818
6874316
6886382
7359933
7435760
8007877
8381584
8495584
8697371
9064256
9255728
9396625
9675636
10302947
10721416
11100260
11739099
12119034
13306653
13395859
14469223
14812118
17661928
20318684
22900293
31655028
32460696
32833557
33695090
34261497
34351034
34668503
35039179
35267849
35883088
35962267
36138870
36579798
37066255
37101518
37314054
37751443
40837630
41385872
41573058
42688627
42810909
45415630
46411212
46993873
49682912
52394817
52533005
56555231
57004946
61317602
61511196
255273
8189
154227
188283
304770
327099
794596
821436
2390544
52958
216970
640436
2181835
3941531
6071386
4053
9311
19188
36374
56476
68412
89653
98753
124914
170381
198864
199333
252658
276375
302713
308097
388152
431434
432150
434155
471810
906728
998266
1031070
1053183
1115978
1122396
1132732
1146489
1257431
1302081
1344552
1409617
1413940
1542984
1596862
1742943
1880563
2042889
2067637
2104668
2140159
2149345
2204530
2230198
2314818
2657908
2863621
3157521
3410012
3707651
3758666
3773538
3782456
3828912
4102446
4300720
4399382
4570726
4717835
5409427
5559100
5798516
6169110
6333646
6357004
6509199
6517334
6531727
6532822
6550202
6569490
6770651
7069159
7094991
7133043
7155178
7287353
7355293
7376502
7443189
7551334
7734111
7756766
7938303
8188635
8340073
8732820
9578175
10915013
10958063
10972349
10979555
11356643
11455569
11751702
12252850
12517061
12521410
12803184
13217052
20609201
30401760
30434933
30599131
31619178
32710494
34005265
34726841
35968891
38254619
40136596
41794706
44378579
13891
66493
207165
216466
244119
427862
514022
788270
3930937
4527375
4656909
8854794
9380072
10041374
10303513
11096043
12686639
32363156
35680952
35865058
38076960
40791226
1739140
2197307
5901271
32496838
727318
2770226
2923350
6669453
7137587
7340907
8913881
2235
16837
40291
50448
79133
90928
119320
143794
230506
286831
387038
677010
722385
932756
1025240
1314501
1362756
1459788
1593188
1763739
1845420
1983507
2047351
2277306
2456196
2529931
2558703
2790097
2872258
3036900
3174707
3490512
3768310
3944479
5011695
5437425
6078403
6130410
6230988
6698200
6710043
7104296
7379931
7587553
7588668
7623275
7845301
8034166
8206967
8547431
8859162
9406831
10002517
10033212
10155073
11154877
11294790
12004137
12466264
25806731
26585182
30541442
30611782
31324698
34748596
34939016
36696020
45303792
49420786
49426236
50216482
50849348
360235
30176
53283
102682
128171
209618
217608
300097
333992
442972
959458
1079216
1800007
1808813
1906122
1932433
2109949
2574693
2637674
3133654
3549614
4456654
4742263
5681235
6071433
6193191
6838958
7015686
8240925
10276535
12824293
30364685
33305810
33334252
37186421
50432488
43159142
40851
69294
155469
158176
165524
181115
211614
266757
273522
298574
311852
330604
407478
439852
513697
594466
599582
635466
723751
734819
811107
817265
831086
956717
1007328
1040651
1066234
1256140
1312267
1342067
1684855
1705197
1815272
1827591
1840033
1866481
1867156
1906840
1927943
1931494
2366323
2592227
2625428
2627171
2633523
3052716
3143705
3457737
3486488
3528218
3533882
3653711
3715467
3768000
3856278
3986187
4004516
4547961
4700092
4950386
5000840
5074012
5467552
5484926
5517651
5533550
5738549
5812349
5864239
6292049
6433521
6512996
6713704
6768574
7277236
7457481
7604526
7639792
7837118
8032401
8091134
8163715
8537250
8958203
8995548
9214223
9270199
9590313
9688419
10004602
10139206
10459812
10870259
11093112
11457172
11697027
12181819
12227242
12473273
12696093
13183012
13221573
13978293
17547115
21687439
30638348
31903949
32040911
32149098
32642988
33006695
33227533
33262432
34583167
35001505
35123681
35372653
36678531
36888168
38706314
39218712
39976513
40038871
40464522
40530688
40959514
41028853
41351465
41876875
42965475
45411124
46476602
59985692
63360008
2048008
3882014
8329
63228
87750
90595
186014
223500
511975
613793
718344
718568
821457
977962
1039442
1078362
1490196
1543922
2151110
2194830
2339548
2347726
2635138
2682489
2685342
2852152
2900268
2938861
3038660
3108771
3235380
3509486
3834232
3859513
3940605
4026048
4034322
4686082
5340078
5567652
5666357
5714973
5751745
5845301
5878260
6163948
6496235
6592185
6906732
6993977
7029218
7156587
7213217
7376235
7490890
7518207
8369332
8382879
8408258
8430192
8472795
8663076
8962597
9501100
9624826
10097779
10622979
10982517
11055336
11354932
11859470
11891669
12227010
12374024
12520791
12718114
17281582
19257128
27507657
30851516
30943295
31887787
31900261
32310701
32419582
32445943
33666594
33792025
34143184
34958998
36660633
36733988
38779655
39824823
40421450
40475642
40646026
41073041
41713800
41796380
41971109
42168521
42593856
43359575
43708308
46255194
48430977
57617692
60159180
1310531
3131746
7311689
7757354
12688394
345595
407139
1034480
1834056
2092699
2298099
2615478
2980982
3096382
3244168
3305592
3584837
4413939
5416665
5586664
5776667
6510405
7540882
7710554
7768956
7897988
8625639
8729597
9219817
9354725
10917269
12308547
12639736
12674019
15258875
31911111
33946595
34319754
35219380
37071689
37190349
37570609
37656680
38634567
39296389
40465609
44666775
46933782
49174251
50181556
1134105
1629654
1889625
2924152
4955913
5476081
11244356
365314
70870
115654
273293
1016289
81116
3539452
43339827
8577
8588
552214
602537
1276845
1401734
4695550
7646682
10393617
11218400
12572318
13330706
36485906
5474
66771
187871
574963
854082
5800620
6672468
7457930
11247253
13162738
39609265
13691
64813
87222
134400
454850
592566
704573
1034446
1402746
2127615
3133450
9616391
11850104
12362
34854
89373
126655
176647
209195
241884
333308
742885
795095
935927
942632
1159833
2782440
3595978
4405996
7138956
8246050
38073972
2031841
1305977
19151
79331
562878
1418518
1458791
2083473
3541622
6977555
7571759
9760543
30665398
33105284
34583183
46202
234124
392529
450013
472809
977107
1219961
2642538
2956728
4716393
7934400
8197049
26400713
37015731
49715417
31774835
5149207
25409
129325
60165
413437
584714
769453
1197740
1408606
1787750
1908632
1966206
2189740
2429876
2799750
2944954
3472268
4687502
4979457
5040385
5096845
5504807
6150106
6251344
6427091
6566643
6719645
6924734
7443609
7821051
7831563
7874452
7974846
8084843
8314834
8500678
8612230
8614380
8622802
8674212
8678965
8690707
8921905
9254906
9385672
9625648
9746344
10037086
10112117
10389951
10600376
10623793
11073884
11541164
11945361
11965633
12378749
14430828
19796684
21468247
21973582
24161888
30364052
30967558
33645972
34264402
34285634
34352776
34889148
35877287
36964664
38290819
44268892
60638
189283
233641
952823
8226729
11611
11766
19399
27568
37784
42899
49010
61619
91854
102875
127806
137375
182121
186212
203094
234732
257802
267169
279912
285605
300186
300509
308944
309951
310381
339574
348680
348795
349115
365669
369367
378710
399197
409552
410134
437312
437498
497283
587901
754483
766544
786470
799681
831624
857547
909242
921749
1004801
1016916
1070284
1074802
1131082
1133696
1142368
1184680
1216055
1241935
1278529
1278536
1303261
1346602
1390277
1459029
1492061
1555344
1569122
1610572
1687841
1742073
1763932
1770115
1884870
1889058
1928223
1934313
1960330
2099597
2239532
2244966
2254547
2299252
2359868
2372601
2377646
2378581
2451084
2468555
2480645
2530412
2659592
2707659
2802024
2864859
3011765
3027270
3027603
3047700
3096153
3098556
3292762
3309066
3341031
3365710
3385021
3464904
3546820
3629437
3668254
3742738
3768362
3781855
3796251
3836835
4337010
4660499
5075735
5098495
5114043
5123500
5485347
5593388
5720993
5740826
5859662
6132080
6193343
6237025
6243958
6255366
6421378
6426092
6489680
6509865
6689147
6778174
6848344
6885344
6935826
6980990
6992556
7106164
7301004
7619225
7654141
7785422
7843226
8243012
8428566
8521249
9230463
9400866
9575406
9602813
9614615
10128537
10258657
10601368
10673953
10853858
10910469
11114406
11307555
11308914
11660049
11792739
11951421
11981910
12054741
12189778
12224424
12280979
12484684
12619658
13205339
13392715
13758608
25317594
28575366
30370682
30710093
30727210
30755922
30868634
30929196
31080491
31254487
31268258
31772555
31786075
32216089
32245505
32307888
32589516
32696392
32831529
33184270
33222649
33251172
33379206
33531576
33643986
34194571
34429852
34740107
34947231
35033496
35108963
35360688
35411109
35411972
35697723
36242070
36421064
37012820
37503742
39186675
39434588
40172095
40430144
40480176
40706726
40931377
41132963
41508603
42111063
42244790
42638657
42800311
43550975
44076544
44183944
44804187
45159677
45560316
45580834
45868186
45971272
46583314
47785815
47850717
49095854
51145971
51505399
51772166
51823658
55994610
56609626
58279167
61050053
62205134
232398
253176
421538
2923772
37627318
95168
6966888
37997760
65379
154973
6409293
2234625
6240579
12195791
33040290
2060423
10164238
10944631
11465847
227890
237517
292366
473744
499230
845264
1258913
1442012
2343237
5953887
6249077
6489949
6741076
7643303
8688159
11047522
12290429
12423568
12783940
24071787
51941947
2230308
45959808
8913
9005
115951
347508
368830
408443
691054
1116899
1167612
1330276
2218790
2608387
3182003
3291619
3494747
3802554
5680865
5915634
6564006
6610889
6618965
6730906
7422797
8545001
9414688
9641517
10607500
10775307
10854624
12641050
16246387
30962789
31364378
31737832
31923625
33193664
33471654
36080758
37064332
37430083
38130859
39338652
39510832
39518506
41331160
41541397
47478754
47988767
49569673
51702667
10980
24303
136645
191228
241731
291451
301735
453615
600733
859493
1293163
1841799
2513070
2525131
3080514
3957081
4335161
4533039
7450017
9677431
11200516
36438148
50699876
1193863
71030
83492
365590
387634
394453
638021
872353
913722
1302022
1385152
1663117
1969299
1986825
2150428
2185163
2296223
2541580
2725885
2892012
3058437
3659862
4235112
4235985
5934494
6368606
6681124
7528195
8089103
8539326
9719178
10523671
11308745
11418581
11864037
12230191
12360258
12500721
12554168
13663252
31161100
31957200
33507204
35713226
44738590
48377411
51666913
2147690
27773641
35697249
56758576
8736
14597
17545
19341
28337
30967
37570
41245
60333
75525
97415
102000
107344
114862
118640
125181
156324
158696
163643
171252
187115
191269
199538
249016
271145
281436
369165
451645
502142
608623
620187
747355
760995
859149
1032817
1296672
1417985
1484293
1492649
1577367
1590719
1916409
1929277
1949107
2108197
2253347
2399489
2523441
3177731
3465839
3755235
4924013
4932887
5076703
5086957
5275568
81272
2227849
3511788
3956728
137685
215587
281709
694117
4340014
4761464
5571730
7349603
8594066
11983432
33472931
38180
411946
10411914
106010
752864
14175364
34586949
38484172
46279265
51814902
9173
16514
25751
137199
1436431
9577
17576
46994
49309
106995
110789
139604
156160
237203
10804961
15643337
38079774
2762759
32088
1751859
8897
9461
29866
42632
75996
478192
711013
1093817
1111170
1704078
1799685
1825485
1952810
2268657
2304430
2326226
2384855
2850306
2994104
3012918
3677252
4031400
5048381
5981254
6271494
6671370
6733289
7225786
9056792
11170536
14131937
15786076
32552961
36711005
37279411
43295105
988
8925
82907
168513
178185
242096
268191
324457
364815
445020
702515
1050627
1258802
1314356
1430686
1716291
2786775
3499565
4036591
5864645
5996961
6109718
6126818
6237217
6476291
6607567
7382332
7387774
8367497
8700390
9048407
9798991
10144811
10703604
10864575
11254426
11846858
12282229
13150098
30406072
31387401
34932815
35680018
35990687
38716965
39467768
40377373
41405837
41930050
42678281
43198631
47235573
48489999
49863703
64218151
3808
8966
8974
8981
8984
117197
140525
163421
188965
201868
236948
365839
448507
558967
652990
898496
1366596
2160654
2269739
2455594
2631657
3352359
3619627
3809007
4865350
5921924
6822548
6888619
6940070
7108297
7136372
8677701
8965855
9159373
9464686
10368365
10588196
10876763
11599219
11772208
12278578
13434646
23611165
31023428
31282262
31670903
31930832
32045017
32305580
33253458
33496081
33922784
34455038
35003365
35040603
35194231
35562511
36032248
36033417
36159596
36515053
36542954
36734946
36969435
37131442
37132532
37162260
37232652
37283652
37464372
37578170
37900307
37926640
37942492
38006020
38108989
38112160
38207810
38287655
38372572
38377645
38474094
38753262
38770821
38842002
38849521
38869808
38875431
38902627
38987559
39265407
39279830
39313475
39313943
39330530
39358506
39377248
39444251
39505753
39560846
39580528
39617488
39633485
39757627
39775483
39779287
39880024
39916351
39937447
39938224
39957797
40113539
40133386
40151040
40154276
40154493
40166292
40171693
40346388
40416604
40659662
40696981
57779323
42649
134410
96984
606140
7611702
9356431
13353769
35337280
46045154
17514
2651044
111724
46333
3043913
60782
65769
98908
45520628
60088
103253
178234
190693
310406
1285106
1325660
2250733
2351963
2422639
2592868
3371030
3776254
3788927
3790307
5445515
6226259
8762604
14388665
32725304
37911884
42188098
45618113
49742393
2594867
108963
1624688
1788767
2012319
2344535
3467320
4188247
10163148
10687630
11974608
12234069
13314901
15791780
33291380
42422321
45066689
49149780
49331489
209523
755655
7578293
8309346
33749029
5091
9236
14742
23614
32489
33176
33702
82681
97877
103911
147523
350390
353359
551490
778867
813067
831657
906237
949634
1001237
1253036
192310
248891
2290520
7328978
8960097
965489
2902781
36734793
50079721
120754
195659
773006
1347721
1822456
2085512
2761555
3347874
3481065
4074454
5842597
6185556
8244491
8475764
9213224
10904274
31656383
34641457
35162912
35285396
39869572
40009695
42909227
45385876
48710831
51798269
52313595
60404456
64290240
946380
1546604
2897604
4928248
5713203
6071364
6207609
7826115
8702238
10347033
11625685
19807006
30717461
35951976
36981953
48989058
49249973
52540765
2629032
206117
2044981
37983
947831
1233928
2794019
3118811
4762635
5980642
6777185
10479609
11559892
32301395
33495230
35413851
88590
200163
262919
1716775
1898448
2516952
3000731
3008651
3626964
3885305
6019857
6648476
6827811
8077789
8509253
9178866
9553467
11333125
12515686
34408558
39226229
39379889
43430210
44461778
45553651
49090572
2567126
2094129
3427181
125180
3869211
3752
7400
9442
9958
29772
70368
83954
111142
222784
441240
1397320
1455188
1648597
1970095
1995906
2223916
2503151
2714820
3518803
4001965
4291962
4954789
6465851
7304993
7562555
10826535
31890578
33396151
33991387
36859126
39094224
39467143
42180938
42318016
51747808
54520744
72079
176597
207687
254255
301801
353292
367105
867158
928723
1084205
1362845
2463121
2761554
4857849
8958935
10393987
30712222
30935994
33147039
52003920
25208
317963
1160126
3029230
8313040
30250
150408
239420
720817
807768
5738591
11006945
88227
688911
3721216
5974657
6390693
6821827
6856394
27823580
62397218
10433
19637
22490
44909
54134
75527
134813
170354
227794
247184
370241
451117
455240
493502
805161
816542
833875
976228
1140287
1195721
1383259
1387255
1455525
1601613
1729626
1804105
1858035
1863267
1865366
2043914
2335878
2358699
2416560
2509258
2594478
2908232
2961315
3108215
3151476
3447133
3831209
4414907
4427188
5010869
5053376
5642696
5745444
5856274
6170222
6211563
6257965
6312071
6536145
6555021
6735034
6886772
7418200
7504104
7514413
7619796
7750706
7864123
7868994
7975704
8343772
8541105
8684782
8740964
8779854
8809550
9358140
9726205
9872820
9890713
10019587
10164925
11170305
11470677
11610269
11653715
11842469
11933365
12225457
13122505
13395516
14048161
15454896
17144893
20511449
21250275
27927939
30537550
30969313
31963355
32275778
32692988
33076538
33271835
33484655
34131847
34211906
35636155
35969660
36913441
37750842
47285183
4337979
52594363
13823
30741
112325
9568
417603
606270
1181401
2887943
7705039
9612
22404
113265
165925
178777
194755
202673
263079
356799
375535
429621
432968
519191
648711
1080852
1173489
1228139
1283964
1380481
1395191
1400432
1441831
1472081
1564231
1703247
1762157
2069595
2131362
2132967
2252644
2375009
2459846
2556157
2599256
2636855
2876461
2885276
2899030
2936340
3014986
3026622
3191541
3193396
3572800
3682346
3776454
3801861
3810626
3888654
4113411
4297549
4374174
4389391
4469756
4647569
4887167
5065734
5104057
5566324
5567684
5951556
5960816
6081485
6124680
6136318
6184306
6257597
6323848
6405291
6407058
6441279
6469147
6601502
6654969
6711890
6818389
6879722
6942577
6968084
7124832
7146741
7169124
7390730
7587391
7712998
7863389
8322518
8541376
8608664
8759386
8961388
8962924
8984179
9047159
9086628
9204861
9265415
9416709
9554771
9646678
10002999
10004822
10008435
10352154
10760756
10900516
10971407
11022562
11094309
11192664
11235416
11368824
11559040
11817638
11844677
12062972
12088868
12140059
12238452
12285468
12327343
12395433
12522971
13147477
13367012
13480000
13529406
13533519
13836671
23061100
24566390
26222541
27033347
29389553
30613164
30777977
30855378
31000498
31181960
31345644
31474258
31567055
31584366
31949129
31972990
32011226
32148159
32158527
32454413
32774805
32779686
32844004
32949161
33214320
33228978
33230190
33236801
33335847
33410294
33676547
33876815
34099712
34121893
34291405
34364832
35056056
35123103
35279729
35360842
36323878
36451671
36942960
37233998
37269314
37382052
37689233
37761268
37881567
38053545
38525002
38802740
38828646
39245492
39698689
40048109
40263443
40482113
41592748
41706399
41759895
42005309
42097520
42578127
43719723
43857955
43973441
44606679
44851518
45201329
45294815
46581976
47161210
47338360
50065005
51810705
51861295
55353789
56612600
1198948
2178806
1527823
4609346
22809360
39020
47442
87962
1091021
1393074
1447180
2234413
5913477
6561961
6703960
6771868
6896129
7380260
7466462
8160453
8764028
11102251
13387462
37109045
37294046
42096607
40908
220736
272110
611740
701492
785331
1054278
1843943
1850393
1856308
2204668
2607947
3201306
3683003
3787821
5808497
6574264
7150013
8987965
9225119
9614890
10493983
17486173
18310620
30992442
32748322
40502155
44726664
51887627
239842
3754
14817
23307
48466
96408
149262
259026
636723
1092102
1113216
13181074
42013903
42423
269008
4731798
5634478
6034489
7119090
8752224
32338057
193734
274647
324008
410169
468237
529369
1944835
2601596
2805420
2825966
6833050
4225220
1460556
117472
183840
424484
4969663
11068406
34365528
38217625
40260376
41073512
51764721
1860550
33016
60586
112834
280599
688770
928936
1638888
1690436
1856828
2274559
2461414
2501266
2549539
4452258
5981183
6255598
6983252
7250369
7682073
8604841
11623923
11632495
13654361
37275685
37678878
38016435
39886309
39428
212619
271837
696178
2640924
9818
2223
14903
25658
265129
706162
1141957
1236618
1237659
1657535
1960781
2319983
2641538
2910390
2977614
4285281
4526929
4676577
4774946
6198285
6204738
8197574
8373180
8508979
8543107
8865192
10063480
11862986
13103680
13314599
32532825
32798446
32839098
36633925
40618423
42596664
44319574
45949812
51769871
21267
54310
103456
127703
403055
705702
1187674
1434803
2186337
2396836
3503423
6637822
7498233
13394703
16878288
31170695
33529362
36474000
39230319
41896599
15882
16518
18460
22312
26093
27700
33763
42789
44453
49454
72477
73477
86586
97056
116315
116404
120476
123850
126017
167980
203958
206409
211916
212848
212938
216565
216671
216835
230170
240593
248604
292596
303342
319521
354293
372818
382192
390725
394606
408283
417959
428673
428735
430040
448630
583812
589950
603099
633236
689366
769844
792218
815923
817514
868564
916073
1035527
1162949
1167698
1176578
1339468
1347495
1443719
1450702
1503639
1553581
1564209
1638014
1675310
1699840
1702048
1725049
1733675
1779297
1994154
2018906
2020982
2059383
2066719
2100077
2246384
2292755
2298562
2301816
2325593
2344913
2351428
2358929
2385090
2397389
2520500
2579209
2586801
2587549
2627852
2643067
2644503
2792255
2814616
2888744
2929949
2944143
2964656
2992782
3044711
3045479
3134569
3295281
3313459
3324249
3386103
3401792
3429321
3473028
3540495
3578779
3582471
3655593
3660108
3663039
3729579
3826633
3870542
3923279
3932199
4025400
4299350
4341751
4380058
4461154
4510588
4622209
4638004
4704510
4761964
4886432
5073241
5114061
5121645
5503067
5686826
5869472
5894491
6109298
6162066
6235046
6246117
6264555
6265149
6274402
6331014
6437041
6452909
6486516
6487842
6549672
6553362
6577896
6593487
6686891
6717838
6764761
6795068
6829965
6864967
7202503
7232524
7364458
7372662
7450563
7490144
7533062
7578261
7606424
7606721
7644141
7647309
7653872
7711706
7786189
7810571
7827667
8073916
8096994
8143904
8191763
8214551
8221062
8222371
8231352
8327754
8332104
8498170
8542641
8612884
8794427
8823805
8824596
9042520
9261528
9262558
9328158
9372235
9429290
9491977
9640005
9672577
9712890
10098681
10124746
10243206
10297420
10310616
10346997
10372145
10596070
10615351
10681077
10710818
10764586
10770090
10834472
10856985
10967229
11046169
11060125
11128895
11251590
11514266
11557133
11576610
11604828
11685070
11715373
11931771
11941807
12081377
12142661
12148628
12171682
12211446
12414035
12467469
12522982
13108785
13298619
13311364
13441954
13699590
16100943
18962272
19571741
20950039
24012774
26278232
26448716
30570077
30610752
30669020
30694659
30811646
30890486
30891817
30916536
30992368
31268885
31450500
31483763
31644266
31651892
32062126
32083463
32150707
32252471
32620879
32624456
32678356
32747658
32775263
33052925
33116461
33145788
33259029
33296112
33379883
33590650
33696706
33698203
33703741
34212268
34258496
34306668
34587523
34670462
34678759
34900771
35426137
35537577
35692959
35784550
35933015
35971546
36166577
36287017
36297911
36567010
36876797
36966342
37061092
37507471
37712637
38021216
38302984
38331537
38367226
38493286
38579466
38901691
39028438
39541556
39637711
40049922
40178609
40352509
40530671
40541692
40931801
41337926
43039589
43093142
43487300
44027744
45078854
46218492
46965237
51277974
51700839
51736591
51843524
51884746
52889303
55487196
59213591
60066588
60850625
61052602
4115128
1384848
3161587
21046
34524
238020
83969
126952
9295
4258163
6337039
22683
65236
155532
155688
976075
7390495
15056664
32875788
2140456
3932752
2719428
3063340
3978505
7441425
10254669
38145772
10016
147118
13858493
40658268
27897
121849
1908988
6817640
7516851
10958496
345746
1093804
3114558
7321905
29881
39777
137572
455588
507961
584937
1033161
1264145
1739757
2332819
4849757
6404605
9332155
10545696
10943159
22745002
45680426
51178528
176940
144589
302751
1073442
2213765
2575055
12083397
1397520
6776169
7490241
7860001
4143
74218
86669
116274
132339
163401
180742
261509
434107
581610
713315
1043438
1132151
1517859
1741741
2023214
2186744
2456691
4484656
6169503
6781222
8293858
10184616
10776575
11291813
23608732
30549892
31621773
31649391
34876215
35183374
38180130
42282231
51300965
51824436
58595599
582456
1012801
3247010
3465591
3678203
30369088
34584072
40694341
44134190
137160
2595299
4538640
8369169
10346819
10918119
11733293
12230873
13947804
20166402
34730243
35014720
41608589
273762
49731
173310
181175
216785
220550
349653
2159408
13094
27606
126046
7427304
34766303
609227
31140291
9162
15160
258948
372078
1112669
48382
142261
284522
1069325
4892602
5926266
36838
76142
129794
169807
307606
593933
1636507
3328634
5371056
6154842
13108085
1740
84783
293319
347257
532479
1091068
2549032
3266541
3638092
36477312
37656387
38220360
11682
27673
44639
84016
90788
134279
193698
211214
243403
250973
271646
321556
376373
406449
426100
468556
488629
514053
864560
980418
1104441
1196476
2207095
2335092
2411233
2456375
2619646
2712409
2747822
2910581
3263444
3393584
3589072
3890464
3960662
4018584
4384519
4697336
4781914
5057222
5134741
5743104
6714981
6851909
7020689
7172682
7469231
8106054
8356196
8428787
8558982
8841348
9090957
9229316
9339082
9847642
10204175
10601800
11252670
11750290
11880145
12714420
16196223
20174753
30838259
31209275
31239144
31268005
31902403
32002040
32201076
32257579
32516608
32534634
32700381
34894903
35271774
35502536
36513325
36644672
36908934
37025645
37212979
37415889
39149186
40360510
41317305
41455863
44978112
45454615
52134610
55756527
57832752
58194548
62042460
64270855
67812321
610944
2742230
38292344
5682152
8855164
19803049
1930524
42576420
10689
11591
19574
26316
34948
42750
46511
55787
116907
123953
213878
217703
242083
259123
278039
293596
322572
333640
429155
573616
636358
759127
797571
846314
973060
1194244
1282774
1341508
1396591
1434998
1752233
2046745
2243406
2360245
2456448
2457515
2768819
2965114
3517336
3668467
3786664
3820908
3821669
4955152
5208171
5833996
6168204
6442578
6789586
7359012
7396089
8170137
8258229
8541747
9091777
9643786
11264340
11366628
12032276
12393432
12538799
12698910
12832287
19116949
20915301
21933479
23873259
30410150
30500396
32069368
32185230
33533114
33561818
35432423
36034400
38683880
39676392
40124027
40320666
40355499
44922801
45950089
50440109
51760154
66575910
3282252
8559
10700
1803190
592535
1423909
6990257
12375032
36203983
36445359
2367168
3140018
3676828
30586231
56292
206831
260170
323033
540780
1401933
1650209
1779316
1868697
2193585
2362539
2441764
3018261
4101539
6363797
6479779
6597677
6934116
8150320
8844906
14065864
31678056
32177629
34345988
40868086
651607
1153282
1875042
2974507
7183671
7615197
8001885
8282009
9336217
33165568
33411525
33797884
38074626
39377050
51056969
51735543
51975
1453413
2218815
3397263
4283254
10249223
13230363
6482051
8251596
41808526
175239
416362
1089312
7225131
11956370
42705176
18735
333164
835016
5538654
9561221
10767935
36692254
123202
230428
503948
1847825
3149047
7789409
9523425
17167051
47532772
2088091
3013435
37519897
78486
5697148
31551059
3493897
95856
121324
135311
36762
59972
181723
288712
584709
6522
11753
13703
18723
19396
26245
31081
51130
138511
157923
159782
169704
178222
223465
236915
237809
239361
250339
387668
401491
417869
447038
473060
570395
587494
609027
642393
647696
681579
715623
771812
810320
811644
827491
929931
1001360
1003803
1040581
1072431
1216837
1254936
1286008
1358885
1453196
1522346
1570497
1647041
1654061
1749627
1753218
1786568
2013171
2078465
2087054
2138947
2375356
2384033
2390186
2631298
2794517
2822668
2840407
2871978
2920633
3095358
3124428
3140276
3180214
3239528
3377741
3555961
3595368
3595492
3763287
3769166
3921910
4658464
4704928
4904173
4998656
5639969
5730912
6098311
6438817
6471082
6590304
6951101
7347722
7353856
7542882
8263873
8312597
8420516
8699113
8745983
8986018
9445796
9473530
9591175
9627661
9697290
9720473
10129121
11125550
11179836
11903822
11928606
13182962
14212846
16283441
18441610
30468006
30562679
32000257
32172668
32566747
34202426
34317460
34713190
35134885
35179534
35234059
36501811
36965390
37900163
38465045
39040681
41255523
41372139
41631868
42015564
42394408
45869091
47073118
47611916
48745586
48781914
50275445
51793720
54360332
8646
10963
129825
720023
23588
344016
1421284
472812
4166459
6096530
9298603
10988146
7154
258349
346617
390802
480927
545511
764870
935266
1011016
1044895
1225026
1317577
1340837
1493169
1555019
1740036
1773186
1853239
1871403
1901640
1903129
1922984
2180068
2405911
2406558
2477124
2510244
2522751
2828913
2849987
2978142
3018824
3129510
3461028
3530294
3732701
3785920
3792746
3829944
4941549
4998106
5467935
6184706
6229547
6267002
6353489
6414568
6533986
6568678
6666869
6672097
7052350
7219247
7395015
7547414
7656211
8276592
8353939
8495830
8516942
8566103
8596139
8604382
8734466
9384895
9414107
10109876
10429985
10572494
10601720
10659330
10713163
11232101
11307648
11458287
11801257
11851971
11960189
12474539
12592840
13433493
14176300
25433031
30608848
31031996
31424061
31430445
32064211
33229523
33271715
34354125
34735972
35267928
35782660
39670249
40483598
41461310
42600443
61583188
4294
49011
392011
1291953
1389104
2012219
2250866
2625581
2643464
3187729
3277061
3720073
6396163
6880792
6965816
7139738
9549848
10986368
11035890
34061506
34560071
41693284
44959830
834168
1830811
3945154
6509449
7253134
7408424
7542205
8013311
9049483
10595030
11154328
23062069
459523
1956696
11423670
185949
33817422
502487
81503
199880
2744304
4909213
19006098
36563501
1195061
1898652
3048377
3071040
11295
412815
865877
1322563
1355012
1733520
1821495
2415827
3208181
3256409
3473835
4058544
5134603
5663475
5724667
6118527
6154888
6694284
7371510
7487241
7934672
8688662
8716464
9482240
10467865
11112908
11199139
12234116
14568055
15871410
31534466
32038072
32205614
35803380
36810490
37889902
38764055
40997572
42911762
47330704
51707425
51722974
51731565
53003443
55415058
81713
104014
107917
404998
1095739
2533617
3109348
3402116
5730970
5839592
6184285
8374313
31947173
35787055
39376890
44958002
51734859
753856
4012410
100515
114701
3185177
368802
11703
311360
9179461
11409770
43507397
44547503
31300
71385
140188
8702567
3587548
40901020
81658
99525
4285026
4466929
6871430
7201337
30543067
48403011
60008384
123796
5597
66154
132093
216336
284071
1037933
1053586
1452514
2565790
30993239
40793796
41080266
101163
1444857
32524939
1700161
97079
297148
2565517
491027
3582764
5380343
6454393
38489310
39481890
42609793
46965019
226891
2019001
3954993
42001505
22162
110373
157585
253997
469683
841089
930720
960684
153818
231217
431296
415492
29274
755400
6454346
116687
12656633
13012
13016
13056
33886
192156
827248
4976516
12198
2188677
244638
6005494
21504829
2232682
3203675
10355503
33474436
36810059
12245231
12359
1717194
841277
1195022
3789
21415
128296
166400
36996713
564023
151283
561602
991830
2107494
12715353
37129413
1180290
5559093
574509
960558
984053
1648853
2214226
2869398
2984102
2988626
4615749
9498740
13299265
33951470
39149057
6281956
24715
57611
132837
1136856
16465
43509
52402
186643
3159391
161146
179693
226642
8737345
5108
5185
8408
13009
13172
14123
23883
34108
35528
38386
53034
65372
78107
89541
97335
103657
107868
115202
126553
126648
136075
141383
153482
169333
174799
185861
186771
197612
211067
246674
255731
265109
276934
302689
317053
411482
438905
459430
469670
478626
525742
553598
632941
690752
695697
729564
907161
934172
985525
1393378
1431639
1442891
1444261
1587936
1603351
1632274
1759453
1880773
1907423
2099014
2250180
2835500
3022785
3198444
3485027
3826478
3952445
4611624
7243405
7821800
100475
236206
411292
456663
562313
766207
862261
1045167
1141350
3271755
6528216
6866749
7034238
7452785
8325247
10991014
11046317
30557424
48953484
26393
7838107
8287608
36094792
40587573
3233046
13358595
545502
1947322
5693926
8208390
10978695
32207977
40373794
51732444
53684753
55084645
558988
3848963
5983892
91371
1755214
3574867
3777336
5537349
7238868
7250442
9400249
29714830
34629632
40734044
44872365
48514564
1698397
10092154
51712015
122520
141733
159528
175207
211010
212774
292826
375179
395248
464059
917795
1080616
1669136
1699180
2140873
2485104
2513629
3325738
3781729
4194143
4288871
4992115
5437528
5644851
6099568
6677679
8219034
12033883
12106646
14415754
15245928
27166602
31823128
39750083
40876648
43216800
60858161
1147486
147518
932884
1016412
1238466
1543256
1754227
2801328
2994962
4252352
9561223
10245052
13193489
160317
3508937
3878597
6071966
11440191
12036442
34575706
37035272
670169
827587
916148
2896806
4730132
5874605
6531008
8660719
9491397
30424794
32237197
33454835
35447818
36023922
38513533
40048882
41133001
41738447
43010936
689131
1254505
468535
528674
883207
924248
1903026
2079623
2228332
3142997
5417975
7010596
10174350
10708547
11760971
31977830
50222364
1634990
13459
17967
48046
99648
109615
139411
161333
182683
228744
312959
503280
1569178
2692468
3124955
3562082
4276259
4297947
5839684
12174371
14154813
31159094
31784696
33246172
35050410
50851412
52994132
60616859
33071
33323
45271
47361
73529
293662
296647
315693
379910
458865
585614
638167
651758
820602
1284210
1436344
1498273
1639714
1642403
1880096
1939195
2069454
2913557
4194326
4453702
4610483
4760267
5058908
5076037
5151502
5435168
6177339
6358899
7681626
7939202
8109246
8748261
8996661
9262146
9297101
9618488
9735813
10022639
10313776
11534297
11626057
12036411
12059364
12787495
13161033
13680912
13783356
13818313
14697559
30549002
31299669
31908682
33424268
33865981
34339695
35536739
37680538
37682008
40079401
40576793
40911656
43042239
43794222
44339265
44417339
46312232
49859118
54787594
92137
135086
671741
1004579
1669672
2598457
2656960
4298566
4515989
5476370
5980538
6252987
6874334
7073906
8668802
8757311
10100182
11135045
13137907
14379894
16864134
38578964
40100513
41516678
42457448
43543958
1845204
36462
46794
220095
966418
6614357
67723
85355
348984
439635
528984
1401172
3463947
8474765
30613718
1131444
1410522
1856370
3674960
3955912
4375680
5080447
6209077
9128556
11744841
30885673
35256139
77351
5031091
6248415
11294
41841
50252
235204
927556
6734443
6975254
31613734
31741878
6310425
37610754
39593915
11718
23243
24452
24613
136929
176450
193240
249151
280883
292256
584922
596116
722062
899043
1204935
1256123
1412321
1504171
1684087
1722349
1749981
1832451
1891623
2027544
2131570
2478787
2665680
2870955
2890877
3135021
3268826
3279531
3305970
3768171
4659852
4747170
4865468
5020904
6179636
6544112
6985259
7256080
7258283
7262430
7462598
7569390
7831742
7993372
8097140
8329737
8707100
9405871
9636204
10034292
11181881
11428935
11695347
13462745
13523852
18900499
24399481
30356403
30876874
31671460
32951436
35113811
40214353
40753109
42614190
46240818
47920640
48696393
22791
165070
1092880
1727543
1857964
2691134
3005602
3765143
11174472
904483
1284828
2454770
7557120
12693766
15445
20448
20578
31555
40039
89855
94525
687349
938990
1209881
1258938
3122263
3978332
4578866
7066948
7119941
10923197
11417189
13357618
35759754
36111369
43969324
51716550
53586241
116266
13759
280607
848624
1231774
2215354
3808664
4478930
9286103
10959236
12697521
21149297
45550999
1517316
1897415
279397
1180405
1361619
2090618
3208872
6619153
7900391
14692
323123
1799554
25148
62750
1003954
3281265
64159
32604037
1682856
1313474
6809589
11145557
12293724
33055733
28106
103007
172162
2535645
4701703
4933348
5715812
7406067
8715114
10782654
31015668
31266172
33583373
35133087
61208831
6592
23219
212976
555095
652845
706252
1368881
1823891
4311420
6185620
10253449
11128570
11222676
11489944
12833360
31166228
32703015
55040372
889974
2067435
2974910
3018298
3968337
11453662
39386491
17075318
167231
335780
4013539
158019
13977
1544042
5689085
31127078
496896
2021277
2070970
2555887
2611273
2839664
2953847
3009330
3027543
3051519
3538023
3555257
3708556
3834356
4602376
4752466
5105532
5421800
5682164
5729862
5990454
6072091
6201021
6236325
6450248
6548731
6651461
6851971
6925645
7117510
7322966
7519573
7636934
7641153
7913337
8129424
8443091
8454134
8518864
8646726
8714372
9311489
10016451
10054797
10374166
10979125
11087636
11130042
12246005
12277062
12648085
12717410
12825408
13128336
13380077
13914620
17587516
23377788
25407713
31151023
31403198
31828145
32103685
32109883
32729795
37407884
37654583
38225954
38238533
39483012
39870091
40165082
40472187
40648935
43486551
45203944
47199468
47961199
48178075
49335783
50402594
33290
402499
464470
1835448
2212302
3761968
3768164
4751933
7515273
7937710
9503912
10977859
11376029
23473311
28217220
31905906
32478746
38206484
45103634
9588438
1552218
6514070
8715109
3661445
10461394
17272369
32082533
43794393
50740962
1009864
255370
301675
52823
160461
1823059
2929916
4334542
6077685
7716664
8448490
8941492
9146840
10397268
11420234
11892231
40918953
43377343
57892329
1596940
3388363
4389161
6913618
7929185
10979470
12036917
1192191
32948393
33327
102239
115596
190459
993407
1923518
3380473
3397553
3815799
5743747
5772940
5833438
7073410
8093469
8309465
10346258
11965377
12662936
13288359
13352283
13379387
13742913
14367363
23674628
32449752
33398752
35641794
36144403
42127208
43712432
44485137
44927141
47038552
48206046
48642369
51745274
51770574
51866536
51911298
52231795
56045269
56190253
58010512
59274423
228715
2593586
2633865
4907008
5076635
6519702
7004676
38345819
1784
14224
2874807
3243801
6492272
575881
6906369
10373139
2276570
11838121
2891201
13650145
37046372
4449617
8748919
888334
1607424
715089
2313078
32582
44435
88216
162187
175455
316780
707718
851773
1033089
1462785
1670616
1782130
1849379
2087189
2132670
2343970
2449559
2482470
2732609
2745703
2815433
3396543
3730009
3810380
3928236
4192749
4747827
5389508
5756613
5815529
5831671
5965905
6362499
6505338
6655755
6689524
6776231
6898231
6967244
7011401
7218680
7296090
7354849
7658540
7747297
7878956
7887950
8039832
8114920
8172744
8377172
8563842
8708208
9446349
9534838
9991984
10537571
10649334
10704329
11223179
12229240
12316608
13649854
26234687
30619433
30785764
31186689
31480208
32286670
32472666
32729196
33133243
33266812
33380845
34365480
35016651
35391937
36343328
36517116
40036149
41692453
43735016
43787063
44700951
51705467
60949510
2885129
7861730
10998778
30780302
33803539
40411085
51720706
5666655
6133853
1263454
50692339
15244
28214
30666
35990
43697
123586
211505
322013
478570
593581
599936
733471
861592
1324281
2658071
2803422
3040509
4460428
4949333
5340005
5865178
6495797
7072229
7211377
7747261
8245096
8474711
8845431
9070746
9558411
9658202
9768461
13946906
14194525
29787580
31412136
31691747
32280455
32845881
32930678
38657292
40285231
41473136
45079090
49089984
49311844
49815224
58224569
48679
103947
169555
238777
246037
247461
252792
278057
410816
413217
464026
490391
494669
897800
1040599
1073977
1244696
1297966
1346979
1370503
1539287
1810602
1823116
2496640
2632496
3071384
3350242
4372880
4382142
4541102
4754423
5056149
5473701
6127122
6248736
6523358
6697150
6722191
6736194
6994314
7274497
7505581
7818464
8105293
8321737
9320138
9614083
10232436
10452860
11099270
12480983
30355933
30942386
32639020
32868081
33839949
33930668
34242104
34693217
34903102
36226958
36694368
39969317
40352267
47586054
48718880
54655495
148965
923662
2861374
2092
64600
169540
1543464
10788
352383
1868649
15347
1322271
2599155
6565614
7212
783593
2170582
2586289
3453814
6083721
6133205
7267789
7393874
7541093
8185479
9614362
9628015
11151092
12324544
12693795
13273801
13778698
33857890
35093134
36356190
40582835
41064771
41435148
44806246
45037246
48364094
49506848
49782879
55982209
3838398
10893876
41657681
8240486
45499
16646
71560
72755
97906
101396
110974
131862
149452
202631
206172
320505
360493
368436
413524
414852
497470
550264
552049
612759
645378
683117
701298
782291
858278
900311
988521
1099820
1107565
1123403
1228990
1284150
1294410
1368777
1380177
1391712
1398271
1554589
1601691
1612581
1681043
1689968
1693819
1761519
1776300
1788398
1839465
1862752
1883777
1916531
1933328
1948600
1969137
2058817
2108574
2244723
2325705
2345643
2542192
2553888
2566138
2589484
2790117
2809096
2811063
2822241
3038817
3113569
3116815
3119847
3155586
3186742
3207393
3277127
3392611
3396180
3534852
3556325
3619206
3654039
3658510
3708047
3773311
3781884
3795403
3860661
3879002
3898594
4389604
4418990
4423533
4439642
4459154
4632964
4666720
4924158
4932815
4979938
4982996
5150275
5360981
5380783
5438635
5660011
5704085
5753560
5780261
5952912
6071485
6207979
6225430
6236834
6244081
6247995
6407859
6569879
6576644
6636100
6667965
6713059
6768421
6782498
6797694
6805647
6891448
7077606
7106293
7423742
7434913
7520566
7545144
7631091
7731730
7799523
7814161
7842049
8157535
8210292
8277868
8286910
8320433
8363039
8431040
8459790
8467562
8657693
8676273
8708259
8742880
8774864
9069375
9192827
9220661
9310118
9329673
9377101
9396471
9486471
9583119
9605050
9650271
9890185
10080733
10150841
10163820
10369935
10447062
10452699
10460588
10494105
10562640
10618442
10678059
10731762
10798217
10908789
11075889
11102013
11416667
11430030
11578830
11596378
11651155
11711706
11739822
11763341
11934817
12008017
12061233
12149553
12197720
12249886
12338877
12409250
12436267
12543258
12551678
12793281
13203862
13254141
13287726
13624639
13677803
14395091
17204801
19122635
19960606
20186959
20726399
21955773
24003268
26303064
26650915
26790700
27476030
28394294
30512200
30739650
30838771
30871353
30959400
30978954
31072217
31242595
31301973
31415275
31439793
31443055
31636827
31682282
31888096
31994518
32108776
32202566
32421663
32507220
32514099
32580680
32809134
32932996
33056927
33410290
33522210
33559500
34076070
34088909
34151993
34411120
34589050
34685967
35408917
35452975
35658630
35677744
36035355
36037649
36393300
37252012
37302689
37864287
37924675
38376530
38639180
39229239
39499609
39823490
40157146
41422055
41789023
41828709
42491507
43504071
46289834
15144
4925550
20918
41002
54912
68668
92767
167876
283028
358340
654677
1053473
1551170
1644198
1848315
1990899
2050702
2188283
2418135
2426754
2631978
2884355
3070952
3170558
4407791
4412905
4632400
4689600
5163774
6800853
6807170
6856708
6956471
6966910
6992523
7643752
10647125
10779228
11404213
11407037
12502934
12577026
13376482
30621121
32100860
37158960
38433162
41769232
41781783
1157208
1396248
2978267
2990972
3575061
6512532
9316812
10440273
11101789
11249069
30495622
32581749
36615587
25241
96668
956024
27884
595871
617915
1749826
2490127
3463266
8647146
11155834
12628900
13234050
36021506
37187694
151223
2576614
12194082
7968746
32706700
24406
62040
81358
152517
343243
483085
1439626
1525507
1755737
2058815
2925476
3753417
4739743
5098539
7319240
7855954
8148013
8155183
8343843
8546745
10924961
11480937
12236611
13369038
13681118
14194083
23238064
24729929
30487106
30798947
30821495
31433858
33344561
33801117
34601364
37334845
38606859
38996779
42742025
42832591
50549880
52153567
15904
681519
3297341
10479
541437
1452686
1732753
1831523
2546569
2563233
6013871
12322858
44429117
15462
98010
2987452
4276268
1267241
31643369
42876126
149006
9608669
2462836
20987537
132936
464716
482210
996145
2194940
2793894
11628399
30370435
30496027
30966515
40518962
41410558
6961068
574143
73540
51711165
3136076
8397731
40814872
49490632
45431
68524
79048
115692
204901
299293
416845
934898
998614
1566237
5070770
30849231
51766340
377890
30693057
4626683
15700
37345
5690906
6206975
10977842
14755326
30957172
34364230
37981118
6665681
13546164
37732021
24345
7270027
226706
1192962
1712959
1746472
2257921
6815033
6888350
7378775
8753920
8805181
8845407
8908375
10708232
33006704
37235582
51830611
5764804
6712666
8651150
13196334
59389408
1109330
3457044
10433820
2378683
226677
15881
685421
2712156
4074136
4770555
9742282
30888056
32448517
50614505
26054
6861326
269400
22807166
1880
28538
34966
149038
160792
602668
2001265
2785736
3407617
7746857
10389930
12554446
37277970
43461687
3764204
17010
1783204
3007845
3162439
3333438
9057622
30526915
32035308
37155807
37599062
38215098
41304745
46946499
684295
62449930
38269
38315
34549758
37443674
1296086
1306555
8181989
9508259
40110584
12700678
169616
243516
17247
36456
82059
104292
153927
306227
483795
490699
522654
756872
858019
1247314
1854616
2015109
2064464
3939367
3997084
4220471
5047433
5089551
6071721
6384239
6402655
6595995
6743538
7423631
7596452
8275094
8666424
10153468
10577603
11606346
11752262
12547839
33291119
33349537
34089654
35955771
37316710
37636876
40372699
42792150
49073534
52486561
49342494
23728
23829
314929
1997940
42863594
31089
73589
3389248
31360135
997754
7561644
1603332
30720507
5128728
6972578
11452306
12105653
2197905
4861095
6967715
8720709
9263134
11650150
13612256
30510690
33007500
33343957
36221391
38245456
44527263
45192514
49220103
51153103
56224916
65025519
9613507
4765860
18860
2888163
9491531
60302689
2089953
3644781
38319559
48963846
66420475
10696834
10793343
4773939
38921432
39688460
55581137
26519
73180
90005
192806
305559
428035
2335054
5975632
33292551
34636471
6817846
31126178
91397
4941779
9168253
46501
50581
115567
214209
302843
324024
376243
1417555
1833199
4693089
6735132
6939866
7668813
10621485
12329620
12710177
30715083
31380008
31660353
33004869
34841893
35650538
45204414
45911364
47839400
49098965
50276197
50415585
51217888
51734994
51746478
59406969
2410333
9737100
4257141
4860386
13108564
30650203
31143697
39170775
64648
202440
213094
339737
7154373
7609891
40725517
92865
288487
445936
446848
1117845
2859734
3501794
9484414
13675840
88878
526097
5909628
11900
1596977
31420621
33294297
57036364
1681972
2651618
3083506
4530447
5800230
7304087
7627650
9035888
10149819
10605636
11866901
12200080
13382922
31956822
33191537
33802744
34001136
34117497
37860676
39045998
41981948
167322
7923964
37727458
41655738
20259857
29114
62708
163391
409111
551041
643643
690678
714897
804005
926998
1000873
1100341
1189438
1212159
1327980
1330277
1400215
1434266
1519580
1598518
1723154
1788723
1837152
1873950
1968112
2102729
2573769
2741908
2845853
3016248
3677680
3752135
3791842
4032122
4758574
4763953
5664644
5842755
5892351
5952437
6100051
6303779
6486201
6712300
7114549
7474514
7712307
8440208
8785050
10673468
10835317
10989635
11365550
11657366
12200389
12677677
13570675
13869285
17788202
21617547
31631122
31720530
31957683
32046624
33759632
35151817
35269882
36003135
36606639
37314196
38436705
40321890
40414372
41798400
41806326
41989428
44384656
45567691
45658194
46153858
46510027
47112451
47769672
51149747
51706895
51750726
51822752
2079770
41366110
51761173
5541
152413
1311259
1335814
1925624
1983487
2887293
3064473
3643899
3812889
4423104
4455607
4492399
4659383
5106639
5685932
5864801
6176237
6201371
6501135
6669533
6955424
7027497
7232822
7610653
7970402
8417571
8520569
8736123
9527693
11147888
11432661
11466118
11779209
11890049
11890533
12201852
12391704
12550422
13172575
13388059
31321228
32817051
33318370
33391994
36852033
37265065
37461269
37580906
38781708
42012478
44033935
48576973
51857556
53720776
54007106
61124069
17242
93462
649281
1840459
13178056
64550
802070
3480170
9470063
10963207
415999
2445944
2989260
27268783
1187007
4998082
6095396
8403714
10909054
11246717
41819081
48657296
41526
3425281
4759369
5681866
33229143
33307387
53627682
56567664
4990422
12242635
42599500
323245
2386360
6255614
10794898
39672800
42072059
250243
1306687
259217
313062
1861410
2291366
2489379
2674622
7734297
33779487
10170153
12768890
383377
2190270
3346268
161401
2638011
29166
2518235
8671343
332903
7303658
8441679
8755313
51586983
146404
3368709
36097
152103
3006325
36554946
37848355
385413
1494012
3148951
3402652
5262746
7052747
30528795
31132410
33353328
78087
329310
703164
1173799
1236741
3833521
4578257
6264765
6457619
6559656
6598795
13900719
15407208
33164083
33560742
1849620
103507
3750882
7244912
47762121
34560
37811
38136
50204
1392894
1761663
2468240
5421093
6094188
6582317
7681871
8241929
8657286
9170011
9360929
10078152
10682313
10764645
11062938
12062453
12279801
12431339
15575282
16098523
17963169
19207665
21417900
23993253
26208040
30623605
32459001
32459858
32508711
33274708
33317758
33577247
34208465
34486822
35039793
35739905
36009782
36133886
36173772
36286104
36368213
36653812
36694200
36843750
36874166
37206191
37354338
37590249
37603413
37697909
37826902
37987427
38007081
38009861
38111454
38145479
38156958
38165366
38219231
38242757
38283699
39116522
39159315
39184654
39333667
39455844
39546290
39584484
39777102
39792641
39906801
39962883
40067517
40392632
40435259
40451104
40452887
40455304
40517233
40529253
40551945
40558745
40575368
40703416
40731923
40758354
40775389
40851806
40866464
40891107
40900420
40947636
40950784
41028707
41029560
41188638
41198565
41199418
41228828
41318180
41333251
41337535
41339657
41460727
41478892
41533559
41555386
41555622
41667185
41692290
41693512
41721049
41751443
41762166
41786389
41826399
41837523
41857797
41948588
41948679
42054212
42144491
42198919
42199039
42199406
42202886
42218129
42260989
42287484
42289476
42319314
42402724
42424188
42459167
42467704
42542295
42578270
42590722
42591165
42591957
42597755
42664818
42667624
42717250
42860476
42893380
42896941
42912988
42914995
42928480
42966393
42978984
43005478
43036264
43095945
43140862
43164050
43235952
43267988
43312879
43337137
43342211
43428069
43438261
43455909
43490148
43579866
43590764
43637721
43671358
35296208
5330
709045
4925551
6809943
33328021
212904
6094479
142095
1029559
6993
105245
4677287
11846344
2397265
10823727
413950
6328896
8540030
99701
10214608
35269810
39602047
4388965
19631
6220334
7449
744509
778112
1296368
3877754
6460196
6589602
7571703
4725199
37232975
2693795
35698920
61520
2990072
4267823
6522305
7261258
30542227
30888624
34350681
49113441
1989910
6693452
150786
9065222
14107
1535413
72593
242310
684881
1388735
660730
20646
132185
1848062
1999666
2566594
6246453
2348137
1400170
7504
28238
75784
135609
146479
298216
486286
1496457
333430
721496
1372825
1601788
2264342
2318098
3366326
4523249
11396051
32704838
36968899
2680893
2790022
32811485
32976612
5915876
20463
264583
32647585
40172211
8619350
12278327
27054
51462
9043047
537830
8980965
43212473
48424828
48829949
1047136
2658546
7312499
9452
160463
416470
1984346
2101941
4434808
7496247
8339656
9801390
10006233
10934519
11005520
11455903
12994858
13126897
13644768
31379577
31526809
32837110
33231330
36095602
36199808
36321493
52269101
998909
1203278
1998915
7693333
32469201
2233171
2030210
4698319
64430
2072970
2420124
2887316
6094556
7725779
7944765
8503328
8786111
8869893
11415608
11648628
19608850
30755779
34932375
35965079
31781760
246704
1690460
39909172
31011
11043613
35666357
51615621
46752
19660
39240
1829788
3047424
4683747
1013929
8753435
2162390
2978963
9510187
10894410
10911571
1475147
4526973
6264785
8195305
10006746
12112676
35676185
11672802
33526583
47643801
31291
13957
3408060
6855282
29819
6930333
12533023
2563810
4759362
7412388
10257436
108809
896092
4710443
6112922
9050307
211625
751321
1518753
2315498
2773921
3305923
4016174
6511786
7423171
7928031
10522000
11922383
12710853
28478554
32091001
42580007
1126086
39117005
65687
294783
339954
705671
972440
1145557
1307157
1412215
1447333
2339784
2840963
2980819
6460932
8162896
8221635
11556981
31785038
37679054
42714885
46697480
47374713
47724580
48507615
49431225
51414130
51433374
57476492
57887065
62002054
1979898
22234
3721736
2649544
266602
32051375
4443880
177657
10319567
22626
1127410
431611
5968200
6153483
8728648
995311
1902583
3694125
4000310
10694987
14299573
46624211
48715454
6971474
237735
617634
1748097
1752768
1970818
3588952
6854027
9621687
36249496
39406402
40480462
57134751
1752643
7442430
10240112
11308390
12067875
32500227
33198341
46656357
1352190
36646214
209009
2682790
3121348
3464820
7430157
10426374
11473050
12459031
30956142
31802477
36439499
61780
141101
146072
470500
1073509
2249802
3169595
5944710
6286926
7633471
8002348
9226871
10993886
36884855
37859851
132192
296419
2725557
8636187
8663363
9443455
10959725
11076866
12079667
11019344
173394
183773
255529
2329759
2833470
7235117
10518197
10883511
37763305
475868
500558
514928
971486
1802170
2177081
2375857
2780090
3551403
3751028
3981306
5202922
6272763
6807365
7380059
7531095
7782094
7992039
8253754
8315794
9256721
9390142
10294726
10457283
11132616
11429040
11503096
12166917
12238356
12417706
13677731
28407803
31787627
32345285
32354915
38816951
38873241
50184558
5494556
25463
6264574
85511
7478560
8352073
10980274
19818475
31675428
4941171
35379709
1312153
2291933
6196137
38450910
49248950
40528
40800
80401
371569
389843
708342
1122357
1450497
3842159
5785737
7880092
8184928
8845005
9587395
11563233
44865908
6126889
33616739
126085
1160623
2745899
7648710
11410803
23107
2367874
5692399
6866048
9522716
11478892
12216407
13408635
45851521
48670927
7149450
13373597
42140196
46656600
31576175
40043424
1629541
23145
23146
9141989
10478550
30743231
42834299
1696808
2529524
1569
40868
401256
2537109
5965667
6761384
7424638
9040440
9404584
27028702
55404287
57034765
61113528
1515113
2933125
3976134
7241877
12589488
33907132
41014710
23983138
36691
1284424
2484641
3092734
7212172
10792105
36326981
36910820
39316774
42624187
6935490
239926
9130887
10353127
35691711
475246
39696
5067464
9354
77341
34972088
3417336
184073
229603
340433
664181
681271
881105
933213
934654
1159815
1230153
1296565
1365824
1650060
1700786
1760083
1809861
1818860
1951708
2001732
2032034
2051210
2057885
2174106
2344169
2348794
2366516
2405820
2516391
2558128
2568739
2572691
2717588
2863215
2878788
3045281
3054954
3526598
3628337
3692085
3716396
3725513
3820379
4266103
4382988
4450501
4516734
4529088
4619570
4663207
4716723
4747231
4754161
4876030
4926863
5037756
5051622
5085382
5097517
5099998
5110521
5116537
5418664
5597114
5866465
6185824
6187255
6217884
6310255
6364878
6408852
6428058
6454419
6537348
6548784
6570061
6575362
6577942
6580543
6618591
6638013
6648215
6650230
6669783
6795356
6818087
6829938
7147891
7176328
7361495
7418581
7471000
7480351
7523703
7742854
7766797
7794951
7820145
7829802
8084533
8108156
8164159
8181737
8184282
8241216
8291951
8298604
8315559
8403331
8532951
8555943
8611693
8631258
8646954
8657607
8721876
8734683
8832051
8834286
8967519
8983078
9056530
9058106
9070567
9076427
9126504
9163226
9171049
9240333
9310207
9359351
9406424
9443468
9564533
9620752
9644952
9751968
9816818
9861856
10003444
10035117
10148638
10152635
10159024
10164765
10239266
10388739
10516273
10561428
10784022
10790578
10878444
10938845
11037760
11038925
11326530
11354044
11436667
11449324
11491234
11495872
11734536
11873403
11908809
11958752
11960278
12026267
12029949
12092997
12153958
12187018
12217717
12299365
12429750
12440407
12476223
12483824
12518159
12581630
12740503
12761840
12784989
12978146
13333712
13403911
13410118
17203091
20658171
21296982
21716325
24254619
30373810
30548791
30574750
30604278
30692379
30772213
31115090
31131648
31278247
31373702
31546937
31588327
31592278
32558253
33329855
33334515
33934756
34781899
35814878
36280358
36637202
36875246
37043773
37160554
37223157
37918848
38081593
38133051
38602873
39166239
40139272
42345501
44387879
51052596
51774944
53780760
55921748
21015
27838
90292
127680
144574
186150
342043
391207
419142
934537
973242
1548497
1607413
1909129
2014509
2066320
2154637
2184470
2323207
2601203
2868892
3046461
3291062
3434269
3539290
3682335
3702060
4307416
4415782
4511435
4747018
5637295
6323555
6592238
6934690
6943944
6982660
7292245
7611329
7640445
7752865
7810125
7946662
8188506
8409310
8695488
8998265
9171157
9315827
9455799
9563038
9672993
9720505
10003418
10300359
10790141
11034998
11132150
11173552
11255571
11315491
11539824
11634785
11816639
12124265
12148240
12424358
12552578
12688344
13313845
13712310
16501468
18816724
23735889
26000787
30503529
30572371
30910060
31330123
31420542
31471642
31601464
31626586
32094227
32480140
33874627
33890393
34006281
34424392
34839420
35056228
35162871
35410304
35655071
35901562
36212033
36299864
36513060
37274592
37476699
37563980
37757796
38788000
39015168
39268691
39419635
39463268
39476263
40073827
40216979
42593569
43342364
43908009
44305709
45395307
45565716
50005687
50124565
52757938
54204530
20942008
120835
541280
1384195
1824573
2378456
2962180
3568395
6468139
10657027
13173476
33334145
38987302
42642371
11770176
31283401
9554462
10614079
33529064
2939868
15342069
31534190
26957
91918
344876
2513990
569600
708633
717989
2136478
6245625
7528930
9134038
9197031
11877914
35874892
44958798
4431007
3876902
4124707
32236696
42433705
42957493
1876309
3395593
8536923
417948
41058050
41811
5782909
4009
24366
127974
337217
502804
855302
1026197
1073267
1224211
1397228
1477336
1483137
1542942
1543515
1572455
1667058
1669927
1692928
1840017
2044435
2082867
2131421
2226660
2577853
2860949
3021563
3030424
4749259
4995396
5008989
5120362
5521472
6084140
6315769
6418280
6671006
7067992
7210128
7480014
7580273
7919062
7990646
8118868
8371600
8556585
8856121
9074412
9224725
9255671
9368199
9556120
10277773
10287794
10386572
10623138
10801892
11286675
12064669
13209729
13259989
13291116
13418373
13681569
16009850
17031923
30395672
30399177
30614675
31416764
32028842
32408641
32472889
32752360
33732188
33778947
35922117
36024838
36040973
37410868
38323317
38792040
39335093
39869526
40860653
40929142
41932145
43096392
44498135
6985
8179
9211479
932993
1354389
32262729
8792650
713129
107546
25121
10419124
872750
3166702
1871825
2518660
6494805
12183902
12491153
10392150
13288067
33578733
3139310
10836152
12137773
13166912
32584158
48603725
24886
462474
10551446
4028
19620
139887
1633023
2585355
31029858
35889041
38003086
38437727
39570102
829046
136576
264085
2965901
3488696
5113040
10047257
12196698
40601055
52356656
679139
1465920
1592619
1848856
2350733
3904240
4612922
8780296
11370210
32646390
36148432
2652862
3491081
8682839
3539627
25797
55533
73485
12263400
39964805
114374
218404
2084
11965136
29897806
1883976
4617002
8705705
47688999
25697
25865
32275355
3079846
4458481
7881512
41412825
42644397
52756164
68149
11058741
56163972
14105618
25960
87825
404491
2203429
6697341
8712227
132827
34244119
25991
124106
125307
853219
1049516
1727689
52423183
3158078
123757
162491
476798
592026
2508450
5500899
6267778
8559471
12413553
32164491
32644174
34587672
36375455
36881248
26158
217468
9725113
11624794
8075364
12167413
45315632
3378133
5707606
48693146
352773
544996
995470
1494563
2029391
2317043
3211690
8161446
9381508
10066738
10606953
23914744
34146742
37007919
37496463
41103542
42704596
49071709
49196926
50711155
89925
161807
361664
616009
3190720
5029917
13227386
39343681
1451791
112931
370273
3300218
10903389
11047996
32424524
32648433
11012362
32857
3472165
6755948
362210
516896
11027946
379783
26598
63119
107239
128363
150858
161185
422527
437024
631006
648291
670479
938741
1664093
1793838
2201940
2664522
3269112
3281374
3794645
4636451
4654317
4780565
4867525
5404567
5417029
5744639
5953358
6479534
6766042
6825399
6861531
7619559
8470856
8806228
9619693
10384124
10487142
10910842
11063220
11204754
11504286
11760238
11842193
12009033
13111189
13144374
13329446
13539543
13553111
13636304
13890531
14035508
14215859
18822418
30953042
31800930
32552873
32691566
33073585
33172449
34567965
34757397
36151003
37119201
38774844
38961570
40538008
40612453
41859270
42782965
43049867
43493495
44405737
44418400
45689708
46974821
48543467
49595984
52416889
54747052
57334236
57790598
60188784
2262926
35455135
3018563
98172
635075
1084463
1200735
2710817
6228024
36807582
22916
2461063
2919472
3290639
5850155
11511334
12395996
44685
7707996
2587633
190270
1842684
1850061
1897977
2640346
2942833
2982946
3902229
7836404
8296321
9324630
9347798
9590205
10015582
11485654
11677930
11754855
12033826
12247419
13944161
18295356
32591070
33717275
35689937
37010126
38475868
42174767
44352729
47796145
60040136
211514
3830330
9707023
31559872
8771735
106770
41560266
26969
8758
1693250
81342
1717989
139476
1242437
1922360
3865238
4538326
9365004
10041485
10244878
11458276
36831530
44404861
36871451
27507
27532
376498
8189974
27725
3689803
4610819
5504993
9067270
40464381
45714575
51842149
645728
2989650
326789
1440528
2975867
35922070
30616483
3424304
8393543
557890
1545474
1759729
4753987
3174394
7215861
10990550
12452733
28408
4262066
1911598
27899
243751
641452
45986712
8006508
10714270
181611
1413661
31539943
33066796
34743169
36474441
41293861
43835441
49542365
15194
157698
163577
204033
269523
299766
332124
382620
780777
1419717
1453150
1657227
1686744
1881023
2296146
2384819
2924588
2931698
2952625
3285506
3302418
3326315
3517564
3800228
4337697
5501665
5688721
5746993
5875990
5940115
6526512
6608545
6623417
6751959
7064066
7185975
7317594
7562222
7563085
8308194
8390210
8476879
8542047
8727274
8765657
9677970
10007005
10169020
10283963
10368377
10466018
10590493
10651292
10876228
11195561
11275341
11809932
12009863
12676619
13126906
13497417
13650280
14309824
21761468
24664639
26292436
32538856
32650145
33386414
33831048
34579148
34804576
35247997
35412796
38106026
38137018
38642574
39562065
40376016
40574987
41747925
42625483
42771400
45051280
45672595
46406246
49263497
50658125
53656499
55866186
56280964
62264284
64860
109144
5417713
7739772
34582851
42092805
1804906
3326661
34353336
308529
3261165
79455
6635386
19199555
5714811
54113
5799322
8458028
13631742
159445
36406074
47214762
11793063
36359105
44178989
28550
28552
803745
3811481
28615000
4192660
71178
544987
2717780
2940742
7660947
8374549
9411261
10643271
43133943
48395693
1068410
44334166
10171
29091
4635525
28859
38996
319968
1646660
4607307
350079
696800
1464392
3465291
7014285
7297525
8449150
8748894
9225899
10019993
10892456
10961086
11966874
13115343
13434966
22459539
26971501
30958462
31260847
31377267
31622255
60939
63760
36802640
58265884
3018202
9434807
6072603
7528466
7933065
7965456
32906132
435588
10669029
20679720
112093
96519
607597
2787556
12414
11862874
31961469
293282
4459275
49244
103364
1859176
11794202
33471
2100626
267083
9405087
96639
551202
87701
360472
3019611
5160188
9554110
52763
61459039
275423
38103879
12600918
33460728
186938
521120
64309
606121
3030180
4597853
5445036
6248528
7988753
10356271
11121818
13346919
31539363
31659027
36419953
37558485
40380319
42539748
45119617
45711278
30612
84502
1290461
1607933
4637141
5102057
6985464
7628741
8751006
9417399
36526643
40899570
43536248
972179
97630
384439
564194
1505588
15141
139182
897543
31000984
39972320
51760150
54571075
13369
1866721
2432329
30829010
55153689
31821486
35250769
697662
1278405
10012215
33348965
35360311
10189770
2028588
7711602
48950170
41098290
2524380
2884964
9623543
13318142
31689908
39408439
396710
5085786
374980
1465804
31060
446339
6337139
7875046
11833202
13433176
36201178
38241200
37810
103252
1913290
2200976
6776374
13901309
10711302
28752
2962725
8463366
143319
2265001
2497483
20584884
7577107
1579646
31474
6842112
9154
69809
151295
10914829
191531
474231
3114241
5583378
6819285
11978130
515851
983865
1552640
2021139
3552841
5189371
13255907
42488095
31690
9392826
48610072
61651943
152386
1452926
2153507
3171954
6086703
8673109
20584234
32257104
32702143
35247865
31817
299855
11010858
1256859
778253
6267935
41128391
94086
1084790
1726541
3811471
4608229
8780565
9073833
9227957
11107197
11423267
38709560
165446
45062
34962349
6395427
31393378
3235127
335480
4993505
10005621
10440697
11832492
18990717
51829361
980882
3512883
2646669
2967907
3652570
30395722
32700223
118
3954756
8956646
32135093
3655542
1675512
47460914
48606399
1422054
1446708
32186410
35792695
8091762
11527
180567
309543
6349791
32356437
25603
14533
1136195
43524779
74936
1655787
20137
13716989
456497
6540265
37664742
118601
2181758
1737289
2678357
3102647
3878135
4010588
5474572
6499501
6770154
6954300
7084255
7395137
7839663
8847790
9576758
10615999
11163774
13626555
33841143
34874864
44828573
50136571
57339532
59673349
2808459
7853283
40000675
40728991
2473136
8552809
11637332
50988
1450951
3334066
10391684
132895
10875
29340
33463
129386
4747414
6906880
33180168
41403885
46534432
36547115
39303857
90920
692728
2092159
6840552
12797593
33503054
212186
13298
393519
1358257
47712742
34309
562764
2019869
31156627
33461792
40145392
10453369
9179287
12346753
31816437
1836595
9293595
11519007
30946252
88003
1746844
2472285
3552325
4908103
6187848
6685964
7353020
11248608
10757907
3856602
3342164
620176
6964925
11246304
33418299
38150718
40410165
49157740
61932
40102221
11490883
35188
11934059
38073603
362067
8297622
10792000
1137407
6513817
12102810
7518784
30940821
37784206
1852324
8731786
10654828
32372829
51709525
2116686
30621077
36226
48344
105135
33044151
23684
3861190
5252545
10336068
17366271
32549283
33660604
701
1281400
2090480
2481430
7209000
8470421
10899646
35368421
41428234
52923450
13275577
56279505
35904372
16004
61560
1534665
4781023
10643044
37222
3582047
34484415
778078
1622815
1917346
5971577
7120113
31329301
31674527
155547
2021021
2623955
40583494
1150592
58212
10012091
4956967
31736910
32612220
32739819
33929840
34359225
42689327
49134163
49165834
63809374
6741497
10170876
4902268
4950841
5904978
6506402
7533624
9341700
30110212
31614487
6649039
2864487
933376
1798899
390200
1253814
134659
2075804
8356460
291764
299781
63317307
51980396
3398272
6459575
43450523
51285413
51961316
7344891
3815811
46729106
9567257
36221004
311719
9049035
11010187
39920503
43798065
3128032
2709704
3523078
67978
2309978
3400551
3674744
13165027
51270494
52732593
10996667
6833360
33433841
6650125
706904
2793942
13953716
362331
1289525
33210811
41068185
33255295
1267509
230703
3778007
6548453
104946
203731
2284055
34010307
38261139
140203
4071098
8256125
2520674
17645
13127954
4753505
6527634
12103086
1974613
3253838
39703
81389
107870
120891
24765
120461
46303656
646693
7047164
7871607
32287260
36614204
4253361
1428983
2982722
5212
525752
3251057
7383067
8087772
9261565
9311100
12454781
22765442
47403346
459868
404596
778818
31651219
41293972
937813
7027968
13304
1119510
41974828
7301199
29707955
7124
8682571
123351
2747743
4258757
5695231
32736164
35198467
44528338
51939690
2853183
6915416
10002777
10162891
32442048
3982771
223922
22735885
37527107
85543
122176
30759598
3220824
3678417
28156
844359
3378344
9450367
15144639
32045197
50981347
1984288
3886948
2159711
3767227
5378721
6414965
8538752
9481290
11308038
13259794
9561269
318596
3899596
7894871
2761175
12797662
30864604
60742236
27228337
2456504
35396100
42026
2907024
44687
8681433
10125681
323865
1861195
6426594
34856916
44969
521441
13629564
17545927
2338662
1408457
7600271
8107158
11562451
11645179
33172786
34965137
35007905
36557905
45273605
2150300
7209878
573089
40595816
13242449
36280787
6324
3626344
9483363
32126469
35911619
2450349
4303289
40448713
44763464
46616
6555672
33248782
39180911
4497108
3514458
44861768
2056496
125336
10813744
47464650
149775
9318431
10766367
712656
767201
30881853
1374069
43151792
43318667
48480
3358373
5552270
9034027
21975875
40449927
30641470
36612745
33779257
33763652
50633
6506275
7354536
251607
1211048
1857603
34973117
3281931
37885127
41310
8037229
8816722
51804072
91733
44379
1689769
50253822
15750
30353747
2578040
36883
3524557
8494065
13329384
36356483
509719
105608
44221100
1912302
464861
49679762
32690533
45305555
14104902
65477
365601
476691
3103014
6081477
7372704
8392485
10425206
13648837
31525939
32186344
35468977
38705495
40353570
40421629
50715827
38564754
6211792
8986693
12344307
13791182
131755
51872
1988762
4976178
6968796
8636138
9289264
11589479
52100
3544930
8249303
13373785
382657
5992191
8342845
45842713
34348356
33980592
38069260
162622
37914581
1396301
697062
1404870
3108444
7746610
8855871
11047802
30775243
951109
33295300
42361998
275218
97772
8414636
61598150
43320829
4847645
8140478
8371444
10322971
15100
268638
7101969
2193564
6886970
3731920
35768052
36605469
6549760
531731
34133315
1163579
6186478
9114691
6450682
36858968
42107574
43482757
503682
53901453
2217415
3174056
5788499
8454186
1240514
62077
4073742
4006776
9312817
44158979
13735347
29165895
35766243
3631281
31373944
11963354
16772
2514617
9297564
722022
114392
4851956
2124821
3561381
15350208
41921450
42148337
49416372
58472597
2638516
34182460
18333381
51843188
229045
5814490
7955963
231317
2399576
6487302
7498109
7582414
9162181
10110692
10274889
10491366
12166093
12496273
14257105
20911330
34653447
37277242
38810032
41827479
51810530
4449152
12826576
37011758
38935138
41692259
42436736
55291475
4673272
1060071
58476627
7509089
3693500
9343476
11329829
37095074
52060383
52155351
12702940
1476209
2961254
3217942
6995536
11049385
18318793
24533527
3171197
5129833
6916807
3026218
1805604
7603789
8353719
9631182
13285402
30656858
33185725
46118209
9775540
10663797
38965720
42049
39624850
6122634
4753842
762878
442872
34859298
9618367
44685290
57201647
51829637
250289
24440445
60184706
59981
69374
4266048
11721641
5421427
2958520
3975623
5014089
12393761
1050700
2215471
11282068
35354515
40716351
2009987
44958998
2113766
54031908
56428662
13959290
24298449
39754122
2039575
8450742
17593
130556
318046
2162744
3587296
7336902
12556446
39257187
38814615
43282450
853619
13537
1011913
36001247
8540508
11022512
51739440
7654851
11668590
24541
30460651
33365610
90950
39923296
61844
38820653
5603262
10523426
3648172
7495242
47302744
2478642
8014076
8823
465534
1596051
6259166
7723583
15657707
136380
6299792
4631860
34767203
34766482
2007782
738884
4685014
44664507
4467933
36952906
37088548
42238
97137
3642010
7241699
53695
4075957
11623221
6131041
40036050
469958
4250855
30819104
2728677
11705836
855980
1238876
1979481
2619777
3317485
5957127
6481596
7622567
8354025
10522618
11433144
12294694
14181413
36739132
41489288
45481099
52993759
7002854
4773672
11798369
33756696
67604241
6505104
8685188
3025520
40294339
1392013
2890263
5085726
10660431
40895477
13112879
1274440
93872
3753907
175507
2213717
473856
2734597
4616249
4962327
34034080
39545315
8460212
397507
397522
1630
10162
6479207
38638892
35027866
40850635
8012671
35687003
3848623
9359776
3783777
3924957
30836831
34413452
57784208
2088433
92730
41082779
45691178
45592
5665222
12167621
85951
72899
60855
1062140
18792901
5386272
7019799
31213904
31559541
2556713
22441592
2520890
9249203
7435129
9721794
2183147
34902
37155262
982463
1600119
21998387
1541855
40563073
11159235
13798253
33363790
34914081
35792229
38245142
38878087
46778315
49595895
709731
1544938
31638895
6974867
1190249
70423
374347
1456804
4436535
5049747
9108844
30427656
42547792
43615445
51296932
159839
2515772
2507300
74033
8025170
8897906
9359837
13586533
35129686
12438779
3473320
36213764
8157736
32742463
117614
2313075
3004821
55508084
10360121
27591072
4524461
63188214
51762
3567608
4255988
256418
1219939
1461241
1752989
1918316
3896166
4340314
5596544
7121177
7904715
8063705
8213248
8709557
9037191
12221227
36327602
38802573
72275
11519702
6142264
12320050
556079
106068
31058455
6210762
3163219
10887633
19929682
33800869
46336
69070
37653518
7916054
6368658
9296039
3472930
30596914
38448854
10956408
42206
448836
35014674
74488
87875
12139477
31700539
35153650
39830720
3645448
1056386
55769184
36006
1987329
39220737
75524
79627
542977
376283
268542
35054390
8169359
30364115
10255493
6578365
16531610
40225118
3620528
30661148
31765005
38299952
51847171
11059217
51729712
17100
6914696
2205793
6176845
27
4558932
76049
8325052
110402
11416609
32134785
7289285
342499
65547
32781297
39693028
47127797
1262019
5957431
2763059
36236890
1595080
5037870
10043006
10402580
10536650
11408003
11931789
12543894
12659276
12766797
16548572
30550274
31173670
32385123
36584019
42426367
207544
820317
4594
362263
4445567
7457140
1462336
2762543
2188014
56344398
512675
4462080
92761
98005
24188
4295346
2730741
32344562
33631080
35700748
41311544
31837528
28195
6566506
39631509
80247
80683
729868
741049
1526140
2867282
6258236
7386065
37447198
39629145
50682598
60996120
6196446
76830
2323734
73010
4343222
8748601
33549993
41052409
48114561
11030404
2851604
12173665
49270638
265037
8931424
6668794
52850177
7072045
50653
3154622
84187
8185
84473
12218102
38499623
668011
7804451
12375921
36601659
1575918
3875309
4453554
32100699
5672
9660694
3938284
5060815
12039721
1669944
33334948
13979516
2815889
6611460
12186507
61233876
1156955
659732
32405193
36224964
41035634
42116
34025906
153739
2791403
3211705
3179441
3795286
30429089
36576383
37369408
38498639
41078402
153469
570252
10764653
38915411
87714
11618623
59531084
9888648
41404397
38953039
32707058
1394326
13679096
37691313
39151835
5795795
6165385
6529638
9029022
36882992
39069431
39498717
48869440
90133
34169
38098721
1086470
1263133
32263823
41105901
50344747
62018393
25691039
34274237
39747234
1225643
2135025
3158386
32473297
40752593
30414734
9266
170773
37120230
303107
3321473
24436
40927
1316880
7957259
40311094
44881766
46926830
48541719
45752218
3376460
42810414
50866061
6822212
11138091
27448118
10079091
93579
14655852
1676780
31963953
43504896
2738148
3237451
3339577
3876144
9098077
34935496
36037895
658090
32867513
1554763
52881
299204
97869
43191302
1135493
39512877
9701922
33478140
8505612
1904731
32056607
34370231
41870111
1352557
6644080
1219370
130472
70978
97076
6130576
75752
794399
6540192
37177657
2218493
32837436
378056
38318533
406948
6737423
7902122
34029017
39409439
32025668
38241199
271583
5688458
11204368
7657337
23477336
100236
29932132
1223363
12214096
32833577
1331151
52031636
20916650
8958650
100647
66349
61016637
49137336
1447213
25317334
3370414
33501018
36154998
33060791
178530
103214
103249
259831
2446673
3725050
6969997
11267439
13144094
33060515
58819380
103543
343363
41860377
10197599
45751239
104367
1251590
36131906
37398782
6128578
12006795
7937212
7031785
27839912
39604745
40758697
3613255
37929257
37406101
35608264
1221437
10921352
51349106
1074403
1384156
4448645
4590672
32410
109509
2635769
23917666
36422523
44521127
8759309
30675267
409151
6408932
606329
32374024
37205323
31761813
36372992
1804380
4981982
1363480
34737054
3229252
158243
6226229
136816
113313
51937712
125543
778180
10454830
4671032
34639509
5958931
14036094
30614690
49620
2479515
506248
2283280
11279666
34909810
174115
13322623
6811257
423278
39692195
7829864
1335829
771545
132124
10429276
35714550
31409048
18625612
34587496
1306394
34570441
34559917
2209261
6244282
11005961
124839
136288
30536734
103742
5459531
450098
11419926
8281365
33239667
34605051
126756
3307278
7670967
30958473
33460617
2774706
31839
7010247
3371369
8384075
31108132
2449874
3538772
128798
26660491
39907594
63187020
287954
34222086
30616867
63401523
12702866
9545393
37152065
4563626
49451440
128675
41771194
55591878
33693204
49022102
134464
21671789
135213
34329131
6127993
9781761
33780235
42511294
42052
137979
46245
692615
32264121
10396616
33883151
1637088
3557612
35399779
4461404
9770294
39898660
9550209
32980010
43615936
6168571
2650924
2917709
10314544
309732
392665
37187416
42708847
128906
47622811
10664659
3593921
49695572
12409612
13393954
2187150
44644541
76367
6700539
39606429
6699175
8235492
39915397
51705667
37925971
11158167
247739
49892435
52010344
2371939
44169244
61173039
209983
154965
4659967
661856
35776629
6351985
8209508
34074254
1332624
1815485
2757846
6410545
38468689
10664620
13629790
179854
60309346
3134524
200589
43909696
60662376
1126392
179482
3167880
31388210
39566879
3793392
61106
73013
239113
926638
33088000
451992
54266671
34757444
2629429
8653523
53594515
3002817
9702367
9416828
34096992
49230
37235280
4465065
3029518
21157131
39150221
8419946
7141467
6565457
16550
3011996
4954802
28162771
119125
30686744
40339612
5685325
292779
12168169
1767452
35809191
39225881
36519932
45711940
176882
285096
292380
5556
60435
31522
40612348
9592574
3191319
3002024
245250
3787993
43155694
262145
6927796
14291728
2890920
1494629
129076
232446
7902418
11539155
37980202
44301103
326345
4468112
40839583
136903
4590289
47241463
49079009
207552
1572828
647039
279501
23140520
273201
7491207
99634
337824
6649846
4110172
345490
31679757
7857415
142853
351763
30532721
1543724
11972054
92106
581564
9199623
86521
940337
2556263
3209606
3226781
10869275
721633
37392267
338585
10454004
57739470
33243319
10801627
28214242
6665322
39100588
32569485
60736
43798414
382562
2108567
3021387
3226375
645428
22891085
46288878
51819015
88368
3163380
44258
178943
5456665
13162779
7012352
41067600
36751668
38137663
35081647
23244043
9857
8315140
2755469
1229638
2862684
2487354
44616324
49911940
286590
1588933
7309073
1441624
2886689
32466998
10988269
2185760
4138486
328040
7844291
7531010
9723912
58292677
44230711
46816449
430944
800047
3388628
4723171
8093890
51732814
1452880
167402
282455
1441554
2295384
2472810
2548587
6491222
6622854
6808098
7354428
7745062
8194049
9065152
34402476
34471801
39537769
43709409
44238738
45088054
49614666
49733000
51615496
52509128
57817940
62058962
212757
123326
13845883
5753415
43569372
30065
35584449
8547795
42019608
54795762
5765290
1160678
40119199
56690189
12385852
161426
11966148
32055789
47213433
94412
3616729
4718520
25633430
19561244
11499950
1687899
39553651
589838
56913860
39348062
502530
46823905
52240387
22165987
57685764
1222274
42171306
39258421
10389961
10141410
53898675
718764
37765892
76136
1701948
8824807
33874322
2516545
9726399
50629939
232447
31566192
34321007
13422790
3470369
16153090
1369123
42568642
452358
9075626
38443623
2497072
37604110
390647
40653423
1960118
1956909
12258421
36646488
42715617
8427131
6727394
572221
1333907
480819
12489064
573751
33526542
2633170
17040080
30695594
46139284
2308002
636559
41081304
5680965
11366802
44786038
889112
1070464
37858241
41739150
48152968
5556969
672859
8143827
7814928
13633475
34772484
205248
3102388
394231
39277352
36376559
6178081
42773559
1264702
13667
1409196
989084
10880943
5661794
2366637
302879
1213959
1326035
8675503
6098808
12257954
6188332
944719
6361333
8703171
9441639
36319134
36532498
40350488
9166414
830834
10851577
9318942
149515
2219171
4780733
32849086
33566819
3742855
49782814
309807
13396141
9588722
508467
3608477
1295880
2890221
7012719
9046624
13192167
56600348
12960720
33158498
34636554
35713712
35811233
36829017
38751897
40316378
41330949
41456171
42831773
2926597
4782739
160093
379701
1935638
3928712
30453060
160895
574484
62543081
45947743
671124
37579487
2638034
8928354
3733192
5263941
7513542
4890403
7038105
243851
51706469
13244209
11177673
413359
12142969
8330939
113339
26083
580774
14739577
51977833
8565157
47957203
1180461
42003439
2936966
1230781
41273649
33229595
1276564
7114299
4706319
52693001
12218020
40757423
6548689
39617927
59682329
12259996
35391675
2775088
9495516
11256635
31460839
34861051
35633300
35633353
35713829
36156003
37482792
39943194
40348942
40551547
40669792
40774008
41219754
42702579
42924666
45416172
45613490
45929559
46010471
46094839
46112917
46160529
46195997
46481654
46525826
46549372
46573217
46608468
46661172
46682445
46684452
46788438
46791556
47128536
47200268
47337824
47511349
47627512
47680154
47854302
47884492
48004672
48393737
48747533
48932867
49183275
49191118
49514044
49526904
49527906
49527919
49659655
49860917
49867478
49876752
49926304
50112758
50113920
50392607
51435186
51706402
51706425
51706457
51706464
51706467
51739314
51763531
51772173
51790487
51876068
52114016
52117881
52166692
52268159
52432559
52446836
52495682
52544782
52578453
52604857
52605558
52667803
52669732
52677717
52680329
52681685
52689530
52689610
52690616
52692325
52694439
52806084
52807296
52807516
52807983
52812424
52823557
52825361
52827298
52864349
52894633
52894944
52895366
52936214
52939998
52965542
52970550
52978845
52992674
53009504
53031717
53077945
53268486
53721273
53741656
53880443
53884527
53907632
54096794
54135909
54200220
54244046
54307047
54311170
54356611
54379316
54949417
55227627
55230769
55296859
55324949
55344966
55468887
55701947
55977032
56026867
56181415
56202728
56254009
56273470
56643842
56735978
56772796
56983802
57007013
57034044
57072915
57083195
57095227
57130168
57474988
57608840
57641157
57850949
57876218
57909547
57991041
58133544
58262163
58424610
58525768
58533618
58594044
58820019
58874459
58899215
58956553
59040627
59058674
59170167
59314279
59529621
59639583
59698515
59733632
60009919
60014137
60161147
60232459
60306218
60436496
60594462
60687859
60759657
60965227
61048281
61150410
61470002
62139471
62168976
62233603
62480913
62591160
62766580
62966146
62998089
63233045
63274608
63371557
63483766
63503016
63521107
63574187
63586251
63665327
63688484
63688939
63717429
63720607
63805518
63806597
63872640
63927578
63939952
63962538
63984283
64230872
64528402
64599262
36696579
221367
41601637
2596476
1386873
10314956
6823356
11997825
6408504
9097036
11880225
12265999
32002868
32828902
2446867
7002400
1544623
4589510
2755251
6859037
534778
44253364
3788790
13695183
5010151
4874577
2505758
6818572
1747077
30941354
279488
1173896
1236287
6769623
4024124
1456829
10572796
2202116
32771750
35290261
43567104
45180423
46213667
46436563
46894917
48345690
1222369
55600977
10970757
9629735
34707829
2382387
8579327
31222804
5862997
11681632
36713511
688171
784106
36684210
11581654
1724490
119087
1412745
11014071
1519398
64197340
34903014
39247923
40008639
43130088
43727247
2517529
36997714
38240517
8320839
31956680
1550681
36637710
1632041
19764246
51802969
37720539
1810257
50804310
34080589
19942414
43806722
40661111
2021632
10428329
2825389
2755100
2755130
4217372
59739902
2399856
4651895
717168
188388
5116011
4545240
7739263
825215
826894
36312736
3934301
38327956
39637507
31487950
2756329
7610754
1601512
2039969
12245213
34056153
35937104
37127086
40588413
75476
581784
43387497
51842939
51952279
52916916
56739405
61524551
37677881
286348
1005787
244523
37613320
39285307
39509854
40324862
1804588
35967535
35677917
3213481
4302191
1081322
2163176
83918
29066924
610485
4846867
9036809
2305223
34779330
40890455
23737417
30640166
36559431
10285689
7009507
8540813
2685492
1273461
41046409
2890107
8732936
2821323
6199763
7377080
3978641
58222663
2006980
8167633
10770715
3467516
4965069
39963295
52237793
3592029
45480949
1574712
1192600
661037
12046506
674146
1066977
2610141
32897835
33645404
12500787
8711836
65304534
1891264
38872587
33842585
2745943
1587117
36700079
6969001
3102864
731434
496412
2890436
1016652
5033436
4284043
6221887
35144247
2608435
39678850
8401150
33360553
36534588
3201254
39962094
759855
31278885
38350731
34353380
836128
6129144
7821683
34463435
4258576
1829577
3120016
9606231
3069283
7914835
3104715
746043
316460
12537995
3137247
3143542
57888
31912588
1761114
3928983
32678241
3283818
1283103
382846
1205809
275889
4435676
596185
1552280
4761225
32587001
846875
8245574
7359323
8418357
3939734
11337018
665521
5631632
3394839
1232050
2018146
3646992
15710
76743
3957923
30887888
37979674
7882677
726452
3878383
2520945
3257874
38913878
30654832
3078756
4648715
6299847
39962156
5977953
3129971
2863121
2772083
2628808
8071829
3699840
9144245
7633487
5898785
264255
4445392
11885458
3310963
12297773
9382693
3774619
30793013
30491014
2268049
10377036
39847140
855813
5725818
33255883
1268286
33623722
186664
5425017
2559257
31576337
139183
1416149
7155070
11087612
6173586
12213688
39845299
32990289
5455929
2041391
2132795
32792017
2521342
930127
10215661
4995001
4935219
4299804
1812915
5827809
1770238
82530
10228584
3813543
4312266
7075938
5709803
3823489
5949433
8467931
41633238
3063913
32078987
4898632
5500736
6425794
3650490
5682952
6884203
13300153
35013629
36161269
3137585
1232372
3179361
675391
6504431
37808455
519070
4623743
1941923
6345563
7059471
56650987
59676174
60819137
7260199
21542531
5569007
8973813
42540330
11416081
570346
7531697
8682437
7606802
9093982
34218079
12436518
7979843
37221890
1678455
1696777
8153562
6995716
4969578
67591496
8472475
2396201
901455
878004
31606285
8712675
8349167
60314444
39449550
40476304
3267059
38592726
9183485
9437886
9313069
7527710
39261182
41836389
8503695
3246744
1167996
169979
40860824
159242
6661156
1160617
11066479
12404659
10302936
11348685
10455272
7485351
12309187
30373174
10590827
10005239
10950255
12541978
10725819
11127712
31160887
8003796
32681168
47289373
31615373
1113333
4600586
13403647
55772364
3369189
10348321
8591610
1396675
1618549
12479599
12409057
12524099
3790788
38860526
10953860
12782983
181205
33296109
12393871
36319221
11786212
32834917
30418355
40198225
39252399
5045042
45368391
31345947
2464013
12788393
11415865
38254627
31534997
6323375
6405100
32347075
32674193
9312449
3109216
7627225
21904184
32783976
14257121
53285540
11454710
37276096
33310175
33907098
36427929
33471268
35798413
11698883
2541318
12344369
7944134
37355765
35017601
3476875
32258167
36192044
36294485
9402034
6457136
35669680
12557773
37095010
1356613
40363931
37753586
37800642
36896060
40137788
18118118
60668979
41744034
41558377
31566398
1697108
44083978
33910950
5805657
443023
10817730
54574713
439197
3607327
538670
6245398
1462495
5505
6059
73704
78645
79791
88595
117830
156440
519140
553143
2061191
19668382
4070347
1232398
11415467
12143287
13564935
3762902
132417
11322731
7478638
6704360
5114269
632987
13758807
1749793
16503457
2264029
3982251
8699185
2852307
7498965
4675444
3822003
6523179
766946
933849
1579096
2123363
4082399
1260299
39184403
2646048
3774867
5016872
3175818
206265
5545516
206408
11626614
6120214
1543883
9514815
8315964
790861
881002
2632851
11761107
31442793
3753474
1134580
46405169
110902
136835
5943292
7108513
10002757
11415474
873691
7668376
880902
7453600
7570667
2255510
10030065
10691233
11417025
34648056
41410582
6545213
3765639
7347626
11161901
41557989
3714732
10003090
10281092
11420871
31566734
940132
41558079
10004786
2017878
1751834
2092649
40356335
3001625
873266
8128377
6546693
34265889
6995450
10002871
36792620
11173330
11670367
3776247
18868763
31565802
41558049
42224304
7719313
7006549
41558122
1144125
8728751
8551952
41559480
3803097
1695273
6997298
6996681
3802657
3846651
6881057
7278827
10677607
1419436
41558984
6548203
11050218
11420048
10002895
10463628
31367499
2986672
31567462
3777780
41558167
6995434
41558813
41559548
10003596
6275925
36543387
32254093
35259491
31441730
41558165
41558120
22392473
2888384
12474196
31566302
35630410
4395007
7002346
10350320
41559562
41558823
2638195
32112387
46406120
7972685
43728430
7765878
31571206
7017737
41558538
41559495
41558578
31003202
14757759
41568432
41559925
41560919
14727275
31572720
34525488
36433846
36968307
39200881
41560623
7924584
14161393
41558212
45388650
2071567
2409012
41561060
35477147
42347255
41566667